id,R-ids,datasets,input_reaction,expected_reaction,wrong_reactions,llm_predicted,is_balanced,exact_match,final_status,error
0,['golden_dataset_1'],['golden_dataset'],[CH3:1][C:2](=[O:3])[CH2:4][S:5][CH2:6][CH:7]=[CH2:8].[NH2:11][CH:10]([CH3:9])[CH:12]([OH:13])[CH:14]=[CH2:15]>>[CH:14](=[CH:7][CH2:6][S:5][CH2:4][C:2]([CH3:1])=[O:3])[CH:12]([OH:13])[CH:10]([NH2:11])[CH3:9],CC(=O)CSCC=C.NC(C)C(O)C=C.[O]>>C(=CCSCC(C)=O)C(O)C(N)C.CC=O,[],[CH3:1][C:2](=[O:3])[CH2:4][S:5][CH2:6][CH:7]=[CH2:8].[NH2:11][CH:10]([CH3:9])[CH:12]([OH:13])[CH:14]=[CH2:15]>>[CH:14](=[CH:7][CH2:6][S:5][CH2:4][C:2]([CH3:1])=[O:3])[CH:12]([OH:13])[CH:10]([NH2:11])[CH3:9].C=C,True,False,balanced,
4,['golden_dataset_11'],['golden_dataset'],[CH2:7]([CH2:8][CH2:9][CH:10]=[CH2:11])[CH3:6].[CH3:1][C:2](=[O:3])[CH:4]=[CH2:5]>>[CH2:7]([CH2:8][CH2:9][CH:10]=[CH:4][C:2]([CH3:1])=[O:3])[CH3:6],C(CCC=C)C.CC(=O)C=C.[O]>>C(CCC=CC(C)=O)C.CC=O,[],C=CCCC.C=CC(C)=O>>CCCC=CC(C)=O.C=C,True,False,balanced,
6,['golden_dataset_16'],['golden_dataset'],[CH2:22]([CH3:23])[O:21][P:19]([O:24][CH2:25][CH3:26])(=[O:20])[CH:13]([C:11]([O:10][CH2:15][CH3:2])=[O:12])[O:16][CH2:1][CH:17]=[CH2:18].[CH:7]=1[CH:8]=[CH:9][C:4](=[CH:5][CH:6]=1)[CH:3]=[O:14].[OH2:27]>>[CH:17]([CH2:18][CH:3]([C:13]([C:11]([OH:27])=[O:12])=[O:16])[C:4]=1[CH:9]=[CH:8][CH:7]=[CH:6][CH:5]=1)=[CH2:1],[CH:7]=1[CH:8]=[CH:9][C:4](=[CH:5][CH:6]=1)[CH:3]=[O:14].[CH2:22]([CH3:23])[O:21][P:19]([O:24][CH2:25][CH3:26])(=[O:20])[CH:13]([C:11]([O:10][CH2:15][CH3:2])=[O:12])[O:16][CH2:1][CH:17]=[CH2:18].[OH2:27]>>CCOP(=O)(O)OCC.CCO.[CH:17]([CH2:18][CH:3]([C:13]([C:11]([OH:27])=[O:12])=[O:16])[C:4]=1[CH:9]=[CH:8][CH:7]=[CH:6][CH:5]=1)=[CH2:1],['C=CCOC(C(=O)OCC)P(=O)(OCC)OCC.O=Cc1ccccc1.O>>C=CCC(C(=O)C(=O)O)c1ccccc1'],[CH2:22]([CH3:23])[O:21][P:19]([O:24][CH2:25][CH3:26])(=[O:20])[CH:13]([C:11]([O:10][CH2:15][CH3:2])=[O:12])[O:16][CH2:1][CH:17]=[CH2:18].[CH:7]=1[CH:8]=[CH:9][C:4](=[CH:5][CH:6]=1)[CH:3]=[O:14].[OH2:27]>>[CH:17]([CH2:18][CH:3]([C:13]([C:11]([OH:27])=[O:12])=[O:16])[C:4]=1[CH:9]=[CH:8][CH:7]=[CH:6][CH:5]=1)=[CH2:1].[CH3:23][CH2:22][OH:21].[CH3:26][CH2:25][OH:24].[O:20]=[P:19]([OH:10])([OH:15])[OH:16],False,False,unbalanced,
15,['Jaworski_320'],['Jaworski'],COc1ccc(cc1)N1CCN(CC1)C(=O)C(CC(C)C)C1OC(C)(C)OC1=O.NO>>COc1ccc(cc1)N1CCN(CC1)C(=O)C(CC(C)C)C(O)C(=O)NO,COc1ccc(cc1)N1CCN(CC1)C(=O)C(CC(C)C)C1OC(C)(C)OC1=O.NO.O>>COc1ccc(cc1)N1CCN(CC1)C(=O)C(CC(C)C)C(O)C(=O)NO.CC(C)=O.O,[],COc1ccc(cc1)N1CCN(CC1)C(=O)C(CC(C)C)C1OC(C)(C)OC1=O.NO>>COc1ccc(cc1)N1CCN(CC1)C(=O)C(CC(C)C)C(O)C(=O)NO.CC(C)=O,True,False,balanced,
16,['golden_dataset_34'],['golden_dataset'],[C:9]([C:10]1=[CH:11][CH:12]=[CH:13][C:14](=[CH:16]1)[Cl:15])(=[O:8])[O:17][OH:18].[CH:6]1=[CH:5][CH:4]=[C:3]([O:7]1)[CH2:2][OH:1]>>[CH:6]1([O:1][CH2:2][C:3]([CH:4]=[CH:5]1)=[O:7])[OH:18],nan,['O=C(OO)c1cccc(Cl)c1.OCc1ccco1>>O=C1C=CC(O)OC1'],[C:9]([C:10]1=[CH:11][CH:12]=[CH:13][C:14](=[CH:16]1)[Cl:15])(=[O:8])[O:17][OH:18].[CH:6]1=[CH:5][CH:4]=[C:3]([O:7]1)[CH2:2][OH:1]>>[CH:6]1([O:1][CH2:2][C:3]([CH:4]=[CH:5]1)=[O:7])[OH:18].O=C(O)c1ccccc1Cl,True,False,balanced,
20,['golden_dataset_42'],['golden_dataset'],[CH2:21]=[CH:20][CH2:19][I:18].[CH3:15][C:14]([CH3:16])([CH3:17])[O:13][C:11]([NH:10][CH:5]([C:3]([O:2][CH3:1])=[O:4])[CH2:6][CH2:7][S:8][CH3:9])=[O:12]>>[CH3:15][C:14]([CH3:16])([CH3:17])[O:13][C:11]([NH:10][CH:5]([C:3]([O:2][CH3:1])=[O:4])[CH2:6][CH2:7][S:8][CH2:19][CH:20]=[CH2:21])=[O:12],C=CCI.[O].CC(C)(C)OC(NC(C(OC)=O)CCSC)=O>>OCI.CC(C)(C)OC(NC(C(OC)=O)CCSCC=C)=O,[],[CH2:21]=[CH:20][CH2:19][I:18].[CH3:15][C:14]([CH3:16])([CH3:17])[O:13][C:11]([NH:10][CH:5]([C:3]([O:2][CH3:1])=[O:4])[CH2:6][CH2:7][S:8][CH3:9])=[O:12]>>[CH3:15][C:14]([CH3:16])([CH3:17])[O:13][C:11]([NH:10][CH:5]([C:3]([O:2][CH3:1])=[O:4])[CH2:6][CH2:7][S:8][CH2:19][CH:20]=[CH2:21])=[O:12].[CH3:9][I:18],True,False,balanced,
21,['golden_dataset_44'],['golden_dataset'],[CH2:8]1[O:9][C:10]2([CH2:11][CH2:12][CH2:13][CH2:14][CH2:15]2)[O:16][CH2:17][C:4]1([CH2:5][CH:6]=[CH2:7])[N+:2](=[O:3])[O-:1].[CH2:23]=[CH:22][C:20]([O:19][CH3:18])=[O:21]>>[O:9]1[CH2:8][C:4]([CH2:17][O:16][C:10]12[CH2:11][CH2:12][CH2:13][CH2:14][CH2:15]2)([N+:2]([O-:1])=[O:3])[CH2:5][CH:6]=[CH:22][C:20](=[O:21])[O:19][CH3:18],C1OC2(CCCCC2)OCC1(CC=C)[N+](=O)[O-].C=CC(OC)=O.[O]>>O1CC(COC12CCCCC2)([N+]([O-])=O)CC=CC(=O)OC.CC=O,[],[CH2:8]1[O:9][C:10]2([CH2:11][CH2:12][CH2:13][CH2:14][CH2:15]2)[O:16][CH2:17][C:4]1([CH2:5][CH:6]=[CH2:7])[N+:2](=[O:3])[O-:1].[CH2:23]=[CH:22][C:20]([O:19][CH3:18])=[O:21]>>[O:9]1[CH2:8][C:4]([CH2:17][O:16][C:10]12[CH2:11][CH2:12][CH2:13][CH2:14][CH2:15]2)([N+:2]([O-:1])=[O:3])[CH2:5][CH:6]=[CH:22][C:20](=[O:21])[O:19][CH3:18].C=CC,False,False,unbalanced,
27,['Jaworski_138'],['Jaworski'],CC(C)(C)N(CC([O-])=O)C(=O)C1=C(O)C2(CCOCC2)c2c(Cl)cccc2C1=O>>OC(=O)CNC(=O)C1=C(O)C2(CCOCC2)c2c(Cl)cccc2C1=O,N.CC(C)(C)N(CC([O-])=O)C(=O)C1=C(O)C2(CCOCC2)c2c(Cl)cccc2C1=O.[H+]>>OC(=O)CNC(=O)C1=C(O)C2(CCOCC2)c2c(Cl)cccc2C1=O.CC(C)(C)N,[],CC(C)(C)N(CC([O-])=O)C(=O)C1=C(O)C2(CCOCC2)c2c(Cl)cccc2C1=O>>OC(=O)CNC(=O)C1=C(O)C2(CCOCC2)c2c(Cl)cccc2C1=O.CC(C)=C,False,False,unbalanced,
42,['Jaworski_231'],['Jaworski'],COC(=O)c1nn(CCN=[N+]=[N-])c(C(=O)OC)c1OCc1ccccc1>>COC(=O)c1nn2CCNC(=O)c2c1OCc1ccccc1,nan,['COC(=O)c1nn(CCN=[N+]=[N-])c(C(=O)OC)c1OCc1ccccc1>>COC(=O)c1nn2c(c1OCc1ccccc1)C(=O)NCC2'],COC(=O)c1nn(CCN=[N+]=[N-])c(C(=O)OC)c1OCc1ccccc1>>COC(=O)c1nn2CCNC(=O)c2c1OCc1ccccc1.CO,False,False,unbalanced,
52,['Jaworski_276'],['Jaworski'],CCCC(CC(=O)OC)C[N+]([O-])=O>>CCCC1CNC(=O)C1,[H].[H].[H].[H].[H].[H].CCCC(CC(=O)OC)C[N+]([O-])=O>>O.O.CCCC1CNC(=O)C1.CO,[],CCCC(CC(=O)OC)C[N+]([O-])=O>>CCCC1CNC(=O)C1.CO,False,False,unbalanced,
63,['Jaworski_308'],['Jaworski'],CCOC(=O)CC(C[N+]([O-])=O)c1cc2ccccc2o1>>O=C1CC(CN1)c1cc2ccccc2o1,CCOC(=O)CC(C[N+]([O-])=O)c1cc2ccccc2o1>>O=C1CC(CN1)c1cc2ccccc2o1.CCO.O.[OH-],[],CCOC(=O)CC(C[N+]([O-])=O)c1cc2ccccc2o1>>O=C1CC(CN1)c1cc2ccccc2o1.CCO.CO2,False,False,unbalanced,
65,['Jaworski_326'],['Jaworski'],CC(C)(C)OC(=O)NCC1CO1.Cc1ccc(N)cc1F.CN(C)C=O>>Cc1ccc(cc1F)N1CC(CNC(=O)OC(C)(C)C)OC1=O,CC(C)(C)OC(=O)NCC1CO1.Cc1ccc(N)cc1F.CN(C)C=O.[O]>>Cc1ccc(cc1F)N1CC(CNC(=O)OC(C)(C)C)OC1=O.CNC.O,[],CC(C)(C)OC(=O)NCC1CO1.Cc1ccc(N)cc1F.CN(C)C=O>>Cc1ccc(cc1F)N1CC(CNC(=O)OC(C)(C)C)OC1=O.CN(C)C=O,False,False,unbalanced,
68,['Jaworski_369'],['Jaworski'],CCOC(C)(OCC)OCC.OCC(CO)(CO)CO>>CC12OCC(CO)(CO1)CO2,nan,['CCOC(C)(OCC)OCC.OCC(CO)(CO)CO>>CC12OCC(CO)(CO1)CO2'],CCOC(C)(OCC)OCC.OCC(CO)(CO)CO>>CC12OCC(CO)(CO1)CO2.CCOC(C)(OCC)OCC.OCC(CO)(CO)CO,False,False,unbalanced,
69,['Jaworski_382'],['Jaworski'],O=C(n1ccnc1)n1ccnc1.CC(C)(C)OC(=O)N1CCC(CC1)NCc1ccccc1[N+]([O-])=O>>CC(C)(C)OC(=O)N1CCC(CC1)N1Cc2ccccc2NC1=O,nan,['CC(C)(C)OC(=O)N1CCC(NCc2ccccc2[N+](=O)[O-])CC1.O=C(n1ccnc1)n1ccnc1>>CC(C)(C)OC(=O)N1CCC(N2Cc3ccccc3NC2=O)CC1'],O=C(n1ccnc1)n1ccnc1.CC(C)(C)OC(=O)N1CCC(CC1)NCc1ccccc1[N+]([O-])=O>>CC(C)(C)OC(=O)N1CCC(CC1)N1Cc2ccccc2NC1=O.O=Cn1ccnc1,False,False,unbalanced,
70,['golden_dataset_184'],['golden_dataset'],[O:13]=[CH:12][C:11]1=[C:14]([OH:15])[C:7]([O:6][CH3:5])=[CH:8][CH:9]=[CH:10]1.[OH:1][OH:2].[OH:3][OH:4]>>[OH:15][C:14]1=[C:11]([OH:2])[CH:10]=[CH:9][CH:8]=[C:7]1[O:6][CH3:5],O=CC1=C(O)C(OC)=CC=C1.OO.OO>>OC1=C(O)C=CC=C1OC.O=CO.OO,[],[O:13]=[CH:12][C:11]1=[C:14]([OH:15])[C:7]([O:6][CH3:5])=[CH:8][CH:9]=[CH:10]1.[OH:1][OH:2].[OH:3][OH:4]>>[OH:15][C:14]1=[C:11]([OH:2])[CH:10]=[CH:9][CH:8]=[C:7]1[O:6][CH3:5].[O:13]=[CH:12][OH:1].[OH:3][OH:4],True,False,balanced,
71,['golden_dataset_186'],['golden_dataset'],[C:9](=[O:14])([CH3:8])[O:10][C:11](=[O:13])[CH3:12].[C:16](=[O:21])([CH3:15])[O:17][C:18](=[O:20])[CH3:19].[CH2:2]([OH:1])[CH2:3][CH2:4][CH2:5][CH2:6][OH:7]>>[C:11]([O:1][CH2:2][CH2:3][CH2:4][CH2:5][CH2:6][O:7][C:18](=[O:20])[CH3:19])(=[O:13])[CH3:12],[C:9](=[O:14])([CH3:8])[O:10][C:11](=[O:13])[CH3:12].[C:16](=[O:21])([CH3:15])[O:17][C:18](=[O:20])[CH3:19].[CH2:2]([OH:1])[CH2:3][CH2:4][CH2:5][CH2:6][OH:7]>>[C:11]([O:1][CH2:2][CH2:3][CH2:4][CH2:5][CH2:6][O:7][C:18](=[O:20])[CH3:19])(=[O:13])[CH3:12].[OH:10][C:11]([CH3:12])=[O:13].[OH:17][C:18]([CH3:19])=[O:20],[],[C:9](=[O:14])([CH3:8])[O:10][C:11](=[O:13])[CH3:12].[C:16](=[O:21])([CH3:15])[O:17][C:18](=[O:20])[CH3:19].[CH2:2]([OH:1])[CH2:3][CH2:4][CH2:5][CH2:6][OH:7]>>[C:11]([O:1][CH2:2][CH2:3][CH2:4][CH2:5][CH2:6][O:7][C:18](=[O:20])[CH3:19])(=[O:13])[CH3:12].[C:9](=[O:14])([CH3:8])[O:10][C:16](=[O:21])[CH3:15],False,False,unbalanced,
73,['golden_dataset_194'],['golden_dataset'],[CH:6]1=[C:5]([NH2:4])[CH:10]=[CH:9][C:8]([N+:11]([O-:12])=[O:13])=[CH:7]1.[CH3:14][C:15]1([CH3:16])[C:20]([CH3:21])([CH3:22])[O:19][B:18]([O:17]1)[B:23]2[O:24][C:25]([CH3:30])([CH3:31])[C:26]([CH3:28])([CH3:29])[O:27]2.[N:2]([O-:1])=[O:3]>>[CH3:14][C:15]1([CH3:16])[C:20]([CH3:21])([CH3:22])[O:19][B:18]([O:17]1)[C:5]=2[CH:10]=[CH:9][C:8](=[CH:7][CH:6]=2)[N+:11]([O-:12])=[O:13],C1=C(N)C=CC([N+]([O-])=O)=C1.CC1(C)C(C)(C)OB(O1)B2OC(C)(C)C(C)(C)O2.N([O-])=O>>CC1(C)C(C)(C)OB(O1)C=2C=CC(=CC=2)[N+]([O-])=O.CC1(C)OB(N)OC1(C)C.O=N[O-],[],[CH:6]1=[C:5]([NH2:4])[CH:10]=[CH:9][C:8]([N+:11]([O-:12])=[O:13])=[CH:7]1.[CH3:14][C:15]1([CH3:16])[C:20]([CH3:21])([CH3:22])[O:19][B:18]([O:17]1)[B:23]2[O:24][C:25]([CH3:30])([CH3:31])[C:26]([CH3:28])([CH3:29])[O:27]2.[N:2]([O-:1])=[O:3]>>[CH3:14][C:15]1([CH3:16])[C:20]([CH3:21])([CH3:22])[O:19][B:18]([O:17]1)[C:5]=2[CH:10]=[CH:9][C:8](=[CH:7][CH:6]=2)[N+:11]([O-:12])=[O:13].[CH3:28][C:29]([CH3:30])([O:31])[B:23]2[O:24][C:25]([CH3:32])([CH3:33])[C:26]([CH3:34])([CH3:35])[O:27]2.N,False,False,unbalanced,
74,['golden_dataset_196'],['golden_dataset'],[CH2:21]([CH2:20][NH2:19])[C:22]1=[CH:23][CH:24]=[CH:25][CH:26]=[CH:27]1.[CH:15]=1[CH:16]=[CH:17][C:12](=[CH:13][CH:14]=1)[CH:11]=[O:18].[CH3:1][C:2]([CH3:3])([CH3:4])[O:5][O:6][C:7]([CH3:8])([CH3:9])[CH3:10]>>[CH:14]1=[CH:13][C:12]([C:11]([NH:19][CH2:20][CH2:21][C:22]=2[CH:23]=[CH:24][CH:25]=[CH:26][CH:27]=2)=[O:18])=[CH:17][CH:16]=[CH:15]1,C(CN)C1=CC=CC=C1.C=1C=CC(=CC=1)C=O.CC(C)(C)OOC(C)(C)C.[O]>>C1=CC(C(NCCC=2C=CC=CC=2)=O)=CC=C1.CC(C)(C)OOC(C)(C)C.O,[],[CH2:21]([CH2:20][NH2:19])[C:22]1=[CH:23][CH:24]=[CH:25][CH:26]=[CH:27]1.[CH:15]=1[CH:16]=[CH:17][C:12](=[CH:13][CH:14]=1)[CH:11]=[O:18].[CH3:1][C:2]([CH3:3])([CH3:4])[O:5][O:6][C:7]([CH3:8])([CH3:9])[CH3:10]>>[CH:14]1=[CH:13][C:12]([C:11]([NH:19][CH2:20][CH2:21][C:22]=2[CH:23]=[CH:24][CH:25]=[CH:26][CH:27]=2)=[O:18])=[CH:17][CH:16]=[CH:15]1.CC(C)(C)O.CC(C)(C)O,True,False,balanced,
75,['golden_dataset_197'],['golden_dataset'],[CH:9]=1[CH:10]=[C:11]([C:12]([OH:13])=[O:14])[C:6](=[CH:7][CH:8]=1)[NH2:5].[O:22]=[S:20](=[O:23])([Cl:21])[C:19]1=[CH:18][CH:17]=[C:16]([CH3:15])[CH:25]=[CH:24]1.[O-:1][C:2]([O-:3])=[O:4]>>[O:22]=[S:20](=[O:23])([NH:5][C:6]=1[C:11](=[CH:10][CH:9]=[CH:8][CH:7]=1)[C:12](=[O:14])[O-:13])[C:19]2=[CH:18][CH:17]=[C:16]([CH3:15])[CH:25]=[CH:24]2,[CH:9]=1[CH:10]=[C:11]([C:12]([OH:13])=[O:14])[C:6](=[CH:7][CH:8]=1)[NH2:5].[O-:1][C:2]([O-:3])=[O:4].[O:22]=[S:20](=[O:23])([Cl:21])[C:19]1=[CH:18][CH:17]=[C:16]([CH3:15])[CH:25]=[CH:24]1>>[O:22]=[S:20](=[O:23])([NH:5][C:6]=1[C:11](=[CH:10][CH:9]=[CH:8][CH:7]=1)[C:12](=[O:14])[O-:13])[C:19]2=[CH:18][CH:17]=[C:16]([CH3:15])[CH:25]=[CH:24]2.[Cl-:21].[O:3]=[C:2]=[O:4].[OH2:1],[],[CH:9]=1[CH:10]=[C:11]([C:12]([OH:13])=[O:14])[C:6](=[CH:7][CH:8]=1)[NH2:5].[O:22]=[S:20](=[O:23])([Cl:21])[C:19]1=[CH:18][CH:17]=[C:16]([CH3:15])[CH:25]=[CH:24]1.[O-:1][C:2]([O-:3])=[O:4]>>[O:22]=[S:20](=[O:23])([NH:5][C:6]=1[C:11](=[CH:10][CH:9]=[CH:8][CH:7]=1)[C:12](=[O:14])[O-:13])[C:19]2=[CH:18][CH:17]=[C:16]([CH3:15])[CH:25]=[CH:24]2.[Cl-:21].[OH-:1].[O:3]=[C:2]=[O:4].[Na+].[Na+],False,False,unbalanced,
89,['golden_dataset_228'],['golden_dataset'],[CH3:24][N:23]([CH3:25])[C:6]([C:7]1=[CH:8][CH:9]=[CH:10][C:11](=[C:15]1[CH:16]=[CH:17][C:18]2=[CH:19][CH:20]=[CH:21][O:22]2)[N+:12]([O-:13])=[O:14])=[O:5].[C-:2]#[O+:1].[C-:4]#[O+:3]>>[CH3:24][N:23]([CH3:25])[C:6]([C:7]=1[CH:8]=[CH:9][CH:10]=[C:11]2[NH:12][C:17]([C:18]=3[O:22][CH:21]=[CH:20][CH:19]=3)=[CH:16][C:15]=12)=[O:5],[C-:4]#[O+:3].[C-:2]#[O+:1].[CH3:24][N:23]([CH3:25])[C:6]([C:7]1=[CH:8][CH:9]=[CH:10][C:11](=[C:15]1[CH:16]=[CH:17][C:18]2=[CH:19][CH:20]=[CH:21][O:22]2)[N+:12]([O-:13])=[O:14])=[O:5]>>O=C=O.O=C=O.[CH3:24][N:23]([CH3:25])[C:6]([C:7]=1[CH:8]=[CH:9][CH:10]=[C:11]2[NH:12][C:17]([C:18]=3[O:22][CH:21]=[CH:20][CH:19]=3)=[CH:16][C:15]=12)=[O:5],[],[CH3:24][N:23]([CH3:25])[C:6]([C:7]1=[CH:8][CH:9]=[CH:10][C:11](=[C:15]1[CH:16]=[CH:17][C:18]2=[CH:19][CH:20]=[CH:21][O:22]2)[N+:12]([O-:13])=[O:14])=[O:5].[C-:2]#[O+:1].[C-:4]#[O+:3]>>[CH3:24][N:23]([CH3:25])[C:6]([C:7]=1[CH:8]=[CH:9][CH:10]=[C:11]2[NH:12][C:17]([C:18]=3[O:22][CH:21]=[CH:20][CH:19]=3)=[CH:16][C:15]=12)=[O:5].O=C=O.O=C=O,True,True,balanced,
90,['golden_dataset_229'],['golden_dataset'],[CH2:25]1[CH2:26][CH2:27][CH2:28][N:24]1[C:23]([C:22]2=[CH:21][CH:20]=[CH:19][C:15](=[C:14]2[CH:13]=[CH:12][C:9]3=[CH:8][CH:7]=[C:6]([F:5])[CH:11]=[CH:10]3)[N+:16](=[O:18])[O-:17])=[O:29].[C-:1]#[O+:2].[C-:3]#[O+:4]>>[CH2:25]1[CH2:26][CH2:27][CH2:28][N:24]1[C:23](=[O:29])[C:22]=2[C:14]3=[C:15]([NH:16][C:12]([C:9]=4[CH:10]=[CH:11][C:6](=[CH:7][CH:8]=4)[F:5])=[CH:13]3)[CH:19]=[CH:20][CH:21]=2,nan,['O=C(c1cccc([N+](=O)[O-])c1C=Cc1ccc(F)cc1)N1CCCC1.[C-]#[O+].[C-]#[O+]>>O=C(c1cccc2[nH]c(-c3ccc(F)cc3)cc12)N1CCCC1.[C-]#[O+].[C-]#[O+].[OH-].O'],[CH2:25]1[CH2:26][CH2:27][CH2:28][N:24]1[C:23]([C:22]2=[CH:21][CH:20]=[CH:19][C:15](=[C:14]2[CH:13]=[CH:12][C:9]3=[CH:8][CH:7]=[C:6]([F:5])[CH:11]=[CH:10]3)[N+:16](=[O:18])[O-:17])=[O:29].[C-:1]#[O+:2].[C-:3]#[O+:4]>>[CH2:25]1[CH2:26][CH2:27][CH2:28][N:24]1[C:23](=[O:29])[C:22]=2[C:14]3=[C:15]([NH:16][C:12]([C:9]=4[CH:10]=[CH:11][C:6](=[CH:7][CH:8]=4)[F:5])=[CH:13]3)[CH:19]=[CH:20][CH:21]=2.O=C=O.O=C=O,True,False,balanced,
92,['golden_dataset_231'],['golden_dataset'],[CH2:29]1[CH2:28][N:27]([CH2:32][CH2:31][O:30]1)[C:6]([C:7]2=[CH:8][CH:9]=[CH:10][C:11]([N+:12]([O-:13])=[O:14])=[C:15]2[CH:16]=[CH:17][C:18]3=[CH:23][CH:22]=[C:21]4[O:24][CH2:25][O:26][C:20]4=[CH:19]3)=[O:5].[C-:1]#[O+:2].[C-:3]#[O+:4]>>[CH2:28]1[CH2:29][O:30][CH2:31][CH2:32][N:27]1[C:6](=[O:5])[C:7]=2[CH:8]=[CH:9][CH:10]=[C:11]3[NH:12][C:17](=[CH:16][C:15]=23)[C:18]=4[CH:19]=[C:20]5[O:26][CH2:25][O:24][C:21]5=[CH:22][CH:23]=4,nan,['O=C(c1cccc([N+](=O)[O-])c1C=Cc1ccc2c(c1)OCO2)N1CCOCC1.[C-]#[O+].[C-]#[O+]>>O=C(c1cccc2[nH]c(-c3ccc4c(c3)OCO4)cc12)N1CCOCC1.[C-]#[O+].[C-]#[O+].[OH-].O'],[CH2:29]1[CH2:28][N:27]([CH2:32][CH2:31][O:30]1)[C:6]([C:7]2=[CH:8][CH:9]=[CH:10][C:11]([N+:12]([O-:13])=[O:14])=[C:15]2[CH:16]=[CH:17][C:18]3=[CH:23][CH:22]=[C:21]4[O:24][CH2:25][O:26][C:20]4=[CH:19]3)=[O:5].[C-:1]#[O+:2].[C-:3]#[O+:4]>>[CH2:28]1[CH2:29][O:30][CH2:31][CH2:32][N:27]1[C:6](=[O:5])[C:7]=2[CH:8]=[CH:9][CH:10]=[C:11]3[NH:12][C:17](=[CH:16][C:15]=23)[C:18]=4[CH:19]=[C:20]5[O:26][CH2:25][O:24][C:21]5=[CH:22][CH:23]=4.CO2.CO2,False,False,unbalanced,
93,['golden_dataset_237'],['golden_dataset'],[CH2:10]1[CH2:9][N:8]([CH2:34][CH2:33][N:11]1[C:12](=[O:32])[C:13]=2[C:21](=[C:17]([CH:16]=[CH:15][CH:14]=2)[N+:18](=[O:20])[O-:19])[CH:22]=[CH:23][C:24]=3[CH:25]=[C:26]([Cl:27])[CH:28]=[C:29]([CH:31]=3)[F:30])[S:6](=[O:35])(=[O:7])[CH3:5].[C-:1]#[O+:2].[C-:3]#[O+:4]>>[CH2:9]1[CH2:10][N:11]([CH2:33][CH2:34][N:8]1[S:6](=[O:35])(=[O:7])[CH3:5])[C:12]([C:13]2=[C:21]3[C:17]([NH:18][C:23]([C:24]=4[CH:25]=[C:26]([CH:28]=[C:29]([CH:31]=4)[F:30])[Cl:27])=[CH:22]3)=[CH:16][CH:15]=[CH:14]2)=[O:32],[C-:1]#[O+:2].[C-:3]#[O+:4].[CH2:10]1[CH2:9][N:8]([CH2:34][CH2:33][N:11]1[C:12](=[O:32])[C:13]=2[C:21](=[C:17]([CH:16]=[CH:15][CH:14]=2)[N+:18](=[O:20])[O-:19])[CH:22]=[CH:23][C:24]=3[CH:25]=[C:26]([Cl:27])[CH:28]=[C:29]([CH:31]=3)[F:30])[S:6](=[O:35])(=[O:7])[CH3:5]>>C(=O)=O.C(=O)=O.[CH2:9]1[CH2:10][N:11]([CH2:33][CH2:34][N:8]1[S:6](=[O:35])(=[O:7])[CH3:5])[C:12]([C:13]2=[C:21]3[C:17]([NH:18][C:23]([C:24]=4[CH:25]=[C:26]([CH:28]=[C:29]([CH:31]=4)[F:30])[Cl:27])=[CH:22]3)=[CH:16][CH:15]=[CH:14]2)=[O:32],[],[CH2:10]1[CH2:9][N:8]([CH2:34][CH2:33][N:11]1[C:12](=[O:32])[C:13]=2[C:21](=[C:17]([CH:16]=[CH:15][CH:14]=2)[N+:18](=[O:20])[O-:19])[CH:22]=[CH:23][C:24]=3[CH:25]=[C:26]([Cl:27])[CH:28]=[C:29]([CH:31]=3)[F:30])[S:6](=[O:35])(=[O:7])[CH3:5].[C-:1]#[O+:2].[C-:3]#[O+:4]>>[CH2:9]1[CH2:10][N:11]([CH2:33][CH2:34][N:8]1[S:6](=[O:35])(=[O:7])[CH3:5])[C:12]([C:13]2=[C:21]3[C:17]([NH:18][C:23]([C:24]=4[CH:25]=[C:26]([CH:28]=[C:29]([CH:31]=4)[F:30])[Cl:27])=[CH:22]3)=[CH:16][CH:15]=[CH:14]2)=[O:32].O=C=O,False,False,unbalanced,
94,['golden_dataset_239'],['golden_dataset'],[CH3:5][C:6]([CH3:39])([CH3:7])[O:8][C:9]([N:10]1[CH2:11][CH2:12][N:13]([CH2:36][CH2:37]1)[C:14]([C:15]2=[CH:16][CH:17]=[CH:18][C:19]([N+:20]([O-:21])=[O:22])=[C:23]2[CH:24]=[CH:25][C:26]3=[CH:31][CH:30]=[C:29]4[O:32][CH2:33][O:34][C:28]4=[CH:27]3)=[O:35])=[O:38].[C-:1]#[O+:2].[C-:3]#[O+:4]>>[CH3:5][C:6]([CH3:39])([CH3:7])[O:8][C:9]([N:10]1[CH2:11][CH2:12][N:13]([CH2:36][CH2:37]1)[C:14]([C:15]=2[CH:16]=[CH:17][CH:18]=[C:19]3[C:23]=2[CH:24]=[C:25]([NH:20]3)[C:26]=4[CH:27]=[C:28]5[O:34][CH2:33][O:32][C:29]5=[CH:30][CH:31]=4)=[O:35])=[O:38],[C-:1]#[O+:2].[C-:3]#[O+:4].[CH3:5][C:6]([CH3:39])([CH3:7])[O:8][C:9]([N:10]1[CH2:11][CH2:12][N:13]([CH2:36][CH2:37]1)[C:14]([C:15]2=[CH:16][CH:17]=[CH:18][C:19]([N+:20]([O-:21])=[O:22])=[C:23]2[CH:24]=[CH:25][C:26]3=[CH:31][CH:30]=[C:29]4[O:32][CH2:33][O:34][C:28]4=[CH:27]3)=[O:35])=[O:38]>>[O:4]=[C:5]=[O:6].[CH3:5][C:6]([CH3:39])([CH3:7])[O:8][C:9]([N:10]1[CH2:11][CH2:12][N:13]([CH2:36][CH2:37]1)[C:14]([C:15]=2[CH:16]=[CH:17][CH:18]=[C:19]3[C:23]=2[CH:24]=[C:25]([NH:20]3)[C:26]=4[CH:27]=[C:28]5[O:34][CH2:33][O:32][C:29]5=[CH:30][CH:31]=4)=[O:35])=[O:38].[O:1]=[C:2]=[O:3],[],[CH3:5][C:6]([CH3:39])([CH3:7])[O:8][C:9]([N:10]1[CH2:11][CH2:12][N:13]([CH2:36][CH2:37]1)[C:14]([C:15]2=[CH:16][CH:17]=[CH:18][C:19]([N+:20]([O-:21])=[O:22])=[C:23]2[CH:24]=[CH:25][C:26]3=[CH:31][CH:30]=[C:29]4[O:32][CH2:33][O:34][C:28]4=[CH:27]3)=[O:35])=[O:38].[C-:1]#[O+:2].[C-:3]#[O+:4]>>[CH3:5][C:6]([CH3:39])([CH3:7])[O:8][C:9]([N:10]1[CH2:11][CH2:12][N:13]([CH2:36][CH2:37]1)[C:14]([C:15]=2[CH:16]=[CH:17][CH:18]=[C:19]3[C:23]=2[CH:24]=[C:25]([NH:20]3)[C:26]=4[CH:27]=[C:28]5[O:34][CH2:33][O:32][C:29]5=[CH:30][CH:31]=4)=[O:35])=[O:38].O=C=O.O=C=O,True,False,balanced,
96,['golden_dataset_244'],['golden_dataset'],[CH2:7]([CH2:6][CH3:5])[C:8]#[C:9][CH2:10][CH2:11][CH3:12].[CH:19]1=[C:20]([I:21])[C:15]([NH:14][CH3:13])=[CH:16][CH:17]=[CH:18]1.[O-:1][C:2]([O-:3])=[O:4]>>[CH:17]1=[CH:18][CH:19]=[C:20]2[C:8]([CH2:7][CH2:6][CH3:5])=[C:9]([N:14]([CH3:13])[C:15]2=[CH:16]1)[CH2:10][CH2:11][CH3:12],C(CC)C#CCCC.C1=C(I)C(NC)=CC=C1>>[H+].[I-].C1=CC=C2C(CCC)=C(N(C)C2=C1)CCC,[],[CH2:7]([CH2:6][CH3:5])[C:8]#[C:9][CH2:10][CH2:11][CH3:12].[CH:19]1=[C:20]([I:21])[C:15]([NH:14][CH3:13])=[CH:16][CH:17]=[CH:18]1.[O-:1][C:2]([O-:3])=[O:4]>>[CH:17]1=[CH:18][CH:19]=[C:20]2[C:8]([CH2:7][CH2:6][CH3:5])=[C:9]([N:14]([CH3:13])[C:15]2=[CH:16]1)[CH2:10][CH2:11][CH3:12].O=C(O)I,False,False,unbalanced,
102,['golden_dataset_257'],['golden_dataset'],[CH2:25]1[CH2:26][CH:27]([CH2:38][CH2:39][N:24]1[C:23](=[O:40])[C:22]=2[C:14]([CH:13]=[CH:12][C:9]3=[CH:8][CH:7]=[C:6]([CH:11]=[CH:10]3)[F:5])=[C:15]([CH:19]=[CH:20][CH:21]=2)[N+:16]([O-:17])=[O:18])[N:28]4[C:32]5=[C:31]([CH:36]=[CH:35][CH:34]=[CH:33]5)[NH:30][C:29]4=[O:37].[C-:1]#[O+:2].[C-:3]#[O+:4]>>[CH2:26]1[CH2:25][N:24]([CH2:39][CH2:38][CH:27]1[N:28]2[C:29](=[O:37])[NH:30][C:31]3=[CH:36][CH:35]=[CH:34][CH:33]=[C:32]23)[C:23](=[O:40])[C:22]=4[C:14]=5[CH:13]=[C:12]([C:9]=6[CH:10]=[CH:11][C:6]([F:5])=[CH:7][CH:8]=6)[NH:16][C:15]=5[CH:19]=[CH:20][CH:21]=4,nan,['O=C(c1cccc([N+](=O)[O-])c1C=Cc1ccc(F)cc1)N1CCC(n2c(=O)[nH]c3ccccc32)CC1.[C-]#[O+].[C-]#[O+]>>O=C(c1cccc2[nH]c(-c3ccc(F)cc3)cc12)N1CCC(n2c(=O)[nH]c3ccccc32)CC1.[C-]#[O+].[C-]#[O+].[OH-].O'],[CH2:25]1[CH2:26][CH:27]([CH2:38][CH2:39][N:24]1[C:23](=[O:40])[C:22]=2[C:14]([CH:13]=[CH:12][C:9]3=[CH:8][CH:7]=[C:6]([CH:11]=[CH:10]3)[F:5])=[C:15]([CH:19]=[CH:20][CH:21]=2)[N+:16]([O-:17])=[O:18])[N:28]4[C:32]5=[C:31]([CH:36]=[CH:35][CH:34]=[CH:33]5)[NH:30][C:29]4=[O:37].[C-:1]#[O+:2].[C-:3]#[O+:4]>>[CH2:26]1[CH2:25][N:24]([CH2:39][CH2:38][CH:27]1[N:28]2[C:29](=[O:37])[NH:30][C:31]3=[CH:36][CH:35]=[CH:34][CH:33]=[C:32]23)[C:23](=[O:40])[C:22]=4[C:14]=5[CH:13]=[C:12]([C:9]=6[CH:10]=[CH:11][C:6]([F:5])=[CH:7][CH:8]=6)[NH:16][C:15]=5[CH:19]=[CH:20][CH:21]=4.CO2,False,False,unbalanced,
104,['golden_dataset_261'],['golden_dataset'],[CH2:10]([CH2:9][CH3:8])[CH2:11][CH2:12][CH2:13][C:14]#[C:15][C:16]([Cl:17])=[CH2:18].[CH3:1][CH:2]([CH3:3])[N-:4][CH:5]([CH3:6])[CH3:7]>>[CH2:10]([CH2:9][CH3:8])[CH2:11][CH2:12][CH2:13][C:14]#[C:15][C:16]#[CH:18],[CH2:10]([CH2:9][CH3:8])[CH2:11][CH2:12][CH2:13][C:14]#[C:15][C:16]([Cl:17])=[CH2:18].[CH3:1][CH:2]([CH3:3])[N-:4][CH:5]([CH3:6])[CH3:7]>>[CH2:10]([CH2:9][CH3:8])[CH2:11][CH2:12][CH2:13][C:14]#[C:15][C:16]#[CH:18].[CH3:1][CH:2]([CH3:3])[N-:4][CH:5]([CH3:6])[CH3:7].[ClH:17],[],[CH2:10]([CH2:9][CH3:8])[CH2:11][CH2:12][CH2:13][C:14]#[C:15][C:16]([Cl:17])=[CH2:18].[CH3:1][CH:2]([CH3:3])[N-:4][CH:5]([CH3:6])[CH3:7]>>[CH2:10]([CH2:9][CH3:8])[CH2:11][CH2:12][CH2:13][C:14]#[C:15][C:16]#[CH:18].[CH3:1][CH:2]([CH3:3])N[CH:5]([CH3:6])[CH3:7].[Cl-],True,False,balanced,
105,['golden_dataset_268'],['golden_dataset'],[CH2:6]1[C:7](=[O:17])[CH:8]([CH2:14][C:15](=[O:16])[CH:5]1[C:4]([O:3][CH2:2][CH3:1])=[O:18])[C:9]([O:10][CH2:11][CH3:12])=[O:13].[OH2:19].[OH2:20]>>[CH2:5]1[CH2:6][C:7]([CH2:8][CH2:14][C:15]1=[O:16])=[O:17],C1C(=O)C(CC(=O)C1C(OCC)=O)C(OCC)=O.O.O.[H].[H].[H].[H]>>C1CC(CCC1=O)=O.CCOC=O.CCOC=O.O.O,[],[CH2:6]1[C:7](=[O:17])[CH:8]([CH2:14][C:15](=[O:16])[CH:5]1[C:4]([O:3][CH2:2][CH3:1])=[O:18])[C:9]([O:10][CH2:11][CH3:12])=[O:13].[OH2:19].[OH2:20]>>[CH2:5]1[CH2:6][C:7]([CH2:8][CH2:14][C:15]1=[O:16])=[O:17].CCO.CC(=O)O,False,False,unbalanced,
109,['golden_dataset_280'],['golden_dataset'],[CH:6]=1[CH:7]=[C:8]([C:9]#[C:10][C:11]2=[CH:12][CH:13]=[CH:14][CH:15]=[CH:16]2)[C:3]([O:2][CH3:1])=[CH:4][CH:5]=1.[I:17][I:18]>>[CH:12]=1[C:11](=[CH:16][CH:15]=[CH:14][CH:13]=1)[C:10]=2[O:2][C:3]3=[C:8]([CH:7]=[CH:6][CH:5]=[CH:4]3)[C:9]=2[I:18],[CH:6]=1[CH:7]=[C:8]([C:9]#[C:10][C:11]2=[CH:12][CH:13]=[CH:14][CH:15]=[CH:16]2)[C:3]([O:2][CH3:1])=[CH:4][CH:5]=1.[I:17][I:18]>>[CH:12]=1[C:11](=[CH:16][CH:15]=[CH:14][CH:13]=1)[C:10]=2[O:2][C:3]3=[C:8]([CH:7]=[CH:6][CH:5]=[CH:4]3)[C:9]=2[I:18].[CH3:1][I:18],[],[CH:6]=1[CH:7]=[C:8]([C:9]#[C:10][C:11]2=[CH:12][CH:13]=[CH:14][CH:15]=[CH:16]2)[C:3]([O:2][CH3:1])=[CH:4][CH:5]=1.[I:17][I:18]>>[CH:12]=1[C:11](=[CH:16][CH:15]=[CH:14][CH:13]=1)[C:10]=2[O:2][C:3]3=[C:8]([CH:7]=[CH:6][CH:5]=[CH:4]3)[C:9]=2[I:18].[I:17][CH3:1],True,False,balanced,
111,['golden_dataset_286'],['golden_dataset'],[CH:14]1=[CH:15][C:16]=2[C:11]([CH:12]=[CH:13]1)=[CH:10][C:9](=[CH:18][CH:17]=2)[CH:8]=[O:7].[CH2:21]1[CH2:20][CH2:19][CH2:23][NH:22]1.[CH3:1][C:2]([CH3:3])([CH3:6])[O:4][OH:5]>>[CH2:21]1[CH2:20][CH2:19][CH2:23][N:22]1[C:8](=[O:7])[C:9]=2[CH:10]=[C:11]3[CH:12]=[CH:13][CH:14]=[CH:15][C:16]3=[CH:17][CH:18]=2,C1=CC=2C(C=C1)=CC(=CC=2)C=O.C1CCCN1.CC(C)(C)OO.[O]>>C1CCCN1C(=O)C=2C=C3C=CC=CC3=CC=2.CC(C)(C)OO.O,[],[CH:14]1=[CH:15][C:16]=2[C:11]([CH:12]=[CH:13]1)=[CH:10][C:9](=[CH:18][CH:17]=2)[CH:8]=[O:7].[CH2:21]1[CH2:20][CH2:19][CH2:23][NH:22]1.[CH3:1][C:2]([CH3:3])([CH3:6])[O:4][OH:5]>>[CH2:21]1[CH2:20][CH2:19][CH2:23][N:22]1[C:8](=[O:7])[C:9]=2[CH:10]=[C:11]3[CH:12]=[CH:13][CH:14]=[CH:15][C:16]3=[CH:17][CH:18]=2.[CH3:1][C:2]([CH3:3])([CH3:6])[O:4][OH:5],False,False,unbalanced,
114,['golden_dataset_295'],['golden_dataset'],[C:20]=1([C:19](=[CH:24][CH:23]=[CH:22][CH:21]=1)[O:18][C:11]=2[C:10]([Cl:9])=[CH:17][C:14]([C:15]#[N:16])=[CH:13][CH:12]=2)[Br:25].[CH3:5][C:4]([CH3:6])([CH3:7])[O:3][C:2](=[O:8])[CH3:1].[OH2:26]>>[CH3:5][C:4]([CH3:6])([CH3:7])[NH:16][C:15](=[O:26])[C:14]=1[CH:13]=[CH:12][C:11]([O:18][C:19]2=[CH:24][CH:23]=[CH:22][CH:21]=[C:20]2[Br:25])=[C:10]([CH:17]=1)[Cl:9],[C:20]=1([C:19](=[CH:24][CH:23]=[CH:22][CH:21]=1)[O:18][C:11]=2[C:10]([Cl:9])=[CH:17][C:14]([C:15]#[N:16])=[CH:13][CH:12]=2)[Br:25].[CH3:5][C:4]([CH3:6])([CH3:7])[O:3][C:2](=[O:8])[CH3:1].[OH2:26]>>[CH3:5][C:4]([CH3:6])([CH3:7])[NH:16][C:15](=[O:26])[C:14]=1[CH:13]=[CH:12][C:11]([O:18][C:19]2=[CH:24][CH:23]=[CH:22][CH:21]=[C:20]2[Br:25])=[C:10]([CH:17]=1)[Cl:9].[CH3:1][C:2]([OH:3])=[O:8],[],[C:20]=1([C:19](=[CH:24][CH:23]=[CH:22][CH:21]=1)[O:18][C:11]=2[C:10]([Cl:9])=[CH:17][C:14]([C:15]#[N:16])=[CH:13][CH:12]=2)[Br:25].[CH3:5][C:4]([CH3:6])([CH3:7])[O:3][C:2](=[O:8])[CH3:1].[OH2:26]>>[CH3:5][C:4]([CH3:6])([CH3:7])[NH:16][C:15](=[O:26])[C:14]=1[CH:13]=[CH:12][C:11]([O:18][C:19]2=[CH:24][CH:23]=[CH:22][CH:21]=[C:20]2[Br:25])=[C:10]([CH:17]=1)[Cl:9].CC(=O)O,True,False,balanced,
119,['golden_dataset_302'],['golden_dataset'],[CH2:18]([CH2:17][OH:16])[SH:19].[CH3:1][C:2]([CH3:3])([CH3:5])[O-:4].[CH3:6][C:7]([CH3:8])([CH3:15])[Si:9]([CH3:10])([CH3:14])[O:11][CH2:12][Cl:13]>>[CH3:6][C:7]([CH3:8])([CH3:15])[Si:9]([CH3:10])([CH3:14])[O:11][CH2:12][S:19][CH2:18][CH2:17][OH:16],CC(C)(C)[Si](C)(C)OCCl.C(CO)S>>Cl.CC(C)(C)[Si](C)(C)OCSCCO,[],[CH2:18]([CH2:17][OH:16])[SH:19].[CH3:1][C:2]([CH3:3])([CH3:5])[O-:4].[CH3:6][C:7]([CH3:8])([CH3:15])[Si:9]([CH3:10])([CH3:14])[O:11][CH2:12][Cl:13]>>[CH3:6][C:7]([CH3:8])([CH3:15])[Si:9]([CH3:10])([CH3:14])[O:11][CH2:12][S:19][CH2:18][CH2:17][OH:16].[CH3:1][C:2]([CH3:3])([CH3:5])[O:11][H].[Cl-:13],True,False,balanced,
130,['golden_dataset_351'],['golden_dataset'],[O:13]=[C:11]([CH2:10][C:9]#[N:8])[OH:12].[O:1]=[CH:2][C:3]1=[CH:4][CH:5]=[CH:6][O:7]1>>[CH:6]1=[CH:5][CH:4]=[C:3]([O:7]1)[CH:2]=[CH:10][C:9]#[N:8],[O:13]=[C:11]([CH2:10][C:9]#[N:8])[OH:12].[O:1]=[CH:2][C:3]1=[CH:4][CH:5]=[CH:6][O:7]1>>[CH:6]1=[CH:5][CH:4]=[C:3]([O:7]1)[CH:2]=[CH:10][C:9]#[N:8].[OH:1][C:11]([OH:12])=[O:13],[],[O:13]=[C:11]([CH2:10][C:9]#[N:8])[OH:12].[O:1]=[CH:2][C:3]1=[CH:4][CH:5]=[CH:6][O:7]1>>[CH:6]1=[CH:5][CH:4]=[C:3]([O:7]1)[CH:2]=[CH:10][C:9]#[N:8].[O:13]=[C:11]=[O].[OH:12][H],True,False,balanced,
134,['golden_dataset_365'],['golden_dataset'],[CH:3]1=[C:2]([C:7](=[CH:6][CH:5]=[CH:4]1)[NH2:8])[NH2:1].[CH3:12][O:11][C:10]([C:13](=[O:16])[CH2:14][CH3:15])=[O:9]>>[CH2:14]([CH3:15])[C:13]=1[N:8]=[C:7]2[CH:6]=[CH:5][CH:4]=[CH:3][C:2]2=[N:1][C:10]=1[OH:9],C1=C(C(=CC=C1)N)N.COC(C(=O)CC)=O>>C(C)C=1N=C2C=CC=CC2=NC=1O.CO.O,[],[CH:3]1=[C:2]([C:7](=[CH:6][CH:5]=[CH:4]1)[NH2:8])[NH2:1].[CH3:12][O:11][C:10]([C:13](=[O:16])[CH2:14][CH3:15])=[O:9]>>[CH2:14]([CH3:15])[C:13]=1[N:8]=[C:7]2[CH:6]=[CH:5][CH:4]=[CH:3][C:2]2=[N:1][C:10]=1[OH:9].[CH3:12][OH:11].[O:16],False,False,unbalanced,
135,['golden_dataset_372'],['golden_dataset'],[CH3:9][CH:8]([CH3:10])[N:7]([CH:11]([CH3:12])[CH3:13])[C:6](=[O:14])[O:5][CH:4]([CH2:3][CH:2]=[CH2:1])[C:15]1=[CH:16][CH:17]=[CH:18][CH:19]=[CH:20]1.[CH3:21][C:22]1([CH3:24])[C:25]([CH3:26])([CH3:27])[O:28][B:29]([O:23]1)[C:30]2=[CH:35][CH:34]=[CH:33][CH:32]=[CH:31]2>>[CH3:21][C:22]1([CH3:24])[C:25]([CH3:26])([CH3:27])[O:28][B:29]([O:23]1)[C:4]([C:30]=2[CH:31]=[CH:32][CH:33]=[CH:34][CH:35]=2)([C:15]=3[CH:20]=[CH:19][CH:18]=[CH:17][CH:16]=3)[CH2:3][CH:2]=[CH2:1],[CH3:21][C:22]1([CH3:24])[C:25]([CH3:26])([CH3:27])[O:28][B:29]([O:23]1)[C:30]2=[CH:35][CH:34]=[CH:33][CH:32]=[CH:31]2.[CH3:9][CH:8]([CH3:10])[N:7]([CH:11]([CH3:12])[CH3:13])[C:6](=[O:14])[O:5][CH:4]([CH2:3][CH:2]=[CH2:1])[C:15]1=[CH:16][CH:17]=[CH:18][CH:19]=[CH:20]1>>[CH3:9][CH:8]([CH3:10])[N:7]([CH:11]([CH3:12])[CH3:13])[C:6](=[O:14])O.[CH3:21][C:22]1([CH3:24])[C:25]([CH3:26])([CH3:27])[O:28][B:29]([O:23]1)[C:4]([C:30]=2[CH:31]=[CH:32][CH:33]=[CH:34][CH:35]=2)([C:15]=3[CH:20]=[CH:19][CH:18]=[CH:17][CH:16]=3)[CH2:3][CH:2]=[CH2:1],[],[CH3:9][CH:8]([CH3:10])[N:7]([CH:11]([CH3:12])[CH3:13])[C:6](=[O:14])[O:5][CH:4]([CH2:3][CH:2]=[CH2:1])[C:15]1=[CH:16][CH:17]=[CH:18][CH:19]=[CH:20]1.[CH3:21][C:22]1([CH3:24])[C:25]([CH3:26])([CH3:27])[O:28][B:29]([O:23]1)[C:30]2=[CH:35][CH:34]=[CH:33][CH:32]=[CH:31]2>>[CH3:21][C:22]1([CH3:24])[C:25]([CH3:26])([CH3:27])[O:28][B:29]([O:23]1)[C:4]([C:30]=2[CH:31]=[CH:32][CH:33]=[CH:34][CH:35]=2)([C:15]=3[CH:20]=[CH:19][CH:18]=[CH:17][CH:16]=3)[CH2:3][CH:2]=[CH2:1].[CH3:9][CH:8]([CH3:10])[N:7]([CH:11]([CH3:12])[CH3:13])[C:6](=[O:14])[O:5]H,False,False,unbalanced,
139,['golden_dataset_393'],['golden_dataset'],[CH2:9]([Cl:10])[C:7](=[O:8])[O:6][CH2:5][CH3:4].[CH3:11][C:12]([CH3:13])([CH3:14])[O-:15].[O:3]=[CH:2][CH3:1]>>[CH:9]1([C:7](=[O:8])[O:6][CH2:5][CH3:4])[CH:2]([CH3:1])[O:3]1,[CH2:9]([Cl:10])[C:7](=[O:8])[O:6][CH2:5][CH3:4].[CH3:11][C:12]([CH3:13])([CH3:14])[O-:15].[O:3]=[CH:2][CH3:1]>>[Cl-:10].[CH:9]1([C:7](=[O:8])[O:6][CH2:5][CH3:4])[CH:2]([CH3:1])[O:3]1.[CH3:11][C:12]([CH3:13])([CH3:14])[OH:15],[],[CH2:9]([Cl:10])[C:7](=[O:8])[O:6][CH2:5][CH3:4].[CH3:11][C:12]([CH3:13])([CH3:14])[O-:15].[O:3]=[CH:2][CH3:1]>>[CH:9]1([C:7](=[O:8])[O:6][CH2:5][CH3:4])[CH:2]([CH3:1])[O:3]1.[CH3:11][C:12]([CH3:13])([CH3:14])[OH:15].[Cl-:10],True,True,balanced,
140,['golden_dataset_400'],['golden_dataset'],[CH:15]1=[C:14]([C:12]([O:11][OH:10])=[O:13])[CH:19]=[CH:18][CH:17]=[CH:16]1.[CH2:6]1[CH2:5][CH:4]([CH2:9][CH2:8][CH2:7]1)[C:2]([CH3:1])=[O:3]>>[CH2:6]1[CH2:5][CH:4]([CH2:9][CH2:8][CH2:7]1)[O:10][C:2](=[O:3])[CH3:1],nan,['CC(=O)C1CCCCC1.O=C(OO)c1ccccc1>>CC(=O)OC1CCCCC1'],[CH:15]1=[C:14]([C:12]([O:11][OH:10])=[O:13])[CH:19]=[CH:18][CH:17]=[CH:16]1.[CH2:6]1[CH2:5][CH:4]([CH2:9][CH2:8][CH2:7]1)[C:2]([CH3:1])=[O:3]>>[CH2:6]1[CH2:5][CH:4]([CH2:9][CH2:8][CH2:7]1)[O:10][C:2](=[O:3])[CH3:1].[O:11]=[C:12]([C:14]1[CH:15]=[CH:16][CH:17]=[CH:18][CH:19]=1)=[O:13],False,False,unbalanced,
164,['golden_dataset_534'],['golden_dataset'],[CH:6]=1[CH:7]=[CH:8][C:3](=[CH:4][CH:5]=1)[CH:2]=[O:1].[CH3:14][Si:13]([CH3:16])([CH3:15])[CH2:12][C:10]([CH3:9])=[CH2:11].[ClH:17]>>[CH3:9][C:10]([CH2:11][CH:2]([OH:1])[C:3]=1[CH:8]=[CH:7][CH:6]=[CH:5][CH:4]=1)=[CH2:12],[CH:6]=1[CH:7]=[CH:8][C:3](=[CH:4][CH:5]=1)[CH:2]=[O:1].[CH3:14][Si:13]([CH3:16])([CH3:15])[CH2:12][C:10]([CH3:9])=[CH2:11].[ClH:17].O>>[CH3:9][C:10]([CH2:11][CH:2]([OH:1])[C:3]=1[CH:8]=[CH:7][CH:6]=[CH:5][CH:4]=1)=[CH2:12].O[Si:13]([CH3:14])([CH3:15])[CH3:16].[ClH:17],[],[CH:6]=1[CH:7]=[CH:8][C:3](=[CH:4][CH:5]=1)[CH:2]=[O:1].[CH3:14][Si:13]([CH3:16])([CH3:15])[CH2:12][C:10]([CH3:9])=[CH2:11].[ClH:17]>>[CH3:9][C:10]([CH2:11][CH:2]([OH:1])[C:3]=1[CH:8]=[CH:7][CH:6]=[CH:5][CH:4]=1)=[CH2:12].[CH3:14][Si:13]([CH3:16])([CH3:15])Cl,True,False,balanced,
167,['golden_dataset_554'],['golden_dataset'],[C:18](=[O:20])([CH3:19])[O:17][C:15](=[O:16])[CH3:14].[CH:11]=1[N:12]=[CH:13][C:8]([CH:7]2[N+:2]([CH2:4][CH2:5][CH2:6]2)([CH3:1])[O-:3])=[CH:9][CH:10]=1>>[CH:11]=1[N:12]=[CH:13][C:8](=[CH:9][CH:10]=1)[CH:7]2[N:2]([CH2:4][CH2:5][CH2:6]2)[C:15]([CH3:14])=[O:16],[H].[H].[CH:11]=1[N:12]=[CH:13][C:8]([CH:7]2[N+:2]([CH2:4][CH2:5][CH2:6]2)([CH3:1])[O-:3])=[CH:9][CH:10]=1.[C:18](=[O:20])([CH3:19])[O:17][C:15](=[O:16])[CH3:14]>>[CH:11]=1[N:12]=[CH:13][C:8](=[CH:9][CH:10]=1)[CH:7]2[N:2]([CH2:4][CH2:5][CH2:6]2)[C:15]([CH3:14])=[O:16].CC(=O)O.CO,[],[C:18](=[O:20])([CH3:19])[O:17][C:15](=[O:16])[CH3:14].[CH:11]=1[N:12]=[CH:13][C:8]([CH:7]2[N+:2]([CH2:4][CH2:5][CH2:6]2)([CH3:1])[O-:3])=[CH:9][CH:10]=1>>[CH:11]=1[N:12]=[CH:13][C:8](=[CH:9][CH:10]=1)[CH:7]2[N:2]([CH2:4][CH2:5][CH2:6]2)[C:15]([CH3:14])=[O:16].CC(=O)O,False,False,unbalanced,
170,['Jaworski_53'],['Jaworski'],O=C1C(=C(C(=C1c1ccccc1)c1ccccc1)c1ccccc1)c1ccccc1.N#Cc1ccccc1>>c1ccc(cc1)-c1nc(-c2ccccc2)c(-c2ccccc2)c(-c2ccccc2)c1-c1ccccc1,O=C1C(=C(C(=C1c1ccccc1)c1ccccc1)c1ccccc1)c1ccccc1.N#Cc1ccccc1.[O]>>c1ccc(cc1)-c1nc(-c2ccccc2)c(-c2ccccc2)c(-c2ccccc2)c1-c1ccccc1.O=C=O,[],O=C1C(=C(C(=C1c1ccccc1)c1ccccc1)c1ccccc1)c1ccccc1.N#Cc1ccccc1>>c1ccc(cc1)-c1nc(-c2ccccc2)c(-c2ccccc2)c(-c2ccccc2)c1-c1ccccc1.O=C=O,False,False,unbalanced,
171,['golden_dataset_566'],['golden_dataset'],[CH3:26][C:20](=[O:19])[CH2:21][C:22](=[O:25])[O:23][CH3:24].[CH3:1][Si:2]([CH3:3])([CH3:4])[C:5]=1[C:10]([O:11][S:12](=[O:18])(=[O:13])[C:14]([F:16])([F:17])[F:15])=[CH:9][CH:8]=[CH:7][CH:6]=1.[F-:27]>>[CH2:21]([C:5]1=[CH:6][CH:7]=[CH:8][CH:9]=[C:10]1[C:20]([CH3:26])=[O:19])[C:22](=[O:25])[O:23][CH3:24],[CH3:1][Si:2]([CH3:3])([CH3:4])[C:5]1=[C:10]([O:11][S:12](=[O:18])(=[O:13])[C:14]([F:16])([F:17])[F:15])[CH:9]=[CH:8][CH:7]=[CH:6]1.[F-:27].[CH3:26][C:20](=[O:19])[CH2:21][C:22](=[O:25])[O:23][CH3:24]>>[O:11]=[S:12](=[O:13])([O-:18])[C:14]([F:16])([F:17])[F:15].[CH3:1][Si:2]([CH3:3])([CH3:4])[F:27].[CH2:21]([C:5]1=[CH:6][CH:7]=[CH:8][CH:9]=[C:10]1[C:20]([CH3:26])=[O:19])[C:22](=[O:25])[O:23][CH3:24],[],[CH3:26][C:20](=[O:19])[CH2:21][C:22](=[O:25])[O:23][CH3:24].[CH3:1][Si:2]([CH3:3])([CH3:4])[C:5]=1[C:10]([O:11][S:12](=[O:18])(=[O:13])[C:14]([F:16])([F:17])[F:15])=[CH:9][CH:8]=[CH:7][CH:6]=1.[F-:27]>>[CH2:21]([C:5]1=[CH:6][CH:7]=[CH:8][CH:9]=[C:10]1[C:20]([CH3:26])=[O:19])[C:22](=[O:25])[O:23][CH3:24].[CH3:1][Si:2]([CH3:3])([CH3:4])[F:27].[F-:16].[F-:17].[O:11]=[S:12](=[O:18])([O-:13])[C:14]([F:15])([F:16])[F:17],False,False,unbalanced,
173,['golden_dataset_573'],['golden_dataset'],[CH3:1][Si:2]([CH3:3])([CH3:4])[O:5][CH:6]=[C:7]1[C:18]([CH2:17][CH2:16][CH2:15][CH2:14][CH2:13][CH2:12][CH2:11][CH2:10][CH2:9][CH2:8]1)([OH:23])[CH2:19][C:20]([CH3:21])=[CH2:22]>>[CH2:16]1[CH2:17][C:18]2=[C:7]([CH:6]=[CH:22][C:20]([CH3:21])=[CH:19]2)[CH2:8][CH2:9][CH2:10][CH2:11][CH2:12][CH2:13][CH2:14][CH2:15]1,C[Si](C)(C)OC=C1C(CCCCCCCCCC1)(O)CC(C)=C>>C1CC2=C(C=CC(C)=C2)CCCCCCCC1.C[Si](C)(C)O.O,[],[CH3:1][Si:2]([CH3:3])([CH3:4])[O:5][CH:6]=[C:7]1[C:18]([CH2:17][CH2:16][CH2:15][CH2:14][CH2:13][CH2:12][CH2:11][CH2:10][CH2:9][CH2:8]1)([OH:23])[CH2:19][C:20]([CH3:21])=[CH2:22]>>[CH2:16]1[CH2:17][C:18]2=[C:7]([CH:6]=[CH:22][C:20]([CH3:21])=[CH:19]2)[CH2:8][CH2:9][CH2:10][CH2:11][CH2:12][CH2:13][CH2:14][CH2:15]1.[CH3:1][Si:2]([CH3:3])([CH3:4])[O:5][OH:23],False,False,unbalanced,
174,['golden_dataset_580'],['golden_dataset'],[CH3:6][C:5]1([CH3:14])[O:7][CH:8]2[CH:3]([O:4]1)[CH:2]([N:10]([O:11][CH3:12])[C:9]2=[O:13])[CH:1]3[CH2:15][CH2:16][C:17](=[O:19])[O:18]3>>[CH3:6][C:5]1([CH3:14])[O:7][CH:8]2[CH2:9][NH:10][CH:2]([CH:3]2[O:4]1)[CH:1]([OH:18])[CH2:15][CH2:16][CH2:17][OH:19],[H].[H].[H].[H].[H].[H].[H].[H].[H].[H].CC1(C)OC2C(O1)C(N(OC)C2=O)C3CCC(=O)O3>>CO.O.CC1(C)OC2CNC(C2O1)C(O)CCCO,[],[CH3:6][C:5]1([CH3:14])[O:7][CH:8]2[CH:3]([O:4]1)[CH:2]([N:10]([O:11][CH3:12])[C:9]2=[O:13])[CH:1]3[CH2:15][CH2:16][C:17](=[O:19])[O:18]3.[H][H]>>[CH3:6][C:5]1([CH3:14])[O:7][CH:8]2[CH2:9][NH:10][CH:2]([CH:3]2[O:4]1)[CH:1]([OH:18])[CH2:15][CH2:16][CH2:17][OH:19].O=C=O,False,False,unbalanced,
176,['golden_dataset_590'],['golden_dataset'],[CH:6]1=[C:5]2[C:3]([C:2]([C:13]3=[CH:12][CH:11]=[CH:10][C:9]([CH:8]=[CH:7]1)=[C:14]23)=[O:1])=[O:4].[CH:27]1=[CH:28][CH:29]2[CH:30]=[CH:31][CH:26]1[CH2:25]2.[CH3:23][C:22](=[O:24])[CH2:21][C:19]([OH:20])=[CH:18][C:16]([CH3:15])=[O:17]>>[CH:28]=1[CH:27]=[C:21]([C:22](=[O:24])[CH3:23])[C:3]=2[C:5]3=[CH:6][CH:7]=[CH:8][C:9]=4[C:14]3=[C:13]([C:2]=2[C:18]=1[C:16](=[O:17])[CH3:15])[CH:12]=[CH:11][CH:10]=4.[CH:29]=1[CH:30]=[CH:31][CH2:26][CH:25]=1,nan,['CC(=O)C=C(O)CC(C)=O.C1=CC2C=CC1C2.O=C1C(=O)c2cccc3cccc1c23>>CC(=O)c1ccc(C(C)=O)c2c1-c1cccc3cccc-2c13.C1=CCC=C1'],[CH:6]1=[C:5]2[C:3]([C:2]([C:13]3=[CH:12][CH:11]=[CH:10][C:9]([CH:8]=[CH:7]1)=[C:14]23)=[O:1])=[O:4].[CH:27]1=[CH:28][CH:29]2[CH:30]=[CH:31][CH:26]1[CH2:25]2.[CH3:23][C:22](=[O:24])[CH2:21][C:19]([OH:20])=[CH:18][C:16]([CH3:15])=[O:17]>>[CH:28]=1[CH:27]=[C:21]([C:22](=[O:24])[CH3:23])[C:3]=2[C:5]3=[CH:6][CH:7]=[CH:8][C:9]=4[C:14]3=[C:13]([C:2]=2[C:18]=1[C:16](=[O:17])[CH3:15])[CH:12]=[CH:11][CH:10]=4.[CH:29]=1[CH:30]=[CH:31][CH2:26][CH:25]=1.CO,False,False,unbalanced,
177,['golden_dataset_598'],['golden_dataset'],[N:12]#[C:11][C:10](=[C:7]([CH2:6][CH3:5])[O:8][CH3:9])[C:13]1=[CH:14][CH:15]=[C:16]([CH:18]=[CH:19]1)[Cl:17].[NH2:1][C:2]([NH2:3])=[NH:4]>>[C:2]1(=[N:1][C:11]([NH2:12])=[C:10]([C:13]2=[CH:19][CH:18]=[C:16]([CH:15]=[CH:14]2)[Cl:17])[C:7]([CH2:6][CH3:5])=[N:4]1)[NH2:3],N#CC(=C(CC)OC)C1=CC=C(C=C1)Cl.NC(N)=N.N>>C1(=NC(N)=C(C2=CC=C(C=C2)Cl)C(CC)=N1)N.CO.N,[],[N:12]#[C:11][C:10](=[C:7]([CH2:6][CH3:5])[O:8][CH3:9])[C:13]1=[CH:14][CH:15]=[C:16]([CH:18]=[CH:19]1)[Cl:17].[NH2:1][C:2]([NH2:3])=[NH:4]>>[C:2]1(=[N:1][C:11]([NH2:12])=[C:10]([C:13]2=[CH:19][CH:18]=[C:16]([CH:15]=[CH:14]2)[Cl:17])[C:7]([CH2:6][CH3:5])=[N:4]1)[NH2:3].CO,True,False,balanced,
178,['Jaworski_103'],['Jaworski'],C=CCOCC#CCOCC=C>>C1OCC(=C1)C1=CCOC1,C=CCOCC#CCOCC=C>>C1OCC(=C1)C1=CCOC1.C=C,[],C=CCOCC#CCOCC=C>>C1OCC(=C1)C1=CCOC1.C=CC=CC,False,False,unbalanced,
179,['golden_dataset_602'],['golden_dataset'],[O:9]=[S:8](=[O:10])([C:5]1=[CH:4][CH:3]=[C:2]([CH3:1])[CH:7]=[CH:6]1)[N:11]([CH2:12][CH:13]=[CH2:14])[CH:15]2[CH:19]=[CH:18][CH:17]([N:20]([S:24](=[O:25])(=[O:26])[C:27]3=[CH:33][CH:32]=[C:30]([CH3:31])[CH:29]=[CH:28]3)[CH2:21][CH:22]=[CH2:23])[CH2:16]2>>[O:9]=[S:8](=[O:10])([N:11]1[CH:15]([CH:19]=[CH:13][CH2:12]1)[CH2:16][CH:17]2[N:20]([S:24](=[O:25])(=[O:26])[C:27]=3[CH:28]=[CH:29][C:30](=[CH:32][CH:33]=3)[CH3:31])[CH2:21][CH:22]=[CH:18]2)[C:5]=4[CH:6]=[CH:7][C:2](=[CH:3][CH:4]=4)[CH3:1],O=S(=O)(C1=CC=C(C)C=C1)N(CC=C)C2C=CC(N(S(=O)(=O)C3=CC=C(C)C=C3)CC=C)C2.[O]>>O=S(=O)(N1C(C=CC1)CC2N(S(=O)(=O)C=3C=CC(=CC=3)C)CC=C2)C=4C=CC(=CC=4)C.CC=O,[],[O:9]=[S:8](=[O:10])([C:5]1=[CH:4][CH:3]=[C:2]([CH3:1])[CH:7]=[CH:6]1)[N:11]([CH2:12][CH:13]=[CH2:14])[CH:15]2[CH:19]=[CH:18][CH:17]([N:20]([S:24](=[O:25])(=[O:26])[C:27]3=[CH:33][CH:32]=[C:30]([CH3:31])[CH:29]=[CH:28]3)[CH2:21][CH:22]=[CH2:23])[CH2:16]2>>[O:9]=[S:8](=[O:10])([N:11]1[CH:15]([CH:19]=[CH:13][CH2:12]1)[CH2:16][CH:17]2[N:20]([S:24](=[O:25])(=[O:26])[C:27]=3[CH:28]=[CH:29][C:30](=[CH:32][CH:33]=3)[CH3:31])[CH2:21][CH:22]=[CH:18]2)[C:5]=4[CH:6]=[CH:7][C:2](=[CH:3][CH:4]=4)[CH3:1].C=CC=C,False,False,unbalanced,
181,['Jaworski_113'],['Jaworski'],C=CCOC1(CCCCC1)OCC=C>>C=CCC1CCCCC1=O,C=CCOC1(CCCCC1)OCC=C>>C=CCC1CCCCC1=O.C=CCO,[],C=CCOC1(CCCCC1)OCC=C>>C=CCC1CCCCC1=O.O=CC=C,False,False,unbalanced,
184,['golden_dataset_617'],['golden_dataset'],[CH3:11][C:12]([CH3:13])([CH3:14])[Si:15]([CH3:16])([CH3:17])[O:18][CH2:19][CH:20]1[O:21][C:22]2([CH2:26][CH2:25][CH2:24][CH2:23]2)[O:27][CH:28]1[CH2:29][OH:30].[CH3:1][S:2]([CH3:3])=[O:4].[O:7]=[C:6]([C:8](=[O:10])[Cl:9])[Cl:5]>>[CH3:11][C:12]([CH3:13])([CH3:14])[Si:15]([CH3:16])([CH3:17])[O:18][CH2:19][CH:20]1[O:21][C:22]2([CH2:26][CH2:25][CH2:24][CH2:23]2)[O:27][CH:28]1[CH:29]=[O:30],[O].CC(C)(C)[Si](C)(C)OCC1OC2(CCCC2)OC1CO>>O.CC(C)(C)[Si](C)(C)OCC1OC2(CCCC2)OC1C=O,[],[CH3:11][C:12]([CH3:13])([CH3:14])[Si:15]([CH3:16])([CH3:17])[O:18][CH2:19][CH:20]1[O:21][C:22]2([CH2:26][CH2:25][CH2:24][CH2:23]2)[O:27][CH:28]1[CH2:29][OH:30].[CH3:1][S:2]([CH3:3])=[O:4].[O:7]=[C:6]([C:8](=[O:10])[Cl:9])[Cl:5]>>[CH3:11][C:12]([CH3:13])([CH3:14])[Si:15]([CH3:16])([CH3:17])[O:18][CH2:19][CH:20]1[O:21][C:22]2([CH2:26][CH2:25][CH2:24][CH2:23]2)[O:27][CH:28]1[CH:29]=[O:30].[CH3:1][S:2]([CH3:3])=[O:4].[Cl:9].[Cl:5].[O:7]=[C:6]([O:10])[O:10],False,False,unbalanced,
185,['golden_dataset_618'],['golden_dataset'],[CH3:29][C:28]([CH3:30])([CH3:31])[Si:25]([CH3:26])([CH3:27])[O:24][CH2:23][CH:22]1[O:21][C:16]2([CH2:17][CH2:18][CH2:19][CH2:20]2)[O:15][CH:14]1[CH:12]([CH3:11])[OH:13].[CH3:1][S:2]([CH3:3])=[O:4].[O:7]=[C:6]([C:8](=[O:10])[Cl:9])[Cl:5]>>[CH3:29][C:28]([CH3:30])([CH3:31])[Si:25]([CH3:26])([CH3:27])[O:24][CH2:23][CH:22]1[CH:14]([C:12]([CH3:11])=[O:13])[O:15][C:16]2([CH2:17][CH2:18][CH2:19][CH2:20]2)[O:21]1,[O].CC(C)(C)[Si](C)(C)OCC1OC2(CCCC2)OC1C(C)O>>O.CC(C)(C)[Si](C)(C)OCC1C(C(C)=O)OC2(CCCC2)O1,[],[CH3:29][C:28]([CH3:30])([CH3:31])[Si:25]([CH3:26])([CH3:27])[O:24][CH2:23][CH:22]1[O:21][C:16]2([CH2:17][CH2:18][CH2:19][CH2:20]2)[O:15][CH:14]1[CH:12]([CH3:11])[OH:13].[CH3:1][S:2]([CH3:3])=[O:4].[O:7]=[C:6]([C:8](=[O:10])[Cl:9])[Cl:5]>>[CH3:29][C:28]([CH3:30])([CH3:31])[Si:25]([CH3:26])([CH3:27])[O:24][CH2:23][CH:22]1[CH:14]([C:12]([CH3:11])=[O:13])[O:15][C:16]2([CH2:17][CH2:18][CH2:19][CH2:20]2)[O:21]1.[CH3:1][S:2]([CH3:3])=[O:4].[O:7]=[C:6]([C:8](=[O:10])[Cl:9])[Cl:5],False,False,unbalanced,
188,['golden_dataset_622'],['golden_dataset'],[CH:5]1=[CH:6][CH:1]=[CH:2][CH:3]=[C:4]1[P:7]([C:8]=2[CH:13]=[CH:12][CH:11]=[CH:10][CH:9]=2)[C:14]=3[CH:19]=[CH:18][CH:17]=[CH:16][CH:15]=3.[CH2:35]1[CH2:36][CH2:37][CH2:38][C:34]12[O:39][CH:40]([CH:32]([C:30]([CH3:31])=[CH:29][CH2:28][O:27][CH2:26][C:25]=3[CH:24]=[CH:23][C:22](=[CH:44][CH:43]=3)[O:21][CH3:20])[O:33]2)[CH2:41][OH:42].[I:45][I:46]>>[CH2:36]1[CH2:37][CH2:38][C:34]2([CH2:35]1)[O:39][CH:40]([CH:32]([C:30](=[CH:29][CH2:28][O:27][CH2:26][C:25]=3[CH:24]=[CH:23][C:22](=[CH:44][CH:43]=3)[O:21][CH3:20])[CH3:31])[O:33]2)[CH2:41][I:46],C1=CC=CC=C1P(C=2C=CC=CC=2)C=3C=CC=CC=3.C1CCCC12OC(C(C(C)=CCOCC=3C=CC(=CC=3)OC)O2)CO.II.[H].[H]>>C1CCC2(C1)OC(C(C(=CCOCC=3C=CC(=CC=3)OC)C)O2)CI.I.O.c1ccc(P(c2ccccc2)c2ccccc2)cc1,[],[CH:5]1=[CH:6][CH:1]=[CH:2][CH:3]=[C:4]1[P:7]([C:8]=2[CH:13]=[CH:12][CH:11]=[CH:10][CH:9]=2)[C:14]=3[CH:19]=[CH:18][CH:17]=[CH:16][CH:15]=3.[CH2:35]1[CH2:36][CH2:37][CH2:38][C:34]12[O:39][CH:40]([CH:32]([C:30]([CH3:31])=[CH:29][CH2:28][O:27][CH2:26][C:25]=3[CH:24]=[CH:23][C:22](=[CH:44][CH:43]=3)[O:21][CH3:20])[O:33]2)[CH2:41][OH:42].[I:45][I:46]>>[CH2:36]1[CH2:37][CH2:38][C:34]2([CH2:35]1)[O:39][CH:40]([CH:32]([C:30](=[CH:29][CH2:28][O:27][CH2:26][C:25]=3[CH:24]=[CH:23][C:22](=[CH:44][CH:43]=3)[O:21][CH3:20])[CH3:31])[O:33]2)[CH2:41][I:46].[CH:5]1=[CH:6][CH:1]=[CH:2][CH:3]=[C:4]1[P:7]([C:8]=2[CH:13]=[CH:12][CH:11]=[CH:10][CH:9]=2)[C:14]=3[CH:19]=[CH:18][CH:17]=[CH:16][CH:15]=3.[I:45][OH:42],True,False,balanced,
197,['golden_dataset_648'],['golden_dataset'],[CH3:17][Si:16]([CH3:18])([CH3:19])[O:15][C:13]([CH:12]=[C:6]([O:7][Si:8]([CH3:9])([CH3:10])[CH3:11])[O:5][CH2:4][CH3:3])=[CH2:14].[O:27]1[CH2:28][CH2:29][CH2:30][O:31][CH:26]1[C:25]=2[C:32]([O:33][CH3:34])=[CH:35][CH:36]=[C:22]([O:21][CH3:20])[C:23]=2[Br:24].[F-:1].[F-:2]>>[CH2:28]1[O:27][CH:26]([O:31][CH2:30][CH2:29]1)[C:25]2=[C:23]([C:22]([O:21][CH3:20])=[CH:36][CH:35]=[C:32]2[O:33][CH3:34])[CH2:14][C:13]([CH2:12][C:6](=[O:7])[O:5][CH2:4][CH3:3])=[O:15],[F-:2].[O:27]1[CH2:28][CH2:29][CH2:30][O:31][CH:26]1[C:25]=2[C:32]([O:33][CH3:34])=[CH:35][CH:36]=[C:22]([O:21][CH3:20])[C:23]=2[Br:24].[CH3:17][Si:16]([CH3:18])([CH3:19])[O:15][C:13]([CH:12]=[C:6]([O:7][Si:8]([CH3:9])([CH3:10])[CH3:11])[O:5][CH2:4][CH3:3])=[CH2:14].[F-:1].[H+].[H+]>>[CH3:9][Si:8]([CH3:10])([CH3:11])[F:2].[H+:24].[CH3:17][Si:16]([CH3:18])([CH3:19])[F:1].[Br-:24].[CH2:28]1[O:27][CH:26]([O:31][CH2:30][CH2:29]1)[C:25]2=[C:23]([C:22]([O:21][CH3:20])=[CH:36][CH:35]=[C:32]2[O:33][CH3:34])[CH2:14][C:13]([CH2:12][C:6](=[O:7])[O:5][CH2:4][CH3:3])=[O:15],[],[CH3:17][Si:16]([CH3:18])([CH3:19])[O:15][C:13]([CH:12]=[C:6]([O:7][Si:8]([CH3:9])([CH3:10])[CH3:11])[O:5][CH2:4][CH3:3])=[CH2:14].[O:27]1[CH2:28][CH2:29][CH2:30][O:31][CH:26]1[C:25]=2[C:32]([O:33][CH3:34])=[CH:35][CH:36]=[C:22]([O:21][CH3:20])[C:23]=2[Br:24].[F-:1].[F-:2]>>[CH2:28]1[O:27][CH:26]([O:31][CH2:30][CH2:29]1)[C:25]2=[C:23]([C:22]([O:21][CH3:20])=[CH:36][CH:35]=[C:32]2[O:33][CH3:34])[CH2:14][C:13]([CH2:12][C:6](=[O:7])[O:5][CH2:4][CH3:3])=[O:15].[CH3:17][Si:16]([CH3:18])([CH3:19])[F:1].[CH3:9][Si:8]([CH3:10])([CH3:11])[F:2].[Br-:24],False,False,unbalanced,
206,['golden_dataset_665'],['golden_dataset'],[CH:39]1=[C:38]([CH:43]=[CH:42][CH:41]=[CH:40]1)[Se:37][Se:36][C:44]2=[CH:45][CH:46]=[CH:47][CH:48]=[CH:49]2.[O:9]=[S:8](=[O:10])([O:11][CH2:12][CH2:13][C:14]1([CH:33]2[N:29]([CH2:30][CH:31]=[CH2:32])[CH2:28][CH2:27][C:26]23[CH:16]([C:17]([NH:19][C:20]4=[CH:25][CH:24]=[CH:23][CH:22]=[C:21]34)=[O:18])[CH2:15]1)[CH:34]=[CH2:35])[C:5]5=[CH:4][CH:3]=[C:2]([CH:7]=[CH:6]5)[CH3:1]>>[CH:16]12[C:17](=[O:18])[NH:19][C:20]=3[C:21]([C:26]14[CH:33]([C:14]([CH2:15]2)([CH2:13][CH2:12][Se:37][C:38]5=[CH:43][CH:42]=[CH:41][CH:40]=[CH:39]5)[CH:34]=[CH2:35])[N:29]([CH2:28][CH2:27]4)[CH2:30][CH:31]=[CH2:32])=[CH:22][CH:23]=[CH:24][CH:25]=3.[CH:47]=1[CH:48]=[CH:49][C:44]([SeH:36])=[CH:45][CH:46]=1,nan,['C=CCN1CCC23c4ccccc4NC(=O)C2CC(C=C)(CCOS(=O)(=O)c2ccc(C)cc2)C13.c1ccc([Se][Se]c2ccccc2)cc1>>C=CCN1CCC23c4ccccc4NC(=O)C2CC(C=C)(CC[Se]c2ccccc2)C13.[SeH]c1ccccc1'],[CH:39]1=[C:38]([CH:43]=[CH:42][CH:41]=[CH:40]1)[Se:37][Se:36][C:44]2=[CH:45][CH:46]=[CH:47][CH:48]=[CH:49]2.[O:9]=[S:8](=[O:10])([O:11][CH2:12][CH2:13][C:14]1([CH:33]2[N:29]([CH2:30][CH:31]=[CH2:32])[CH2:28][CH2:27][C:26]23[CH:16]([C:17]([NH:19][C:20]4=[CH:25][CH:24]=[CH:23][CH:22]=[C:21]34)=[O:18])[CH2:15]1)[CH:34]=[CH2:35])[C:5]5=[CH:4][CH:3]=[C:2]([CH:7]=[CH:6]5)[CH3:1]>>[CH:16]12[C:17](=[O:18])[NH:19][C:20]=3[C:21]([C:26]14[CH:33]([C:14]([CH2:15]2)([CH2:13][CH2:12][Se:37][C:38]5=[CH:43][CH:42]=[CH:41][CH:40]=[CH:39]5)[CH:34]=[CH2:35])[N:29]([CH2:28][CH2:27]4)[CH2:30][CH:31]=[CH2:32])=[CH:22][CH:23]=[CH:24][CH:25]=3.[CH:47]=1[CH:48]=[CH:49][C:44]([SeH:36])=[CH:45][CH:46]=1.[O:9]=[S:8](=[O:10])([OH:11])[C:5]1=[CH:4][CH:3]=[C:2]([CH:7]=[CH:6]1)[CH3:1],False,False,unbalanced,
207,['golden_dataset_666'],['golden_dataset'],[CH:11](=[CH2:12])[C:10]1([CH:13]=[CH2:14])[CH:15]2[C:7]3([CH:8]([CH2:9]1)[C:16]([NH:18][C:19]=4[C:20]3=[CH:21][CH:22]=[CH:23][CH:24]=4)=[O:17])[CH2:6][CH2:5][N:4]2[CH2:3][CH:2]=[CH2:1]>>[C:19]=12[C:20](=[CH:21][CH:22]=[CH:23][CH:24]=1)[C:7]34[CH:8]([C:16](=[O:17])[NH:18]2)[CH2:9][C:10]5([CH:15]4[N:4]([CH2:5][CH2:6]3)[CH2:3][CH:2]=[CH:11]5)[CH:13]=[CH2:14],C(=C)C1(C=C)C2C3(C(C1)C(NC=4C3=CC=CC=4)=O)CCN2CC=C.[O]>>C=12C(=CC=CC=1)C34C(C(=O)N2)CC5(C4N(CC3)CC=C5)C=C.CC=O,[],[CH:11](=[CH2:12])[C:10]1([CH:13]=[CH2:14])[CH:15]2[C:7]3([CH:8]([CH2:9]1)[C:16]([NH:18][C:19]=4[C:20]3=[CH:21][CH:22]=[CH:23][CH:24]=4)=[O:17])[CH2:6][CH2:5][N:4]2[CH2:3][CH:2]=[CH2:1]>>[C:19]=12[C:20](=[CH:21][CH:22]=[CH:23][CH:24]=1)[C:7]34[CH:8]([C:16](=[O:17])[NH:18]2)[CH2:9][C:10]5([CH:15]4[N:4]([CH2:5][CH2:6]3)[CH2:3][CH:2]=[CH:11]5)[CH:13]=[CH2:14].C=C,True,False,balanced,
218,['golden_dataset_719'],['golden_dataset'],[O:25]([CH3:26])[C:23](=[O:24])[C:18]([C:27]([O:29][CH3:30])=[O:28])([CH2:17][C:15](=[O:16])[C:12]=1[CH:13]=[CH:14][C:9](=[CH:10][CH:11]=1)[CH2:8][CH2:7][CH2:6][CH2:5][CH2:4][CH2:3][CH2:2][CH3:1])[NH:19][C:20]([CH3:21])=[O:22]>>[CH2:23]([OH:24])[C:18]([CH2:27][OH:28])([CH2:17][CH:15]([C:12]1=[CH:11][CH:10]=[C:9]([CH:14]=[CH:13]1)[CH2:8][CH2:7][CH2:6][CH2:5][CH2:4][CH2:3][CH2:2][CH3:1])[OH:16])[NH2:19],O(C)C(=O)C(C(OC)=O)(CC(=O)C=1C=CC(=CC=1)CCCCCCCC)NC(C)=O.O.O.O.[H].[H].[H].[H].[H].[H].[H].[H].[H].[H]>>C(O)C(CO)(CC(C1=CC=C(C=C1)CCCCCCCC)O)N.CC(=O)O.CO.CO.O.O,[],CO[C:23](=[O:24])[C:18]([C:27]([O:29][CH3:30])=[O:28])([CH2:17][C:15](=[O:16])[C:12]=1[CH:13]=[CH:14][C:9](=[CH:10][CH:11]=1)[CH2:8][CH2:7][CH2:6][CH2:5][CH2:4][CH2:3][CH2:2][CH3:1])[NH:19][C:20]([CH3:21])=[O:22]>>[CH2:23]([OH:24])[C:18]([CH2:27][OH:28])([CH2:17][CH:15]([C:12]1=[CH:11][CH:10]=[C:9]([CH:14]=[CH:13]1)[CH2:8][CH2:7][CH2:6][CH2:5][CH2:4][CH2:3][CH2:2][CH3:1])[OH:16])[NH2:19].CO.CO,False,False,unbalanced,
219,['golden_dataset_734'],['golden_dataset'],[O:12]=[C:11]1[O:10][CH2:9][C:8]([C:5]2=[CH:4][CH:3]=[C:2]([CH3:1])[CH:7]=[CH:6]2)([CH:14]=[CH2:15])[O:13]1.[O:24]=[S:23](=[O:25])([C:20]=1[CH:21]=[CH:22][C:17](=[CH:18][CH:19]=1)[CH3:16])[N:26]=[C:27]2[C:28]([O:29][C:30]=3[CH:31]=[CH:32][CH:33]=[CH:34][C:35]2=3)=[CH:36][C:37]=4[CH:42]=[CH:41][CH:40]=[CH:39][CH:38]=4>>[O:24]=[S:23](=[O:25])([C:20]1=[CH:21][CH:22]=[C:17]([CH:18]=[CH:19]1)[CH3:16])[N:26]2[CH2:15][CH:14]=[C:8]([C:5]=3[CH:6]=[CH:7][C:2](=[CH:3][CH:4]=3)[CH3:1])[CH2:9][O:10][CH:36]([C:28]=4[O:29][C:30]=5[CH:31]=[CH:32][CH:33]=[CH:34][C:35]=5[C:27]2=4)[C:37]=6[CH:38]=[CH:39][CH:40]=[CH:41][CH:42]=6,[O:12]=[C:11]1[O:10][CH2:9][C:8]([C:5]2=[CH:4][CH:3]=[C:2]([CH3:1])[CH:7]=[CH:6]2)([CH:14]=[CH2:15])[O:13]1.[O:24]=[S:23](=[O:25])([C:20]=1[CH:21]=[CH:22][C:17](=[CH:18][CH:19]=1)[CH3:16])[N:26]=[C:27]2[C:28]([O:29][C:30]=3[CH:31]=[CH:32][CH:33]=[CH:34][C:35]2=3)=[CH:36][C:37]=4[CH:42]=[CH:41][CH:40]=[CH:39][CH:38]=4.O>>[O:24]=[S:23](=[O:25])([C:20]1=[CH:21][CH:22]=[C:17]([CH:18]=[CH:19]1)[CH3:16])[N:26]2[CH2:15][CH:14]=[C:8]([C:5]=3[CH:6]=[CH:7][C:2](=[CH:3][CH:4]=3)[CH3:1])[CH2:9][O:10][CH:36]([C:28]=4[O:29][C:30]=5[CH:31]=[CH:32][CH:33]=[CH:34][C:35]=5[C:27]2=4)[C:37]=6[CH:38]=[CH:39][CH:40]=[CH:41][CH:42]=6.O[C:11](=[O:12])[OH:13],[],[O:12]=[C:11]1[O:10][CH2:9][C:8]([C:5]2=[CH:4][CH:3]=[C:2]([CH3:1])[CH:7]=[CH:6]2)([CH:14]=[CH2:15])[O:13]1.[O:24]=[S:23](=[O:25])([C:20]=1[CH:21]=[CH:22][C:17](=[CH:18][CH:19]=1)[CH3:16])[N:26]=[C:27]2[C:28]([O:29][C:30]=3[CH:31]=[CH:32][CH:33]=[CH:34][C:35]2=3)=[CH:36][C:37]=4[CH:42]=[CH:41][CH:40]=[CH:39][CH:38]=4>>[O:24]=[S:23](=[O:25])([C:20]1=[CH:21][CH:22]=[C:17]([CH:18]=[CH:19]1)[CH3:16])[N:26]2[CH2:15][CH:14]=[C:8]([C:5]=3[CH:6]=[CH:7][C:2](=[CH:3][CH:4]=3)[CH3:1])[CH2:9][O:10][CH:36]([C:28]=4[O:29][C:30]=5[CH:31]=[CH:32][CH:33]=[CH:34][C:35]=5[C:27]2=4)[C:37]=6[CH:38]=[CH:39][CH:40]=[CH:41][CH:42]=6.CO2,False,False,unbalanced,
223,['golden_dataset_760'],['golden_dataset'],[CH2:20]1[CH2:19][CH2:18][CH2:17][C:9]=2[C:6]=3[C:5](=[CH:4][CH:3]=[CH:2][CH:1]=3)[N:7]([C:10]([O:12][CH2:13][C:14]([CH3:16])=[CH2:15])=[O:11])[C:8]1=2>>[C:9]12([C:6]3=[C:5]([N:7]=[C:8]1[CH2:20][CH2:19][CH2:18][CH2:17]2)[CH:4]=[CH:3][CH:2]=[CH:1]3)[CH2:13][C:14](=[CH2:15])[CH3:16],[CH2:20]1[CH2:19][CH2:18][CH2:17][C:9]=2[C:6]=3[C:5](=[CH:4][CH:3]=[CH:2][CH:1]=3)[N:7]([C:10]([O:12][CH2:13][C:14]([CH3:16])=[CH2:15])=[O:11])[C:8]1=2>>[C:9]12([C:6]3=[C:5]([N:7]=[C:8]1[CH2:20][CH2:19][CH2:18][CH2:17]2)[CH:4]=[CH:3][CH:2]=[CH:1]3)[CH2:13][C:14](=[CH2:15])[CH3:16].O=C=O,[],[CH2:20]1[CH2:19][CH2:18][CH2:17][C:9]=2[C:6]=3[C:5](=[CH:4][CH:3]=[CH:2][CH:1]=3)[N:7]([C:10]([O:12][CH2:13][C:14]([CH3:16])=[CH2:15])=[O:11])[C:8]1=2>>[C:9]12([C:6]3=[C:5]([N:7]=[C:8]1[CH2:20][CH2:19][CH2:18][CH2:17]2)[CH:4]=[CH:3][CH:2]=[CH:1]3)[CH2:13][C:14](=[CH2:15])[CH3:16].O=C=O,True,True,balanced,
224,['golden_dataset_779'],['golden_dataset'],[CH:24]=1[CH:23]=[CH:22][C:21](=[CH:26][CH:25]=1)[NH2:27].[CH3:6][C:5]#[C:4][CH:2]([CH3:3])[O:1][C:7](=[CH:8][C:15](=[O:16])[CH2:17][O:18][CH2:19][CH3:20])[C:9]1=[CH:13][CH:14]=[CH:10][CH:11]=[CH:12]1>>[CH:11]1=[CH:10][CH:14]=[CH:13][C:9]([C:7]=2[N:27]([C:21]3=[CH:26][CH:25]=[CH:24][CH:23]=[CH:22]3)[C:4](=[C:5]([C:8]=2[C:15]([O:18][CH2:19][CH3:20])=[O:16])[CH3:6])[CH2:2][CH3:3])=[CH:12]1,[CH:24]=1[CH:23]=[CH:22][C:21](=[CH:26][CH:25]=1)[NH2:27].[CH3:6][C:5]#[C:4][CH:2]([CH3:3])[O:1][C:7](=[CH:8][C:15](=[O:16])[CH2:17][O:18][CH2:19][CH3:20])[C:9]1=[CH:13][CH:14]=[CH:10][CH:11]=[CH:12]1>>[CH3:17][OH:1].[CH:11]1=[CH:10][CH:14]=[CH:13][C:9]([C:7]=2[N:27]([C:21]3=[CH:26][CH:25]=[CH:24][CH:23]=[CH:22]3)[C:4](=[C:5]([C:8]=2[C:15]([O:18][CH2:19][CH3:20])=[O:16])[CH3:6])[CH2:2][CH3:3])=[CH:12]1,['CC#CC(C)OC(=CC(=O)COCC)c1ccccc1.Nc1ccccc1>>CCOC(=O)c1c(C)c(CC)n(-c2ccccc2)c1-c1ccccc1'],[CH:24]=1[CH:23]=[CH:22][C:21](=[CH:26][CH:25]=1)[NH2:27].[CH3:6][C:5]#[C:4][CH:2]([CH3:3])[O:1][C:7](=[CH:8][C:15](=[O:16])[CH2:17][O:18][CH2:19][CH3:20])[C:9]1=[CH:13][CH:14]=[CH:10][CH:11]=[CH:12]1>>[CH:11]1=[CH:10][CH:14]=[CH:13][C:9]([C:7]=2[N:27]([C:21]3=[CH:26][CH:25]=[CH:24][CH:23]=[CH:22]3)[C:4](=[C:5]([C:8]=2[C:15]([O:18][CH2:19][CH3:20])=[O:16])[CH3:6])[CH2:2][CH3:3])=[CH:12]1.CO,True,False,balanced,
226,['golden_dataset_783'],['golden_dataset'],[Br:2][CH3:1].[CH2:16]([CH2:17][CH2:18][C:19]=1[CH:21]([CH2:22][O:23][CH3:24])[CH:20]=1)[CH3:15].[CH3:3][Si:4]([CH3:5])([CH3:6])[C:7](=[O:8])[C:9]=1[CH:14]=[CH:13][CH:12]=[CH:11][CH:10]=1>>[CH3:24][O:23][CH2:22][CH:21]1[C:19]([CH:20]=[C:7]1[C:9]2=[CH:10][CH:11]=[CH:12][CH:13]=[CH:14]2)([CH2:18][CH2:17][CH2:16][CH3:15])[CH3:1],nan,['CCCCC1=CC1COC.C[Si](C)(C)C(=O)c1ccccc1.CBr>>CCCCC1(C)C=C(c2ccccc2)C1COC'],[Br:2][CH3:1].[CH2:16]([CH2:17][CH2:18][C:19]=1[CH:21]([CH2:22][O:23][CH3:24])[CH:20]=1)[CH3:15].[CH3:3][Si:4]([CH3:5])([CH3:6])[C:7](=[O:8])[C:9]=1[CH:14]=[CH:13][CH:12]=[CH:11][CH:10]=1>>[CH3:24][O:23][CH2:22][CH:21]1[C:19]([CH:20]=[C:7]1[C:9]2=[CH:10][CH:11]=[CH:12][CH:13]=[CH:14]2)([CH2:18][CH2:17][CH2:16][CH3:15])[CH3:1].[CH3:3][Si:4]([CH3:5])([CH3:6])[O:8][Si:4]([CH3:5])([CH3:6])[CH3:3].[Br:2][H:25],False,False,unbalanced,
227,['golden_dataset_788'],['golden_dataset'],[CH3:11][C:10]([CH3:12])([O:9][C:7]([C:15]1=[CH:16][N:17]([C:18]=2[CH:23]=[CH:22][CH:21]=[CH:20][C:19]1=2)[S:24](=[O:26])(=[O:25])[C:27]3=[CH:33][CH:32]=[C:30]([CH3:31])[CH:29]=[CH:28]3)([C:6]#[C:5][C:3](=[O:4])[O:2][CH3:1])[CH3:8])[O:13][CH3:14]>>[O:25]=[S:24](=[O:26])([N:17]1[C:16]=2[C:15](=[C:7]([CH3:8])[CH:6]([C:5]=2[C:3]([O:2][CH3:1])=[O:4])[O:13][CH3:14])[C:19]3=[CH:20][CH:21]=[CH:22][CH:23]=[C:18]13)[C:27]=4[CH:33]=[CH:32][C:30](=[CH:29][CH:28]=4)[CH3:31],[CH3:11][C:10]([CH3:12])([O:9][C:7]([C:15]1=[CH:16][N:17]([C:18]=2[CH:23]=[CH:22][CH:21]=[CH:20][C:19]1=2)[S:24](=[O:26])(=[O:25])[C:27]3=[CH:33][CH:32]=[C:30]([CH3:31])[CH:29]=[CH:28]3)([C:6]#[C:5][C:3](=[O:4])[O:2][CH3:1])[CH3:8])[O:13][CH3:14]>>[O:25]=[S:24](=[O:26])([N:17]1[C:16]=2[C:15](=[C:7]([CH3:8])[CH:6]([C:5]=2[C:3]([O:2][CH3:1])=[O:4])[O:13][CH3:14])[C:19]3=[CH:20][CH:21]=[CH:22][CH:23]=[C:18]13)[C:27]=4[CH:33]=[CH:32][C:30](=[CH:29][CH:28]=4)[CH3:31].CC(C)=O,[],[CH3:11][C:10]([CH3:12])([O:9][C:7]([C:15]1=[CH:16][N:17]([C:18]=2[CH:23]=[CH:22][CH:21]=[CH:20][C:19]1=2)[S:24](=[O:26])(=[O:25])[C:27]3=[CH:33][CH:32]=[C:30]([CH3:31])[CH:29]=[CH:28]3)([C:6]#[C:5][C:3](=[O:4])[O:2][CH3:1])[CH3:8])[O:13][CH3:14]>>[O:25]=[S:24](=[O:26])([N:17]1[C:16]=2[C:15](=[C:7]([CH3:8])[CH:6]([C:5]=2[C:3]([O:2][CH3:1])=[O:4])[O:13][CH3:14])[C:19]3=[CH:20][CH:21]=[CH:22][CH:23]=[C:18]13)[C:27]=4[CH:33]=[CH:32][C:30](=[CH:29][CH:28]=4)[CH3:31].CO,False,False,unbalanced,
230,['golden_dataset_823'],['golden_dataset'],[CH:40]=1[C:38](=[CH:37][CH:36]=[C:35]([CH:41]=1)[O:34][CH3:33])[I:39].[CH3:1][C:2]([CH3:3])([CH3:4])[N+:5]#[C-:6].[CH3:7][C:8]([CH3:9])([CH3:10])[N+:11]#[C-:12].[OH2:42].[O:18]=[S:17](=[O:19])([C:20]=1[CH:26]=[CH:25][C:23]([CH3:24])=[CH:22][CH:21]=1)[NH:16][N:15]=[C:14]([C:27]=2[CH:28]=[CH:29][CH:30]=[CH:31][CH:32]=2)[CH3:13]>>[CH3:7][C:8]([CH3:9])([CH3:10])[NH:11][C:12]=1[C:14](=[CH:13][N:5]([C:6]=1[C:38]=2[CH:37]=[CH:36][C:35](=[CH:41][CH:40]=2)[O:34][CH3:33])[C:2]([CH3:1])([CH3:3])[CH3:4])[C:27]=3[CH:28]=[CH:29][CH:30]=[CH:31][CH:32]=3,nan,['CC(=NNS(=O)(=O)c1ccc(C)cc1)c1ccccc1.[C-]#[N+]C(C)(C)C.[C-]#[N+]C(C)(C)C.COc1ccc(I)cc1.O>>COc1ccc(-c2c(NC(C)(C)C)c(-c3ccccc3)cn2C(C)(C)C)cc1'],[CH:40]=1[C:38](=[CH:37][CH:36]=[C:35]([CH:41]=1)[O:34][CH3:33])[I:39].[CH3:1][C:2]([CH3:3])([CH3:4])[N+:5]#[C-:6].[CH3:7][C:8]([CH3:9])([CH3:10])[N+:11]#[C-:12].[O:18]=[S:17](=[O:19])([C:20]=1[CH:26]=[CH:25][C:23]([CH3:24])=[CH:22][CH:21]=1)[NH:16][N:15]=[C:14]([C:27]=2[CH:28]=[CH:29][CH:30]=[CH:31][CH:32]=2)[CH3:13]>>[CH3:7][C:8]([CH3:9])([CH3:10])[NH:11][C:12]=1[C:14](=[CH:13][N:5]([C:6]=1[C:38]=2[CH:37]=[CH:36][C:35](=[CH:41][CH:40]=2)[O:34][CH3:33])[C:2]([CH3:1])([CH3:3])[CH3:4])[C:27]=3[CH:28]=[CH:29][CH:30]=[CH:31][CH:32]=3.O=S(=O)(Nc1ccccc1C)c1ccccc1C.I,False,False,unbalanced,
231,['golden_dataset_828'],['golden_dataset'],[CH:12]1=[CH:11][CH:10]=[C:7]([C:6]([C:4](=[O:5])[O:3][CH2:2][CH3:1])=[CH:13]1)[CH2:8][Br:9].[CH3:28][N:27]([CH3:29])[C:24]=1[CH:25]=[CH:26][C:21]([C:19](=[S:20])[C-:18]([C:16](=[O:17])[O:15][CH3:14])[C:30]2=[CH:37][CH:36]=[C:33]([O:34][CH3:35])[CH:32]=[CH:31]2)=[CH:22][CH:23]=1>>[CH3:28][N:27]([CH3:29])[C:24]=1[CH:23]=[CH:22][C:21]([C:19]2=[C:18]([C:16](=[C:8]([C:7]=3[C:6](=[CH:13][CH:12]=[CH:11][CH:10]=3)[C:4]([O:3][CH2:2][CH3:1])=[O:5])[S:20]2)[OH:17])[C:30]4=[CH:31][CH:32]=[C:33]([O:34][CH3:35])[CH:36]=[CH:37]4)=[CH:26][CH:25]=1,C1=CC=C(C(C(=O)OCC)=C1)CBr.CN(C)C=1C=CC(C(=S)[C-](C(=O)OC)C2=CC=C(OC)C=C2)=CC=1.[H+]>>CN(C)C=1C=CC(C2=C(C(=C(C=3C(=CC=CC=3)C(OCC)=O)S2)O)C4=CC=C(OC)C=C4)=CC=1.Br.CO,[],[CH:12]1=[CH:11][CH:10]=[C:7]([C:6]([C:4](=[O:5])[O:3][CH2:2][CH3:1])=[CH:13]1)[CH2:8][Br:9].[CH3:28][N:27]([CH3:29])[C:24]=1[CH:25]=[CH:26][C:21]([C:19](=[S:20])[C-:18]([C:16](=[O:17])[O:15][CH3:14])[C:30]2=[CH:37][CH:36]=[C:33]([O:34][CH3:35])[CH:32]=[CH:31]2)=[CH:22][CH:23]=1>>[CH3:28][N:27]([CH3:29])[C:24]=1[CH:23]=[CH:22][C:21]([C:19]2=[C:18]([C:16](=[C:8]([C:7]=3[C:6](=[CH:13][CH:12]=[CH:11][CH:10]=3)[C:4]([O:3][CH2:2][CH3:1])=[O:5])[S:20]2)[OH:17])[C:30]4=[CH:31][CH:32]=[C:33]([O:34][CH3:35])[CH:36]=[CH:37]4)=[CH:26][CH:25]1.[CH3:14][OH:15].[Br-:9],True,False,balanced,
234,['golden_dataset_845'],['golden_dataset'],[CH2:15]=[CH:14][CH2:13][CH2:12][C:11]1=[CH:16][CH:7]([O:8][C:9]1=[O:10])[C:6]=2[C:17](=[CH:20][CH:21]=[C:3]([O:2][CH3:1])[C:4]=2[Br:5])[O:18][CH3:19].[CH2:36]=[CH:35][CH2:34][CH2:33][C:32]1=[CH:37][CH:28]([O:29][C:30]1=[O:31])[C:27]=2[C:38](=[CH:41][CH:42]=[C:24]([O:23][CH3:22])[C:25]=2[Br:26])[O:39][CH3:40]>>[CH3:1][O:2][C:3]=1[CH:21]=[CH:20][C:17]([O:18][CH3:19])=[C:6]([C:4]=1[Br:5])[CH:7]2[CH:16]=[C:11]([CH2:12][CH2:13][CH:14]=[CH:35][CH2:34][CH2:33][C:32]3=[CH:37][CH:28]([C:27]4=[C:25]([C:24]([O:23][CH3:22])=[CH:42][CH:41]=[C:38]4[O:39][CH3:40])[Br:26])[O:29][C:30]3=[O:31])[C:9]([O:8]2)=[O:10],C=CCCC1=CC(OC1=O)C=2C(=CC=C(OC)C=2Br)OC.C=CCCC1=CC(OC1=O)C=2C(=CC=C(OC)C=2Br)OC.[O]>>COC=1C=CC(OC)=C(C=1Br)C2C=C(CCC=CCCC3=CC(C4=C(C(OC)=CC=C4OC)Br)OC3=O)C(O2)=O.CC=O,[],[CH2:15]=[CH:14][CH2:13][CH2:12][C:11]1=[CH:16][CH:7]([O:8][C:9]1=[O:10])[C:6]=2[C:17](=[CH:20][CH:21]=[C:3]([O:2][CH3:1])[C:4]=2[Br:5])[O:18][CH3:19].[CH2:36]=[CH:35][CH2:34][CH2:33][C:32]1=[CH:37][CH:28]([O:29][C:30]1=[O:31])[C:27]=2[C:38](=[CH:41][CH:42]=[C:24]([O:23][CH3:22])[C:25]=2[Br:26])[O:39][CH3:40]>>[CH3:1][O:2][C:3]=1[CH:21]=[CH:20][C:17]([O:18][CH3:19])=[C:6]([C:4]=1[Br:5])[CH:7]2[CH:16]=[C:11]([CH2:12][CH2:13][CH:14]=[CH2:15])[C:9]([O:8]2)=[O:10].[CH2:36]=[CH:35][CH2:34][CH2:33][C:32]1=[CH:37][CH:28]([C:27]2=[C:25]([C:24]([O:23][CH3:22])=[CH:42][CH:41]=[C:38]2[O:39][CH3:40])[Br:26])[O:29][C:30]1=[O:31],True,False,balanced,
235,['golden_dataset_849'],['golden_dataset'],[CH3:1][CH:2]([CH3:3])[CH2:4][C:5](=[O:6])[C:7]1=[C:8]([OH:9])[CH:10]=[C:11]([OH:12])[CH:13]=[C:14]1[OH:15].[CH3:21][CH:20]([CH3:22])[CH2:19][CH:18]([O:17][CH3:16])[O:23][CH3:24].[CH3:25][C:26]1([CH3:27])[C:28](=[O:29])[CH:30]=[C:31]([OH:32])[C:33]([CH3:34])([CH3:35])[C:36]1=[O:37]>>[CH3:34][C:33]1([CH3:35])[C:36]([C:26]([CH3:25])([CH3:27])[C:28]=2[O:15][C:14]=3[C:13]([CH:18]([C:30]=2[C:31]1=[O:32])[CH2:19][CH:20]([CH3:21])[CH3:22])=[C:11]([OH:12])[CH:10]=[C:8]([C:7]=3[C:5](=[O:6])[CH2:4][CH:2]([CH3:1])[CH3:3])[OH:9])=[O:37],nan,['CC1(C)C(=O)C=C(O)C(C)(C)C1=O.CC(C)CC(=O)c1c(O)cc(O)cc1O.COC(CC(C)C)OC>>CC(C)CC(=O)c1c(O)cc(O)c2c1OC1=C(C(=O)C(C)(C)C(=O)C1(C)C)C2CC(C)C'],[CH3:1][CH:2]([CH3:3])[CH2:4][C:5](=[O:6])[C:7]1=[C:8]([OH:9])[CH:10]=[C:11]([OH:12])[CH:13]=[C:14]1[OH:15].[CH3:21][CH:20]([CH3:22])[CH2:19][CH:18]([O:17][CH3:16])[O:23][CH3:24].[CH3:25][C:26]1([CH3:27])[C:28](=[O:29])[CH:30]=[C:31]([OH:32])[C:33]([CH3:34])([CH3:35])[C:36]1=[O:37]>>[CH3:34][C:33]1([CH3:35])[C:36]([C:26]([CH3:25])([CH3:27])[C:28]=2[O:15][C:14]=3[C:13]([CH:18]([C:30]=2[C:31]1=[O:32])[CH2:19][CH:20]([CH3:21])[CH3:22])=[C:11]([OH:12])[CH:10]=[C:8]([C:7]=3[C:5](=[O:6])[CH2:4][CH:2]([CH3:1])[CH3:3])[OH:9])=[O:37].CO.CO,False,False,unbalanced,
237,['golden_dataset_852'],['golden_dataset'],[Br:1][C:2]1=[CH:3][CH:4]=[CH:5][C:6]=2[CH:7]=[CH:8][CH:9]=[CH:10][C:11]1=2.[CH:12]=1[CH:17]=[CH:16][C:15](=[CH:14][CH:13]=1)[C:18]#[C:19][C:20]2=[CH:21][CH:22]=[CH:23][CH:24]=[CH:25]2>>[C:3]12=[C:2]([CH2:18][C:15]3=[CH:14][CH:13]=[CH:12][CH:17]=[C:16]13)[C:11]=4[CH:10]=[CH:9][CH:8]=[CH:7][C:6]=4[CH:5]=[CH:4]2,nan,['C(#Cc1ccccc1)c1ccccc1.Brc1cccc2ccccc12>>BrCc1ccccc1.c1ccc2c(c1)Cc1c-2ccc2ccccc12'],[Br:1][C:2]1=[CH:3][CH:4]=[CH:5][C:6]=2[CH:7]=[CH:8][CH:9]=[CH:10][C:11]1=2.[CH:12]=1[CH:17]=[CH:16][C:15](=[CH:14][CH:13]=1)[C:18]#[C:19][C:20]2=[CH:21][CH:22]=[CH:23][CH:24]=[CH:25]2>>[C:3]12=[C:2]([CH2:18][C:15]3=[CH:14][CH:13]=[CH:12][CH:17]=[C:16]13)[C:11]=4[CH:10]=[CH:9][CH:8]=[CH:7][C:6]=4[CH:5]=[CH:4]2.Br,False,False,unbalanced,
240,['golden_dataset_864'],['golden_dataset'],[CH3:1][C:2]([CH3:3])([CH3:4])[O:5][C:6](=[O:7])[N:8]([CH:12]1[CH2:13][CH:14]=[CH:15][CH:16]1[CH2:17][N:18]([CH2:19][CH:20]=[CH2:21])[S:22](=[O:24])(=[O:23])[C:25]=2[CH:30]=[CH:29][C:28]([N+:31](=[O:33])[O-:32])=[CH:27][CH:26]=2)[CH2:9][CH:10]=[CH2:11]>>[CH3:1][C:2]([CH3:3])([CH3:4])[O:5][C:6](=[O:7])[N:8]1[CH:12]([CH2:13][CH:14]=[CH:10][CH2:9]1)[CH:16]2[CH:15]=[CH:20][CH2:19][N:18]([S:22](=[O:24])(=[O:23])[C:25]3=[CH:30][CH:29]=[C:28]([CH:27]=[CH:26]3)[N+:31]([O-:32])=[O:33])[CH2:17]2,[O].CC(C)(C)OC(=O)N(C1CC=CC1CN(CC=C)S(=O)(=O)C=2C=CC([N+](=O)[O-])=CC=2)CC=C>>CC=O.CC(C)(C)OC(=O)N1C(CC=CC1)C2C=CCN(S(=O)(=O)C3=CC=C(C=C3)[N+]([O-])=O)C2,[],[CH3:1][C:2]([CH3:3])([CH3:4])[O:5][C:6](=[O:7])[N:8]([CH:12]1[CH2:13][CH:14]=[CH:15][CH:16]1[CH2:17][N:18]([CH2:19][CH:20]=[CH2:21])[S:22](=[O:24])(=[O:23])[C:25]=2[CH:30]=[CH:29][C:28]([N+:31](=[O:33])[O-:32])=[CH:27][CH:26]=2)[CH2:9][CH:10]=[CH2:11]>>[CH3:1][C:2]([CH3:3])([CH3:4])[O:5][C:6](=[O:7])[N:8]1[CH:12]([CH2:13][CH:14]=[CH:10][CH2:9]1)[CH:16]2[CH:15]=[CH:20][CH2:19][N:18]([S:22](=[O:24])(=[O:23])[C:25]3=[CH:30][CH:29]=[C:28]([CH:27]=[CH:26]3)[N+:31]([O-:32])=[O:33])[CH2:17]2.C=C,True,False,balanced,
242,['golden_dataset_867'],['golden_dataset'],[CH:15]([CH2:17][C:18]1=[CH:19][C:20](=[CH:23][C:24](=[CH:27]1)[O:25][CH3:26])[O:21][CH3:22])([OH:16])[CH2:14][CH:13]2[O:28][CH:8]([CH2:10][CH2:11][CH2:12]2)[CH3:9].[CH3:1][O:2][CH:3]([O:4][CH3:5])[O:6][CH3:7]>>[CH:3]1([O:16][CH:15]([CH2:14][CH:13]2[O:28][CH:8]([CH2:10][CH2:11][CH2:12]2)[CH3:9])[CH2:17][C:18]=3[C:27]1=[C:24]([CH:23]=[C:20]([O:21][CH3:22])[CH:19]=3)[O:25][CH3:26])[O:6][CH3:7],[CH:15]([CH2:17][C:18]1=[CH:19][C:20](=[CH:23][C:24](=[CH:27]1)[O:25][CH3:26])[O:21][CH3:22])([OH:16])[CH2:14][CH:13]2[O:28][CH:8]([CH2:10][CH2:11][CH2:12]2)[CH3:9].[CH3:1][O:2][CH:3]([O:4][CH3:5])[O:6][CH3:7]>>[CH:3]1([O:16][CH:15]([CH2:14][CH:13]2[O:28][CH:8]([CH2:10][CH2:11][CH2:12]2)[CH3:9])[CH2:17][C:18]=3[C:27]1=[C:24]([CH:23]=[C:20]([O:21][CH3:22])[CH:19]=3)[O:25][CH3:26])[O:6][CH3:7].[OH:4][CH3:5].[OH:6][CH3:7],[],[CH:15]([CH2:17][C:18]1=[CH:19][C:20](=[CH:23][C:24](=[CH:27]1)[O:25][CH3:26])[O:21][CH3:22])([OH:16])[CH2:14][CH:13]2[O:28][CH:8]([CH2:10][CH2:11][CH2:12]2)[CH3:9].[CH3:1][O:2][CH:3]([O:4][CH3:5])[O:6][CH3:7]>>[CH:3]1([O:16][CH:15]([CH2:14][CH:13]2[O:28][CH:8]([CH2:10][CH2:11][CH2:12]2)[CH3:9])[CH2:17][C:18]=3[C:27]1=[C:24]([CH:23]=[C:20]([O:21][CH3:22])[CH:19]=3)[O:25][CH3:26])[O:6][CH3:7].[CH3:1][O:2][CH3:5],False,False,unbalanced,
245,['golden_dataset_872'],['golden_dataset'],[CH3:33][CH:32]([CH3:34])[O:31][C:30]1=[CH:29][C:28]=2[C:26]([Br:27])=[CH:25][C:24]=3[C:23](=[C:43]([OH:44])[CH:42]=[C:39]([O:40][CH3:41])[C:38]=3[C:37]=2[CH:36]=[CH:35]1)[C:19]4=[C:20]([CH:22]=[C:3]([O:2][CH3:1])[C:4]5=[C:18]4[CH:17]=[C:15]([Br:16])[C:14]6=[CH:13][C:8](=[CH:7][CH:6]=[C:5]56)[O:9][CH:10]([CH3:11])[CH3:12])[OH:21]>>[CH3:11][CH:10]([CH3:12])[O:9][C:8]=1[CH:13]=[C:14]2[C:15](=[CH:17][C:18]3=[C:4]([C:3](=[CH:22][C:20]=4[O:21][C:43](=[O:44])[C:23]5([CH2:42][C:39]([C:38]=6[C:37]=7[C:28]([C:26]([Br:27])=[CH:25][C:24]5=6)=[CH:29][C:30](=[CH:35][CH:36]=7)[O:31][CH:32]([CH3:33])[CH3:34])=[O:40])[C:19]3=4)[O:2][CH3:1])[C:5]2=[CH:6][CH:7]=1)[Br:16],[CH3:33][CH:32]([CH3:34])[O:31][C:30]1=[CH:29][C:28]=2[C:26]([Br:27])=[CH:25][C:24]=3[C:23](=[C:43]([OH:44])[CH:42]=[C:39]([O:40][CH3:41])[C:38]=3[C:37]=2[CH:36]=[CH:35]1)[C:19]4=[C:20]([CH:22]=[C:3]([O:2][CH3:1])[C:4]5=[C:18]4[CH:17]=[C:15]([Br:16])[C:14]6=[CH:13][C:8](=[CH:7][CH:6]=[C:5]56)[O:9][CH:10]([CH3:11])[CH3:12])[OH:21]>>[CH3:11][CH:10]([CH3:12])[O:9][C:8]=1[CH:13]=[C:14]2[C:15](=[CH:17][C:18]3=[C:4]([C:3](=[CH:22][C:20]=4[O:21][C:43](=[O:44])[C:23]5([CH2:42][C:39]([C:38]=6[C:37]=7[C:28]([C:26]([Br:27])=[CH:25][C:24]5=6)=[CH:29][C:30](=[CH:35][CH:36]=7)[O:31][CH:32]([CH3:33])[CH3:34])=[O:40])[C:19]3=4)[O:2][CH3:1])[C:5]2=[CH:6][CH:7]=1)[Br:16].I[CH3:41],[],[CH3:33][CH:32]([CH3:34])[O:31][C:30]1=[CH:29][C:28]=2[C:26]([Br:27])=[CH:25][C:24]=3[C:23](=[C:43]([OH:44])[CH:42]=[C:39]([O:40][CH3:41])[C:38]=3[C:37]=2[CH:36]=[CH:35]1)[C:19]4=[C:20]([CH:22]=[C:3]([O:2][CH3:1])[C:4]5=[C:18]4[CH:17]=[C:15]([Br:16])[C:14]6=[CH:13][C:8](=[CH:7][CH:6]=[C:5]56)[O:9][CH:10]([CH3:11])[CH3:12])[OH:21]>>[CH3:11][CH:10]([CH3:12])[O:9][C:8]=1[CH:13]=[C:14]2[C:15](=[CH:17][C:18]3=[C:4]([C:3](=[CH:22][C:20]=4[O:21][C:43](=[O:44])[C:23]5([CH2:42][C:39]([C:38]=6[C:37]=7[C:28]([C:26]([Br:27])=[CH:25][C:24]5=6)=[CH:29][C:30](=[CH:35][CH:36]=7)[O:31][CH:32]([CH3:33])[CH3:34])=[O:40])[C:19]3=4)[O:2][CH3:1])[C:5]2=[CH:6][CH:7]=1)[Br:16].[CH3:41][OH:41],False,False,unbalanced,
257,['golden_dataset_928'],['golden_dataset'],[CH:24]=1[CH:23]=[C:22]([CH:27]=[CH:26][CH:25]=1)[P:21]([C:28]2=[CH:33][CH:32]=[CH:31][CH:30]=[CH:29]2)([C:34]3=[CH:35][CH:36]=[CH:37][CH:38]=[CH:39]3)=[C:18]([C:19]#[N:20])[CH3:17].[N:4]1([C:12]2=[CH:13][CH:14]=[CH:15][CH:16]=[C:11]2[C:9](=[O:10])[CH:5]1[CH2:8][CH:7]=[CH2:6])[C:2]([CH3:1])=[O:3]>>[N:4]1([CH:5]=[C:9]([C:18]([C:19]#[N:20])([CH2:6][CH:7]=[CH2:8])[CH3:17])[C:11]2=[CH:16][CH:15]=[CH:14][CH:13]=[C:12]12)[C:2]([CH3:1])=[O:3],[N:4]1([C:12]2=[CH:13][CH:14]=[CH:15][CH:16]=[C:11]2[C:9](=[O:10])[CH:5]1[CH2:8][CH:7]=[CH2:6])[C:2]([CH3:1])=[O:3].[CH:24]=1[CH:23]=[C:22]([CH:27]=[CH:26][CH:25]=1)[P:21]([C:28]2=[CH:33][CH:32]=[CH:31][CH:30]=[CH:29]2)([C:34]3=[CH:35][CH:36]=[CH:37][CH:38]=[CH:39]3)=[C:18]([C:19]#[N:20])[CH3:17]>>[N:4]1([CH:5]=[C:9]([C:18]([C:19]#[N:20])([CH2:6][CH:7]=[CH2:8])[CH3:17])[C:11]2=[CH:16][CH:15]=[CH:14][CH:13]=[C:12]12)[C:2]([CH3:1])=[O:3].O=P(c1ccccc1)(c1ccccc1)c1ccccc1,[],[CH:24]=1[CH:23]=[C:22]([CH:27]=[CH:26][CH:25]=1)[P:21]([C:28]2=[CH:33][CH:32]=[CH:31][CH:30]=[CH:29]2)([C:34]3=[CH:35][CH:36]=[CH:37][CH:38]=[CH:39]3)=[C:18]([C:19]#[N:20])[CH3:17].[N:4]1([C:12]2=[CH:13][CH:14]=[CH:15][CH:16]=[C:11]2[C:9](=[O:10])[CH:5]1[CH2:8][CH:7]=[CH2:6])[C:2]([CH3:1])=[O:3]>>[N:4]1([CH:5]=[C:9]([C:18]([C:19]#[N:20])([CH2:6][CH:7]=[CH2:8])[CH3:17])[C:11]2=[CH:16][CH:15]=[CH:14][CH:13]=[C:12]12)[C:2]([CH3:1])=[O:3].O=P(c1ccccc1)(c1ccccc1)c1ccccc1,True,True,balanced,
261,['golden_dataset_941'],['golden_dataset'],[CH:7]=1[CH:8]=[CH:9][C:4](=[CH:5][CH:6]=1)[CH:3]=[O:2].[CH:15]=1[CH:16]=[CH:17][C:12](=[CH:13][CH:14]=1)[CH:11]=[O:10].[OH2:1]>>[CH:13]1=[C:12]([CH:17]=[CH:16][CH:15]=[CH:14]1)[CH2:11][OH:10],C=1C=CC(=CC=1)C=O.C=1C=CC(=CC=1)C=O.O.[H].[H]>>C1=C(C=CC=C1)CO.O.O=Cc1ccccc1,[],[CH:7]=1[CH:8]=[CH:9][C:4](=[CH:5][CH:6]=1)[CH:3]=[O:2].[CH:15]=1[CH:16]=[CH:17][C:12](=[CH:13][CH:14]=1)[CH:11]=[O:10].[OH2:1]>>[CH:13]1=[C:12]([CH:17]=[CH:16][CH:15]=[CH:14]1)[CH2:11][OH:10].[CH:7]=1[CH:8]=[CH:9][C:4](=[CH:5][CH:6]=1)[CH3:3][OH:2],False,False,unbalanced,
271,['golden_dataset_971'],['golden_dataset'],[CH2:6]([SH:7])[CH2:5][C:3]([O:2][CH3:1])=[O:4].[NH4+:8].[OH-:9]>>[CH2:6]([SH:7])[CH2:5][C:3]([NH2:8])=[O:4],C(S)CC(OC)=O.[NH4+]>>CO.[H+].C(S)CC(N)=O,[],[CH2:6]([SH:7])[CH2:5][C:3]([O:2][CH3:1])=[O:4].[NH4+:8].[OH-:9]>>[CH2:6]([SH:7])[CH2:5][C:3]([NH2:8])=[O:4].[CH3:1][OH:2].[O:9],False,False,unbalanced,
272,['golden_dataset_972'],['golden_dataset'],[NH2:6][CH:5]([C:3]([O:2][CH3:1])=[O:4])[CH2:7][SH:8].[NH4+:9].[OH-:10]>>[NH2:6][CH:5]([CH2:7][SH:8])[C:3]([NH2:9])=[O:4],NC(C(OC)=O)CS.[NH4+]>>NC(CS)C(N)=O.CO.[H+],[],[NH2:6][CH:5]([C:3]([O:2][CH3:1])=[O:4])[CH2:7][SH:8].[NH4+:9].[OH-:10]>>[NH2:6][CH:5]([CH2:7][SH:8])[C:3]([NH2:9])=[O:4].[CH3:1][OH:2].[OH2:10],True,False,balanced,
273,['golden_dataset_983'],['golden_dataset'],[CH2:2]([CH3:1])[C:3]([O:5][CH3:6])=[O:4].[IH:7]>>[CH2:2]([CH3:1])[C:3](=[O:4])[OH:5],C(C)C(OC)=O.I.O>>C(C)C(=O)O.CO.I,[],[CH2:2]([CH3:1])[C:3]([O:5][CH3:6])=[O:4].[IH:7]>>[CH2:2]([CH3:1])[C:3](=[O:4])[OH:5].[CH3:6][I:7],True,False,balanced,
275,['golden_dataset_986'],['golden_dataset'],[NH2:1][CH:2]([OH:3])[CH:4]([OH:5])[CH:6]=[CH2:7].[O:9]([CH3:8])[P:10]([O:11][CH3:12])[O:13][CH3:14]>>[O:11]([CH3:12])[P:10]([O:13][CH3:14])(=[O:9])[O:3][CH:2]([CH:4]([OH:5])[CH:6]=[CH2:7])[NH2:1],[NH2:1][CH:2]([OH:3])[CH:4]([OH:5])[CH:6]=[CH2:7].[O:9]([CH3:8])[P:10]([O:11][CH3:12])[O:13][CH3:14].[O]>>[O:11]([CH3:12])[P:10]([O:13][CH3:14])(=[O:9])[O:3][CH:2]([CH:4]([OH:5])[CH:6]=[CH2:7])[NH2:1].O[CH3:14],[],[NH2:1][CH:2]([OH:3])[CH:4]([OH:5])[CH:6]=[CH2:7].[O:9]([CH3:8])[P:10]([O:11][CH3:12])[O:13][CH3:14]>>[O:11]([CH3:12])[P:10]([O:13][CH3:14])(=[O:9])[O:3][CH:2]([CH:4]([OH:5])[CH:6]=[CH2:7])[NH2:1].CO,False,False,unbalanced,
276,['golden_dataset_988'],['golden_dataset'],[CH2:6]([SH:7])[CH2:5][O:4][C:2]([CH3:1])=[O:3]>>[CH2:5]1[CH2:6][S:7]1,[CH2:6]([SH:7])[CH2:5][O:4][C:2]([CH3:1])=[O:3]>>[CH2:5]1[CH2:6][S:7]1.[CH3:1][C:2](=[O:3])[OH:4],[],[CH2:6]([SH:7])[CH2:5][O:4][C:2]([CH3:1])=[O:3]>>[CH2:5]1[CH2:6][S:7]1.[CH3:1][C:2](=[O:3])[OH:4],True,True,balanced,
279,['golden_dataset_1001'],['golden_dataset'],[CH3:4][C:3]([O:2][CH3:1])=[O:5].[O-:8][CH2:7][CH3:6]>>[CH3:4][C:3](=[O:5])[O:8][CH2:7][CH3:6],[CH3:4][C:3]([O:2][CH3:1])=[O:5].[H+].[O-:8][CH2:7][CH3:6]>>[CH3:4][C:3](=[O:5])[O:8][CH2:7][CH3:6].[CH3:1][OH:2],[],[CH3:4][C:3]([O:2][CH3:1])=[O:5].[O-:8][CH2:7][CH3:6]>>[CH3:4][C:3](=[O:5])[O:8][CH2:7][CH3:6].[CH3:1][OH:2],False,False,unbalanced,
284,['Jaworski_8'],['Jaworski'],OC1(C=CC(=O)C=C1)C#Cc1ccccc1.C=C1CC(=O)O1>>CC(=O)Cc1cc(ccc1O)C#Cc1ccccc1,OC1(C=CC(=O)C=C1)C#Cc1ccccc1.C=C1CC(=O)O1.O.O>>CC(=O)Cc1cc(ccc1O)C#Cc1ccccc1.O.O=C(O)O,[],OC1(C=CC(=O)C=C1)C#Cc1ccccc1.C=C1CC(=O)O1>>CC(=O)Cc1cc(ccc1O)C#Cc1ccccc1.CO2,False,False,unbalanced,
285,['golden_dataset_1021'],['golden_dataset'],[CH:9]=1[CH:8]=[CH:7][CH:6]=[C:5]([C:10]=1[C:11]=2[N:16]=[CH:15][CH:14]=[CH:13][N:12]=2)[O:4][CH2:3][C:2]#[CH:1]>>[CH:14]=1[CH:13]=[N:12][C:11]2=[C:2]([CH2:3][O:4][C:5]3=[CH:6][CH:7]=[CH:8][CH:9]=[C:10]23)[CH:1]=1,nan,['C#CCOc1ccccc1-c1ncccn1>>c1cnc2c(c1)COc1ccccc1-2'],[CH:9]=1[CH:8]=[CH:7][CH:6]=[C:5]([C:10]=1[C:11]=2[N:16]=[CH:15][CH:14]=[CH:13][N:12]=2)[O:4][CH2:3][C:2]#[CH:1]>>[CH:14]=1[CH:13]=[N:12][C:11]2=[C:2]([CH2:3][O:4][C:5]3=[CH:6][CH:7]=[CH:8][CH:9]=[C:10]23)[CH:1]=1.[CH:15]=1[CH:14]=[N:12][C:11]2=[C:2]([CH2:3][O:4][C:5]3=[CH:6][CH:7]=[CH:8][CH:9]=[C:10]23)[CH:1]=1,False,False,unbalanced,
288,['golden_dataset_1028'],['golden_dataset'],[CH:13]#[C:12][C:7]=1[C:6](=[CH:11][CH:10]=[CH:9][CH:8]=1)[CH3:5].[C:15]1([CH3:14])=[CH:22][CH:21]=[C:19]([NH2:20])[C:17]([CH3:18])=[CH:16]1.[CH3:1][S:2]([CH3:3])=[O:4]>>[CH3:18][C:17]=1[C:19]=2[N:20]=[CH:3][CH:13]=[C:12]([C:7]3=[C:6]([CH:11]=[CH:10][CH:9]=[CH:8]3)[CH3:5])[C:21]=2[CH:22]=[C:15]([CH3:14])[CH:16]=1,C#CC=1C(=CC=CC=1)C.C1(C)=CC=C(N)C(C)=C1.CS(C)=O.[O].[O]>>CC=1C=2N=CC=C(C3=C(C=CC=C3)C)C=2C=C(C)C=1.C[SH]=O.O.O,[],[CH:13]#[C:12][C:7]=1[C:6](=[CH:11][CH:10]=[CH:9][CH:8]=1)[CH3:5].[C:15]1([CH3:14])=[CH:22][CH:21]=[C:19]([NH2:20])[C:17]([CH3:18])=[CH:16]1.[CH3:1][S:2]([CH3:3])=[O:4]>>[CH3:18][C:17]=1[C:19]=2[N:20]=[CH:3][CH:13]=[C:12]([C:7]3=[C:6]([CH:11]=[CH:10][CH:9]=[CH:8]3)[CH3:5])[C:21]=2[CH:22]=[C:15]([CH3:14])[CH:16]=1.CS(C)=O,False,False,unbalanced,
298,['Jaworski_166'],['Jaworski'],CC(C)(C)OC(=O)N1C(CC2CCCCOC2)COC1(C)C.O>>CC(C)(C)OC(=O)NC(CO)CC1CCCCOC1,CC(C)(C)OC(=O)N1C(CC2CCCCOC2)COC1(C)C.O>>CC(C)(C)OC(=O)NC(CO)CC1CCCCOC1.CC(C)=O,[],CC(C)(C)OC(=O)N1C(CC2CCCCOC2)COC1(C)C.O>>CC(C)(C)OC(=O)NC(CO)CC1CCCCOC1.CC(C)=O,True,True,balanced,
305,['Jaworski_257'],['Jaworski'],COCN(c1cc(C)cnc1Br)S(=O)(=O)c1ccc(Cl)c(c1)C(F)(F)F.CN(C)C=O.CC(C)[Mg+].[Cl-]>>COCN(c1cc(C)cnc1C=O)S(=O)(=O)c1ccc(Cl)c(c1)C(F)(F)F,[CH3:2][CH:3]([CH3:4])[Mg+:5].[CH3:6][N:7]([CH3:8])[CH:9]=[O:10].[F:34][C:33]([F:35])([F:36])[C:31]=1[CH:32]=[C:26]([CH:27]=[CH:28][C:29]=1[Cl:30])[S:23](=[O:24])(=[O:25])[N:14]([CH2:13][O:12][CH3:11])[C:15]=2[C:21]([Br:22])=[N:20][CH:19]=[C:17]([CH3:18])[CH:16]=2.[Cl-:1].[H].[H]>>[F:34][C:33]([F:35])([F:36])[C:31]1=[C:29]([CH:28]=[CH:27][C:26]([S:23](=[O:24])(=[O:25])[N:14]([CH2:13][O:12][CH3:11])[C:15]2=[CH:16][C:17]([CH3:18])=[CH:19][N:20]=[C:21]2[CH:9]=[O:10])=[CH:32]1)[Cl:30].[BrH:22].[CH3:2][CH:3]([CH3:4])[Mg+:5].[CH3:6][NH:7][CH3:8].[Cl-:1],['COCN(c1cc(C)cnc1Br)S(=O)(=O)c1ccc(Cl)c(C(F)(F)F)c1.CN(C)C=O.CC(C)[Mg+].[Cl-]>>COCN(c1cc(C)cnc1C=O)S(=O)(=O)c1ccc(Cl)c(C(F)(F)F)c1.CC(C)[Mg+].CNC.[Cl-].Br'],COCN(c1cc(C)cnc1Br)S(=O)(=O)c1ccc(Cl)c(c1)C(F)(F)F.CN(C)C=O.CC(C)[Mg+].[Cl-]>>COCN(c1cc(C)cnc1C=O)S(=O)(=O)c1ccc(Cl)c(c1)C(F)(F)F.CC(C)Br.[Mg+2].[Cl-].[Cl-].[NH4+],False,False,unbalanced,
306,['Jaworski_269'],['Jaworski'],COC(=O)C1(CC=C)CCOCC1.O=[Os](=O)(=O)=O.O>>COC(=O)C1(CC=O)CCOCC1,nan,['C=CCC1(C(=O)OC)CCOCC1.O=[Os](=O)(=O)=O.O>>COC(=O)C1(CC=O)CCOCC1'],COC(=O)C1(CC=C)CCOCC1.O=[Os](=O)(=O)=O.O>>COC(=O)C1(CC=O)CCOCC1.CO.O=[Os](=O)(=O)=O,False,False,unbalanced,
311,['golden_dataset_1140'],['golden_dataset'],[C:12]=12[C:5](=[N:4][NH:3][C:2]=1[I:1])[CH:6]=[C:7]([CH:10]=[CH:11]2)[CH:8]=[O:9].[CH3:25][N:24]1[C:23]=2[C:29](=[CH:30][C:20](=[CH:21][CH:22]=2)[O:19][CH3:18])[CH2:28][C:26]1=[O:27].[CH3:16][S+:14]([CH3:13])([CH3:15])=[O:17]>>[CH:8]1([C:7]2=[CH:6][C:5]=3[C:12]([CH:11]=[CH:10]2)=[C:2]([I:1])[NH:3][N:4]=3)[CH2:16][C:28]14[C:29]5=[CH:30][C:20](=[CH:21][CH:22]=[C:23]5[N:24]([CH3:25])[C:26]4=[O:27])[O:19][CH3:18],C=12C(=NNC=1I)C=C(C=C2)C=O.CN1C=2C(=CC(=CC=2)OC)CC1=O.C[S+](C)(C)=O.[O]>>C1(C2=CC=3C(C=C2)=C(I)NN=3)CC14C5=CC(=CC=C5N(C)C4=O)OC.C[S+](C)(=O)O.O,[],[C:12]=12[C:5](=[N:4][NH:3][C:2]=1[I:1])[CH:6]=[C:7]([CH:10]=[CH:11]2)[CH:8]=[O:9].[CH3:25][N:24]1[C:23]=2[C:29](=[CH:30][C:20](=[CH:21][CH:22]=2)[O:19][CH3:18])[CH2:28][C:26]1=[O:27].[CH3:16][S+:14]([CH3:13])([CH3:15])=[O:17]>>[CH:8]1([C:7]2=[CH:6][C:5]=3[C:12]([CH:11]=[CH:10]2)=[C:2]([I:1])[NH:3][N:4]=3)[CH2:16][C:28]14[C:29]5=[CH:30][C:20](=[CH:21][CH:22]=[C:23]5[N:24]([CH3:25])[C:26]4=[O:27])[O:19][CH3:18].CS(C)=O.O,False,False,unbalanced,
312,['Jaworski_380'],['Jaworski'],CC(=S)OCc1ccc(cc1)[N+]([O-])=O>>[O-][N+](=O)c1ccc(CS)cc1,CC(=S)OCc1ccc(cc1)[N+]([O-])=O.[H+].[H+].[S-2]>>[O-][N+](=O)c1ccc(CS)cc1.CC(O)=S,[],CC(=S)OCc1ccc(cc1)[N+]([O-])=O>>[O-][N+](=O)c1ccc(CS)cc1.CC(=O)O,False,False,unbalanced,
317,['golden_dataset_1172'],['golden_dataset'],[Cl:15][C:14]=1[C:12](=[CH:11][CH:10]=[C:9]([C:7]([C:6]2=[CH:5][CH:4]=[N:3][N:2]2[CH3:1])=[O:8])[C:16]=1[Cl:17])[OH:13]>>[CH:5]=1[CH:4]=[N:3][N:2]([C:6]=1[C:7](=[CH2:18])[C:9]=2[C:16](=[C:14]([Cl:15])[C:12](=[CH:11][CH:10]=2)[OH:13])[Cl:17])[CH3:1],nan,['Cn1nccc1C(=O)c1ccc(O)c(Cl)c1Cl.CO>>C=C(c1ccc(O)c(Cl)c1Cl)c1ccnn1C'],[Cl:15][C:14]=1[C:12](=[CH:11][CH:10]=[C:9]([C:7]([C:6]2=[CH:5][CH:4]=[N:3][N:2]2[CH3:1])=[O:8])[C:16]=1[Cl:17])[OH:13]>>[CH:5]=1[CH:4]=[N:3][N:2]([C:6]=1[C:7](=[CH2:18])[C:9]=2[C:16](=[C:14]([Cl:15])[C:12](=[CH:11][CH:10]=2)[OH:13])[Cl:17])[CH3:1].O,False,False,unbalanced,
319,['golden_dataset_1175'],['golden_dataset'],[CH:3]1=[C:2]([C:8](=[CH:7][C:5]([F:6])=[CH:4]1)[F:9])[CH3:1]>>[CH:3]=1[CH:4]=[C:5]([F:6])[C:7]([C:10](=[O:12])[OH:11])=[C:8]([C:2]=1[CH3:1])[F:9],O=C(O)O.C1=C(C(=CC(F)=C1)F)C>>C=1C=C(F)C(C(=O)O)=C(C=1C)F.O,[],[CH:3]1=[C:2]([C:8](=[CH:7][C:5]([F:6])=[CH:4]1)[F:9])[CH3:1].O=C=O>>[CH:3]=1[CH:4]=[C:5]([F:6])[C:7]([C:10](=[O:12])[OH:11])=[C:8]([C:2]=1[CH3:1])[F:9],True,False,balanced,
322,['golden_dataset_1195'],['golden_dataset'],[CH3:10][C:9]([C:6]([C:4]([O:3][CH2:2][CH3:1])=[O:5])=[N:7][OH:8])=[O:11]>>[CH3:10][C:9](=[O:11])[C:6](=[N:7][O:8][CH2:14][CH2:13][Br:12])[C:4]([O:3][CH2:2][CH3:1])=[O:5],OCCBr.CC(C(C(OCC)=O)=NO)=O>>CC(=O)C(=NOCCBr)C(OCC)=O.O,[],[CH3:10][C:9]([C:6]([C:4]([O:3][CH2:2][CH3:1])=[O:5])=[N:7][OH:8])=[O:11].[Br:12][CH2:13][CH2:14]Br>>[CH3:10][C:9](=[O:11])[C:6](=[N:7][O:8][CH2:14][CH2:13][Br:12])[C:4]([O:3][CH2:2][CH3:1])=[O:5],False,False,unbalanced,
323,['golden_dataset_1196'],['golden_dataset'],[C:9]1(=[CH:10][CH:11]=[CH:12][S:13]1)[CH:8]=[O:7].[CH2:1]1[CH2:2][O:3][CH2:4][CH2:5][NH:6]1>>[CH2:2]1[CH2:1][N:6]([CH2:5][CH2:4][O:3]1)[CH:8]([C:9]=2[S:13][CH:12]=[CH:11][CH:10]=2)[C:14]#[N:15],[C:9]1(=[CH:10][CH:11]=[CH:12][S:13]1)[CH:8]=[O:7].CN.[CH2:1]1[CH2:2][O:3][CH2:4][CH2:5][NH:6]1.[O].[O]>>[CH2:2]1[CH2:1][N:6]([CH2:5][CH2:4][O:3]1)[CH:8]([C:9]=2[S:13][CH:12]=[CH:11][CH:10]=2)[C:14]#[N:15].O.O.O,[],[C:9]1(=[CH:10][CH:11]=[CH:12][S:13]1)[CH:8]=[O:7].[CH2:1]1[CH2:2][O:3][CH2:4][CH2:5][NH:6]1.[C:14]#[N:15]>>[CH2:2]1[CH2:1][N:6]([CH2:5][CH2:4][O:3]1)[CH:8]([C:9]=2[S:13][CH:12]=[CH:11][CH:10]=2)[C:14]#[N:15].[OH:7][H],False,False,unbalanced,
326,['golden_dataset_1206'],['golden_dataset'],[CH2:2]([CH3:1])[O:3][P:4]([O:7][CH2:8][CH3:9])([S-:6])=[S:5].[NH4+:10]>>[CH2:2]([CH3:1])[O:3][P:4]([O:7][CH2:8][CH3:9])([S:6][CH2:11][Cl:12])=[S:5],nan,['CCOP(=S)([S-])OCC.[NH4+].CCl>>CCOP(=S)(OCC)SCCl'],ClCCl.[CH2:2]([CH3:1])[O:3][P:4]([O:7][CH2:8][CH3:9])([S-:6])=[S:5].[NH4+:10]>>[CH2:2]([CH3:1])[O:3][P:4]([O:7][CH2:8][CH3:9])([S:6][CH2:11][Cl:12])=[S:5].[NH4+:10],False,False,unbalanced,
328,['golden_dataset_1216'],['golden_dataset'],[NH2:9][C:8]=1[S:10][C:11]([C:12]([CH2:14][Br:15])=[O:13])=[C:6]([C:4]([O:3][CH2:2][CH3:1])=[O:5])[N:7]=1>>[NH2:9][C:8]1=[N:7][C:6]([C:4]([O:3][CH2:2][CH3:1])=[O:5])=[C:11]([C:12]=2[N:18]=[C:17]([S:19][CH:14]=2)[CH3:16])[S:10]1,CC(N)=S.[NH2:9][C:8]=1[S:10][C:11]([C:12]([CH2:14][Br:15])=[O:13])=[C:6]([C:4]([O:3][CH2:2][CH3:1])=[O:5])[N:7]=1>>O.[Br-].[NH2:9][C:8]1=[N:7][C:6]([C:4]([O:3][CH2:2][CH3:1])=[O:5])=[C:11]([C:12]=2[N:18]=[C:17]([S:19][CH:14]=2)[CH3:16])[S:10]1.[H+],['CCOC(=O)c1nc(N)sc1C(=O)CBr>>CCOC(=O)c1nc(N)sc1-c1csc(C)n1'],[NH2:9][C:8]=1[S:10][C:11]([C:12]([CH2:14][Br:15])=[O:13])=[C:6]([C:4]([O:3][CH2:2][CH3:1])=[O:5])[N:7]=1.CC(N)=S>>[NH2:9][C:8]1=[N:7][C:6]([C:4]([O:3][CH2:2][CH3:1])=[O:5])=[C:11]([C:12]=2[N:18]=[C:17]([S:19][CH:14]=2)[CH3:16])[S:10]1.O.O=C1CCC(=O)N1Br,False,False,unbalanced,
332,['golden_dataset_1223'],['golden_dataset'],[CH3:23][CH2:22][Si:21]([CH2:24][CH3:25])([CH2:26][CH3:27])[O:20][C:9]1([CH:13]([CH2:12][CH2:11][CH2:10]1)[CH2:14][CH:15]([O:16][CH3:17])[O:18][CH3:19])[C:7]2=[CH:8][CH:1]3[CH:5]([CH2:6]2)[CH:4]=[CH:3][CH2:2]3>>[CH2:10]1[C:9]([C:7]23[CH2:6][CH:5]4[CH:1]([CH2:2][CH:3]=[CH:4]4)[CH:8]3[CH:15]([O:18][CH3:19])[CH2:14][CH:13]2[CH2:12][CH2:11]1)=[O:20].[CH3:23][CH2:22][SiH:21]([CH2:24][CH3:25])[CH2:26][CH3:27],[CH3:23][CH2:22][Si:21]([CH2:24][CH3:25])([CH2:26][CH3:27])[O:20][C:9]1([CH:13]([CH2:12][CH2:11][CH2:10]1)[CH2:14][CH:15]([O:16][CH3:17])[O:18][CH3:19])[C:7]2=[CH:8][CH:1]3[CH:5]([CH2:6]2)[CH:4]=[CH:3][CH2:2]3.[H].[H]>>[CH2:10]1[C:9]([C:7]23[CH2:6][CH:5]4[CH:1]([CH2:2][CH:3]=[CH:4]4)[CH:8]3[CH:15]([O:18][CH3:19])[CH2:14][CH:13]2[CH2:12][CH2:11]1)=[O:20].[CH3:17][OH:16].[CH3:23][CH2:22][SiH:21]([CH2:24][CH3:25])[CH2:26][CH3:27],[],[CH3:23][CH2:22][Si:21]([CH2:24][CH3:25])([CH2:26][CH3:27])[O:20][C:9]1([CH:13]([CH2:12][CH2:11][CH2:10]1)[CH2:14][CH:15]([O:16][CH3:17])[O:18][CH3:19])[C:7]2=[CH:8][CH:1]3[CH:5]([CH2:6]2)[CH:4]=[CH:3][CH2:2]3>>[CH2:10]1[C:9]([C:7]23[CH2:6][CH:5]4[CH:1]([CH2:2][CH:3]=[CH:4]4)[CH:8]3[CH:15]([O:18][CH3:19])[CH2:14][CH:13]2[CH2:12][CH2:11]1)=[O:20].[CH3:23][CH2:22][SiH:21]([CH2:24][CH3:25])[CH2:26][CH3:27].[CH3:17][OH:16],False,False,unbalanced,
334,['golden_dataset_1225'],['golden_dataset'],[CH2:10]1[CH2:11][C:9]1([C:12](=[O:14])[CH3:13])[C:8]#[C:7][CH3:6].[CH2:5]=[CH:4][O:3][CH2:2][CH3:1].[OH2:15]>>[O:14]=[C:7]([C:8]=1[C:9]2([OH:15])[C:12]([CH2:5][CH:4]=1)([CH2:11][CH2:10]2)[CH3:13])[CH3:6],[OH2:15].[CH2:5]=[CH:4][O:3][CH2:2][CH3:1].[CH2:10]1[CH2:11][C:9]1([C:12](=[O:14])[CH3:13])[C:8]#[C:7][CH3:6]>>[O:14]=[C:7]([C:8]=1[C:9]2([OH:15])[C:12]([CH2:5][CH:4]=1)([CH2:11][CH2:10]2)[CH3:13])[CH3:6].[CH3:1][CH2:2][OH:3],[],[CH2:10]1[CH2:11][C:9]1([C:12](=[O:14])[CH3:13])[C:8]#[C:7][CH3:6].[CH2:5]=[CH:4][O:3][CH2:2][CH3:1].[OH2:15]>>[O:14]=[C:7]([C:8]=1[C:9]2([OH:15])[C:12]([CH2:5][CH:4]=1)([CH2:11][CH2:10]2)[CH3:13])[CH3:6].[CH3:2][CH2:1][OH:3],True,False,balanced,
336,['golden_dataset_1227'],['golden_dataset'],[C:13]1([C:5]=2[C:4]([C:19]3=[CH:20][CH:21]=[CH:22][CH:23]=[CH:24]3)=[C:3]([C:25]4=[CH:26][CH:27]=[CH:28][CH:29]=[CH:30]4)[C:2]([C:6]=2[C:7]5=[CH:8][CH:9]=[CH:10][CH:11]=[CH:12]5)=[O:1])=[CH:14][CH:15]=[CH:16][CH:17]=[CH:18]1.[CH:39]=1[CH:37]([N:38]=1)[C:34]=2[CH:33]=[CH:32][CH:31]=[CH:36][CH:35]=2>>[CH:28]1=[CH:29][CH:30]=[C:25]([CH:26]=[CH:27]1)[C:3]2=[C:37]([N:38]=[CH:39][CH:6]([C:7]3=[CH:12][CH:11]=[CH:10][CH:9]=[CH:8]3)[C:5](=[C:4]2[C:19]4=[CH:24][CH:23]=[CH:22][CH:21]=[CH:20]4)[C:13]5=[CH:18][CH:17]=[CH:16][CH:15]=[CH:14]5)[C:34]6=[CH:33][CH:32]=[CH:31][CH:36]=[CH:35]6,C1(C=2C(C3=CC=CC=C3)=C(C4=CC=CC=C4)C(C=2C5=CC=CC=C5)=O)=CC=CC=C1.C=1C(N=1)C=2C=CC=CC=2.O.O.[H].[H]>>C1=CC=C(C=C1)C2=C(N=CC(C3=CC=CC=C3)C(=C2C4=CC=CC=C4)C5=CC=CC=C5)C6=CC=CC=C6.C=O.O.O,[],[C:13]1([C:5]=2[C:4]([C:19]3=[CH:20][CH:21]=[CH:22][CH:23]=[CH:24]3)=[C:3]([C:25]4=[CH:26][CH:27]=[CH:28][CH:29]=[CH:30]4)[C:2]([C:6]=2[C:7]5=[CH:8][CH:9]=[CH:10][CH:11]=[CH:12]5)=[O:1])=[CH:14][CH:15]=[CH:16][CH:17]=[CH:18]1.[CH:39]=1[CH:37]([N:38]=1)[C:34]=2[CH:33]=[CH:32][CH:31]=[CH:36][CH:35]=2>>[CH:28]1=[CH:29][CH:30]=[C:25]([CH:26]=[CH:27]1)[C:3]2=[C:37]([N:38]=[CH:39][CH:6]([C:7]3=[CH:12][CH:11]=[CH:10][CH:9]=[CH:8]3)[C:5](=[C:4]2[C:19]4=[CH:24][CH:23]=[CH:22][CH:21]=[CH:20]4)[C:13]5=[CH:18][CH:17]=[CH:16][CH:15]=[CH:14]5)[C:34]6=[CH:33][CH:32]=[CH:31][CH:36]=[CH:35]6.CO,False,False,unbalanced,
337,['golden_dataset_1229'],['golden_dataset'],[CH3:9][C:10]([CH3:11])([CH3:28])[Si:12]([CH3:27])([CH3:13])[O:14][CH2:15][CH:16]1[O:17][C:18]([CH3:26])([CH3:19])[O:20][CH:21]1[CH:22]([OH:25])[CH:23]=[CH2:24].[O:2]([CH3:1])[C:3]([O:4][CH3:5])([O:6][CH3:7])[CH3:8]>>[CH3:9][C:10]([CH3:11])([CH3:28])[Si:12]([CH3:27])([CH3:13])[O:14][CH2:15][CH:16]1[O:17][C:18]([CH3:26])([CH3:19])[O:20][CH:21]1[CH:22]=[CH:23][CH2:24][CH2:8][C:3]([O:2][CH3:1])=[O:4],CC(C)(C)[Si](C)(C)OCC1OC(C)(C)OC1C(O)C=C.O(C)C(OC)(OC)C.C=CC=O.O>>CC(C)(C)[Si](C)(C)OCC1OC(C)(C)OC1C=CCCC(OC)=O.O.O(C)C(OC)(OC)C,[],[CH3:9][C:10]([CH3:11])([CH3:28])[Si:12]([CH3:27])([CH3:13])[O:14][CH2:15][CH:16]1[O:17][C:18]([CH3:26])([CH3:19])[O:20][CH:21]1[CH:22]([OH:25])[CH:23]=[CH2:24].[O:2]([CH3:1])[C:3]([O:4][CH3:5])([O:6][CH3:7])[CH3:8]>>[CH3:9][C:10]([CH3:11])([CH3:28])[Si:12]([CH3:27])([CH3:13])[O:14][CH2:15][CH:16]1[O:17][C:18]([CH3:26])([CH3:19])[O:20][CH:21]1[CH:22]=[CH:23][CH2:24][CH2:8][C:3]([O:2][CH3:1])=[O:4].[CH3:5][OH:6].[CH3:7][OH:4],True,False,balanced,
340,['golden_dataset_1239'],['golden_dataset'],[CH3:1][C:2]([CH3:3])([CH3:4])[CH:5]=[O:6]>>[CH3:1][C:2]([CH3:3])([CH3:4])[CH:5]([C:7]#[N:8])[NH2:9],N.N#CO.CC(C)(C)C=O.[H].[H]>>CC(C)(C)C(C#N)N.O.O,[],[CH3:1][C:2]([CH3:3])([CH3:4])[CH:5]=[O:6].[C:7]#[N:8]>>[CH3:1][C:2]([CH3:3])([CH3:4])[CH:5]([C:7]#[N:8])[NH2:9].[O],False,False,unbalanced,
346,['golden_dataset_1261'],['golden_dataset'],[CH3:44][CH:43]([CH3:45])[CH:41]([NH2:42])[C:39]([N:38]1[CH:34]([CH2:35][CH2:36][CH2:37]1)[C:32]=2[NH:31][CH:30]=[C:29]([C:26]=3[CH:27]=[CH:28][C:23]([C:20]4=[CH:19][CH:18]=[C:17]([C:14]=5[N:13]=[C:12]([NH:16][CH:15]=5)[CH:11]6[N:7]([CH2:8][CH2:9][CH2:10]6)[C:5](=[O:6])[CH:3]([NH2:4])[CH2:2][CH3:1])[CH:22]=[CH:21]4)=[CH:24][CH:25]=3)[N:33]=2)=[O:40].[O:47]([C:48]([Cl:49])=[O:50])[CH3:46]>>[CH3:1][CH:2]([CH3:51])[CH:3]([C:5]([N:7]1[CH:11]([C:12]=2[NH:16][CH:15]=[C:14]([C:17]=3[CH:18]=[CH:19][C:20]([C:23]=4[CH:28]=[CH:27][C:26]([C:29]5=[CH:30][NH:31][C:32]([CH:34]6[N:38]([C:39](=[O:40])[CH:41]([CH:43]([CH3:44])[CH3:45])[NH:42][C:48]([O:47][CH3:46])=[O:50])[CH2:37][CH2:36][CH2:35]6)=[N:33]5)=[CH:25][CH:24]=4)=[CH:21][CH:22]=3)[N:13]=2)[CH2:10][CH2:9][CH2:8]1)=[O:6])[NH:4][C:54]([O:53][CH3:52])=[O:55],nan,['CCC(N)C(=O)N1CCCC1c1nc(-c2ccc(-c3ccc(-c4c[nH]c(C5CCCN5C(=O)C(N)C(C)C)n4)cc3)cc2)c[nH]1.COC(=O)Cl>>COC(=O)NC(C(=O)N1CCCC1c1nc(-c2ccc(-c3ccc(-c4c[nH]c(C5CCCN5C(=O)C(NC(=O)OC)C(C)C)n4)cc3)cc2)c[nH]1)C(C)C'],[CH3:44][CH:43]([CH3:45])[CH:41]([NH2:42])[C:39]([N:38]1[CH:34]([CH2:35][CH2:36][CH2:37]1)[C:32]=2[NH:31][CH:30]=[C:29]([C:26]=3[CH:27]=[CH:28][C:23]([C:20]4=[CH:19][CH:18]=[C:17]([C:14]=5[N:13]=[C:12]([NH:16][CH:15]=5)[CH:11]6[N:7]([CH2:8][CH2:9][CH2:10]6)[C:5](=[O:6])[CH:3]([NH2:4])[CH2:2][CH3:1])[CH:22]=[CH:21]4)=[CH:24][CH:25]=3)[N:33]=2)=[O:40].[O:47]([C:48]([Cl:49])=[O:50])[CH3:46]>>[CH3:1][CH:2]([CH3:51])[CH:3]([C:5]([N:7]1[CH:11]([C:12]=2[NH:16][CH:15]=[C:14]([C:17]=3[CH:18]=[CH:19][C:20]([C:23]=4[CH:28]=[CH:27][C:26]([C:29]5=[CH:30][NH:31][C:32]([CH:34]6[N:38]([C:39](=[O:40])[CH:41]([CH:43]([CH3:44])[CH3:45])[NH:42][C:48]([O:47][CH3:46])=[O:50])[CH2:37][CH2:36][CH2:35]6)=[N:33]5)=[CH:25][CH:24]=4)=[CH:21][CH:22]=3)[N:13]=2)[CH2:10][CH2:9][CH2:8]1)=[O:6])[NH:4][C:54]([O:53][CH3:52])=[O:55].[Cl-].[Na+],False,False,unbalanced,
352,['golden_dataset_1281'],['golden_dataset'],[CH2:15]([CH2:16][C:17]#[CH:18])[CH2:14][CH:13]1[CH:11]([CH2:12]1)[OH:10].[CH3:1][C:2]([CH3:3])([CH3:4])[CH:5]([NH2:6])[C:7]([OH:8])=[O:9]>>[CH3:1][C:2]([CH3:3])([CH3:4])[CH:5]([C:7](=[O:9])[OH:8])[NH:6][C:19](=[O:20])[O:10][CH:11]1[CH:13]([CH2:14][CH2:15][CH2:16][C:17]#[CH:18])[CH2:12]1,O=C=O.[CH2:15]([CH2:16][C:17]#[CH:18])[CH2:14][CH:13]1[CH:11]([CH2:12]1)[OH:10].[CH3:1][C:2]([CH3:3])([CH3:4])[CH:5]([NH2:6])[C:7]([OH:8])=[O:9]>>[CH3:1][C:2]([CH3:3])([CH3:4])[CH:5]([C:7](=[O:9])[OH:8])[NH:6][C:19](=[O:20])[O:10][CH:11]1[CH:13]([CH2:14][CH2:15][CH2:16][C:17]#[CH:18])[CH2:12]1.O,[],[CH2:15]([CH2:16][C:17]#[CH:18])[CH2:14][CH:13]1[CH:11]([CH2:12]1)[OH:10].[CH3:1][C:2]([CH3:3])([CH3:4])[CH:5]([NH2:6])[C:7]([OH:8])=[O:9].[C:19](=[O:20])=[O:21]>>[CH3:1][C:2]([CH3:3])([CH3:4])[CH:5]([C:7](=[O:9])[OH:8])[NH:6][C:19](=[O:20])[O:10][CH:11]1[CH:13]([CH2:14][CH2:15][CH2:16][C:17]#[CH:18])[CH2:12]1.[OH2:21],True,False,balanced,
358,['golden_dataset_1303'],['golden_dataset'],[CH:16]1=[CH:17][CH:18]=[C:19]([Br:20])[C:14]([C:12](=[O:13])[O:11][CH3:10])=[CH:15]1.[O:3]=[C:2]([C:4]1=[CH:5][CH:6]=[CH:7][CH:8]=[CH:9]1)[CH3:1]>>[C:19]=12[CH:18]=[CH:17][CH:16]=[CH:15][C:14]=1[C:12](=[O:13])[O:3][C:2]([C:4]3=[CH:9][CH:8]=[CH:7][CH:6]=[CH:5]3)=[CH:1]2,[CH:16]1=[CH:17][CH:18]=[C:19]([Br:20])[C:14]([C:12](=[O:13])[O:11][CH3:10])=[CH:15]1.[O:3]=[C:2]([C:4]1=[CH:5][CH:6]=[CH:7][CH:8]=[CH:9]1)[CH3:1]>>[C:19]12[CH:18]=[CH:17][CH:16]=[CH:15][C:14]=1[C:12](=[O:13])[O:3][C:2]([C:4]3=[CH:9][CH:8]=[CH:7][CH:6]=[CH:5]3)=[CH:1]2.[Br:20][CH3:10].[OH2:11],[],[CH:16]1=[CH:17][CH:18]=[C:19]([Br:20])[C:14]([C:12](=[O:13])[O:11][CH3:10])=[CH:15]1.[O:3]=[C:2]([C:4]1=[CH:5][CH:6]=[CH:7][CH:8]=[CH:9]1)[CH3:1]>>[C:19]=12[CH:18]=[CH:17][CH:16]=[CH:15][C:14]=1[C:12](=[O:13])[O:3][C:2]([C:4]3=[CH:9][CH:8]=[CH:7][CH:6]=[CH:5]3)=[CH:1]2.[Br:20][CH3:10].[OH2:11],True,True,balanced,
359,['golden_dataset_1307'],['golden_dataset'],[CH:15]=1[CH:16]=[C:17]([C:18]([Cl:19])=[O:20])[C:12]([O:11][CH3:10])=[CH:13][CH:14]=1.[CH3:1][C:2]#[C:3][C:4]1=[CH:5][CH:6]=[CH:7][CH:8]=[CH:9]1>>[CH:5]=1[C:4](=[CH:9][CH:8]=[CH:7][CH:6]=1)[C:3]=2[O:11][C:12]=3[C:17]([C:18](=[O:20])[C:2]=2[CH3:1])=[CH:16][CH:15]=[CH:14][CH:13]=3,nan,['COc1ccccc1C(=O)Cl.CC#Cc1ccccc1>>Cc1c(-c2ccccc2)oc2ccccc2c1=O'],[CH:15]=1[CH:16]=[C:17]([C:18]([Cl:19])=[O:20])[C:12]([O:11][CH3:10])=[CH:13][CH:14]=1.[CH3:1][C:2]#[C:3][C:4]1=[CH:5][CH:6]=[CH:7][CH:8]=[CH:9]1>>[CH:5]=1[C:4](=[CH:9][CH:8]=[CH:7][CH:6]=1)[C:3]=2[O:11][C:12]=3[C:17]([C:18](=[O:20])[C:2]=2[CH3:1])=[CH:16][CH:15]=[CH:14][CH:13]=3.[Cl:19][CH3:10],True,False,balanced,
362,['golden_dataset_1320'],['golden_dataset'],[Br:1][Mg:2][C:3]=1[CH:8]=[CH:7][CH:6]=[CH:5][CH:4]=1.[Br:9][Mg:10][C:11]=1[CH:16]=[CH:15][CH:14]=[CH:13][CH:12]=1.[C:19]([CH:21]1[CH2:22][CH2:23][CH2:24][NH:25]1)([O:18][CH3:17])=[O:20]>>[CH:7]=1[CH:8]=[C:3]([CH:4]=[CH:5][CH:6]=1)[C:19]([C:11]2=[CH:12][CH:13]=[CH:14][CH:15]=[CH:16]2)([OH:20])[CH:21]3[CH2:22][CH2:23][CH2:24][NH:25]3,Br[Mg]C=1C=CC=CC=1.Br[Mg]C=1C=CC=CC=1.[H].[H].C(C1CCCN1)(OC)=O>>C=1C=C(C=CC=1)C(C2=CC=CC=C2)(O)C3CCCN3.[Br][Mg][Mg][Br].CO,[],[Br:1][Mg:2][C:3]=1[CH:8]=[CH:7][CH:6]=[CH:5][CH:4]=1.[Br:9][Mg:10][C:11]=1[CH:16]=[CH:15][CH:14]=[CH:13][CH:12]=1.[C:19]([CH:21]1[CH2:22][CH2:23][CH2:24][NH:25]1)([O:18][CH3:17])=[O:20]>>[CH:7]=1[CH:8]=[C:3]([CH:4]=[CH:5][CH:6]=1)[C:19]([C:11]2=[CH:12][CH:13]=[CH:14][CH:15]=[CH:16]2)([OH:20])[CH:21]3[CH2:22][CH2:23][CH2:24][NH:25]3.[Br:1][Mg:2][Br:9].[Mg:10].[CH3:17][OH:18],False,False,unbalanced,
366,['Jaworski_351'],['Jaworski'],CCOC(=O)CNS(=O)(=O)c1cnc(N)s1.C1CCC(CC1)NC1CCCCC1>>CCOC(=O)CNS(=O)(=O)c1cnc(NC(=O)N(C2CCCCC2)C2CCCCC2)s1,C(=O)=O.CCOC(=O)CNS(=O)(=O)c1cnc(N)s1.C1CCC(CC1)NC1CCCCC1>>O.CCOC(=O)CNS(=O)(=O)c1cnc(NC(=O)N(C2CCCCC2)C2CCCCC2)s1,[],CCOC(=O)CNS(=O)(=O)c1cnc(N)s1.C1CCC(CC1)NC1CCCCC1.O=C(Cl)OC(Cl)(Cl)Cl>>CCOC(=O)CNS(=O)(=O)c1cnc(NC(=O)N(C2CCCCC2)C2CCCCC2)s1,False,False,unbalanced,
367,['golden_dataset_1347'],['golden_dataset'],[F:40][C:39]([F:41])([F:42])[C:38]=1[CH:43]=[C:44]([Cl:45])[C:35]([C:34]=2[C:18](=[CH:19][CH:20]=[C:21]([N+:22]([O-:24])=[O:23])[C:25]=2[O:26][CH:27]([C:29]([O:31][CH2:32][CH3:33])=[O:30])[CH3:28])[O:17][C:16]=3[CH:15]=[CH:14][C:10](=[C:9]([O:8][CH:6]([CH3:7])[C:4]([O:3][CH2:2][CH3:1])=[O:5])[C:46]=3[C:47]=4[C:56](=[CH:55][C:50]([C:51]([F:52])([F:53])[F:54])=[CH:49][CH:48]=4)[Cl:57])[N+:11]([O-:13])=[O:12])=[CH:36][CH:37]=1>>[F:52][C:51]([F:53])([F:54])[C:50]=1[CH:55]=[C:56]([C:47](=[CH:48][CH:49]=1)[C:46]2=[C:16]([CH:15]=[CH:14][C:10]([N+:11](=[O:12])[O-:13])=[C:9]2[O:8][CH:6]([CH3:7])[CH2:4][OH:5])[O:17][C:18]=3[C:34]([C:35]4=[CH:36][CH:37]=[C:38]([C:39]([F:40])([F:41])[F:42])[CH:43]=[C:44]4[Cl:45])=[C:25]([C:21](=[CH:20][CH:19]=3)[N+:22]([O-:24])=[O:23])[O:26][CH:27]([CH3:28])[CH2:29][OH:30])[Cl:57],FC(F)(F)C=1C=C(Cl)C(C=2C(=CC=C([N+]([O-])=O)C=2OC(C(OCC)=O)C)OC=3C=CC(=C(OC(C)C(OCC)=O)C=3C=4C(=CC(C(F)(F)F)=CC=4)Cl)[N+]([O-])=O)=CC=1.O.O.[H].[H].[H].[H].[H].[H].[H].[H]>>FC(F)(F)C=1C=C(C(=CC=1)C2=C(C=CC([N+](=O)[O-])=C2OC(C)CO)OC=3C(C4=CC=C(C(F)(F)F)C=C4Cl)=C(C(=CC=3)[N+]([O-])=O)OC(C)CO)Cl.CCO.CCO.O.O,[],[F:40][C:39]([F:41])([F:42])[C:38]=1[CH:43]=[C:44]([Cl:45])[C:35]([C:34]=2[C:18](=[CH:19][CH:20]=[C:21]([N+:22]([O-:24])=[O:23])[C:25]=2[O:26][CH:27]([C:29]([O:31][CH2:32][CH3:33])=[O:30])[CH3:28])[O:17][C:16]=3[CH:15]=[CH:14][C:10](=[C:9]([O:8][CH:6]([CH3:7])[C:4]([O:3][CH2:2][CH3:1])=[O:5])[C:46]=3[C:47]=4[C:56](=[CH:55][C:50]([C:51]([F:52])([F:53])[F:54])=[CH:49][CH:48]=4)[Cl:57])[N+:11]([O-:13])=[O:12])=[CH:36][CH:37]=1>>[F:52][C:51]([F:53])([F:54])[C:50]=1[CH:55]=[C:56]([C:47](=[CH:48][CH:49]=1)[C:46]2=[C:16]([CH:15]=[CH:14][C:10]([N+:11](=[O:12])[O-:13])=[C:9]2[O:8][CH:6]([CH3:7])[CH2:4][OH:5])[O:17][C:18]=3[C:34]([C:35]4=[CH:36][CH:37]=[C:38]([C:39]([F:40])([F:41])[F:42])[CH:43]=[C:44]4[Cl:45])=[C:25]([C:21](=[CH:20][CH:19]=3)[N+:22]([O-:24])=[O:23])[O:26][CH:27]([CH3:28])[CH2:29][OH:30])[Cl:57].[CH3:60][CH2:61][OH:62].[CH3:63][CH2:64][OH:65],False,False,unbalanced,
369,['golden_dataset_1353'],['golden_dataset'],[CH3:1][C:2]#[N:3].[OH2:5].[OH3+:4]>>[NH4+:3],[CH3:1][C:2]#[N:3].[OH2:5].[OH3+:4]>>[NH4+:3].[CH3:1][C:2](=[O:5])[OH:4],[],[CH3:1][C:2]#[N:3].[OH2:5].[OH3+:4]>>[NH4+:3].[CH3:1][C:2](=O)[OH:5],True,False,balanced,
373,['golden_dataset_1366'],['golden_dataset'],[CH2:3]([CH2:4][Sn:5]([CH2:10][CH2:11][CH2:12][CH3:13])([CH2:6][CH2:7][CH2:8][CH3:9])[CH2:14][O:15][CH:16]1[CH:20]=[CH:19][CH:18]([CH2:17]1)[N:21]([CH2:22][CH:23]=[CH2:24])[C:25]([O:27][C:28]([CH3:29])([CH3:30])[CH3:31])=[O:26])[CH2:2][CH3:1]>>[CH3:29][C:28]([CH3:30])([CH3:31])[O:27][C:25](=[O:26])[N:21]([CH:18]1[CH:19]([CH2:14][OH:15])[CH:20]=[CH:16][CH2:17]1)[CH2:22][CH:23]=[CH2:24],nan,['C=CCN(C(=O)OC(C)(C)C)C1C=CC(OC[Sn](CCCC)(CCCC)CCCC)C1>>C=CCN(C(=O)OC(C)(C)C)C1CC=CC1CO'],[CH2:3]([CH2:4][Sn:5]([CH2:10][CH2:11][CH2:12][CH3:13])([CH2:6][CH2:7][CH2:8][CH3:9])[CH2:14][O:15][CH:16]1[CH:20]=[CH:19][CH:18]([CH2:17]1)[N:21]([CH2:22][CH:23]=[CH2:24])[C:25]([O:27][C:28]([CH3:29])([CH3:30])[CH3:31])=[O:26])[CH2:2][CH3:1]>>[CH3:29][C:28]([CH3:30])([CH3:31])[O:27][C:25](=[O:26])[N:21]([CH:18]1[CH:19]([CH2:14][OH:15])[CH:20]=[CH:16][CH2:17]1)[CH2:22][CH:23]=[CH2:24].[Sn:5]([CH2:6][CH2:7][CH2:8][CH3:9])([CH2:10][CH2:11][CH2:12][CH3:13])[CH2:3][CH2:2][CH3:1],False,False,unbalanced,
374,['golden_dataset_1370'],['golden_dataset'],[CH2:22]([C:21]1=[CH:20][CH:19]=[C:18]([O:17][CH3:16])[CH:27]=[C:24]1[O:25][CH3:26])[NH2:23].[C:6]1(=[O:7])[C:8]2=[CH:9][CH:10]=[CH:11][CH:12]=[C:13]2[C:14](=[O:15])[N:5]1[CH2:4][C:2]([Cl:3])=[O:1]>>[C:8]12=[C:13]([CH:12]=[CH:11][CH:10]=[CH:9]1)[C:14](=[O:15])[N:5]([C:6]2=[O:7])[CH:4]3[C:2](=[O:1])[N:23]([CH:28]3[C:29](=[O:31])[O:32][CH3:30])[CH2:22][C:21]=4[C:24](=[CH:27][C:18]([O:17][CH3:16])=[CH:19][CH:20]=4)[O:25][CH3:26],nan,['O=C(Cl)CN1C(=O)c2ccccc2C1=O.COc1ccc(CN)c(OC)c1>>COC(=O)C1C(N2C(=O)c3ccccc3C2=O)C(=O)N1Cc1ccc(OC)cc1OC'],[CH2:22]([C:21]1=[CH:20][CH:19]=[C:18]([O:17][CH3:16])[CH:27]=[C:24]1[O:25][CH3:26])[NH2:23].[C:6]1(=[O:7])[C:8]2=[CH:9][CH:10]=[CH:11][CH:12]=[C:13]2[C:14](=[O:15])[N:5]1[CH2:4][C:2]([Cl:3])=[O:1].COC(=O)CBr>>[C:8]12=[C:13]([CH:12]=[CH:11][CH:10]=[CH:9]1)[C:14](=[O:15])[N:5]([C:6]2=[O:7])[CH:4]3[C:2](=[O:1])[N:23]([CH:28]3[C:29](=[O:31])[O:32][CH3:30])[CH2:22][C:21]=4[C:24](=[CH:27][C:18]([O:17][CH3:16])=[CH:19][CH:20]=4)[O:25][CH3:26].[Cl-],False,False,unbalanced,
375,['golden_dataset_1373'],['golden_dataset'],[CH2:21]([C:22](=[O:23])[CH2:24][Cl:25])[C:19](=[O:20])[O:18][CH2:17][CH3:16].[NH:6]1[C:2](=[CH:3][CH:4]=[N:5]1)[NH2:1].[O:15]=[CH:14][C:13]=1[C:8]([Cl:7])=[CH:9][CH:10]=[CH:11][CH:12]=1>>[C:13]1(=[CH:12][CH:11]=[CH:10][CH:9]=[C:8]1[Cl:7])[CH:14]2[C:3]=3[CH:4]=[N:5][NH:6][C:2]=3[N:1]=[C:22]4[CH2:24][O:26][C:19](=[O:20])[CH:21]24,[O:15]=[CH:14][C:13]=1[C:8]([Cl:7])=[CH:9][CH:10]=[CH:11][CH:12]=1.[CH2:21]([C:22](=[O:23])[CH2:24][Cl:25])[C:19](=[O:20])[O:18][CH2:17][CH3:16].[NH:6]1[C:2](=[CH:3][CH:4]=[N:5]1)[NH2:1]>>Cl.O.CCO.[C:13]1(=[CH:12][CH:11]=[CH:10][CH:9]=[C:8]1[Cl:7])[CH:14]2[C:3]=3[CH:4]=[N:5][NH:6][C:2]=3[N:1]=[C:22]4[CH2:24][O:26][C:19](=[O:20])[CH:21]24,[],[CH2:21]([C:22](=[O:23])[CH2:24][Cl:25])[C:19](=[O:20])[O:18][CH2:17][CH3:16].[NH:6]1[C:2](=[CH:3][CH:4]=[N:5]1)[NH2:1].[O:15]=[CH:14][C:13]=1[C:8]([Cl:7])=[CH:9][CH:10]=[CH:11][CH:12]=1>>[C:13]1(=[CH:12][CH:11]=[CH:10][CH:9]=[C:8]1[Cl:7])[CH:14]2[C:3]=3[CH:4]=[N:5][NH:6][C:2]=3[N:1]=[C:22]4[CH2:24][O:26][C:19](=[O:20])[CH:21]24.CCOC(=O)CCl,False,False,unbalanced,
377,['golden_dataset_1378'],['golden_dataset'],[O:19]=[S:17](=[O:20])([O:16][CH:15]1[C:7]2([S:6][CH3:5])[CH:8]([CH:10]3[CH:14]1[CH:13]([CH:12]=[CH:11]3)[C:21]2=[O:22])[CH3:9])[CH3:18].[N-:3]=[N+:2]=[CH2:1].[OH-:4]>>[CH:13]1([C:21](=[O:22])[O:4][CH3:1])[CH:14]2[CH:15]=[C:7]([CH:8]([CH3:9])[CH:10]2[CH:11]=[CH:12]1)[S:6][CH3:5],[O:19]=[S:17](=[O:20])([O:16][CH:15]1[C:7]2([S:6][CH3:5])[CH:8]([CH:10]3[CH:14]1[CH:13]([CH:12]=[CH:11]3)[C:21]2=[O:22])[CH3:9])[CH3:18].[N-:3]=[N+:2]=[CH2:1].[OH-:4].[H+]>>[CH:13]1([C:21](=[O:22])[O:4][CH3:1])[CH:14]2[CH:15]=[C:7]([CH:8]([CH3:9])[CH:10]2[CH:11]=[CH:12]1)[S:6][CH3:5].N#N.[OH:16][S:17]([CH3:18])(=[O:19])=[O:20],[],[O:19]=[S:17](=[O:20])([O:16][CH:15]1[C:7]2([S:6][CH3:5])[CH:8]([CH:10]3[CH:14]1[CH:13]([CH:12]=[CH:11]3)[C:21]2=[O:22])[CH3:9])[CH3:18].[N-:3]=[N+:2]=[CH2:1].[OH-:4]>>[CH:13]1([C:21](=[O:22])[O:4][CH3:1])[CH:14]2[CH:15]=[C:7]([CH:8]([CH3:9])[CH:10]2[CH:11]=[CH:12]1)[S:6][CH3:5].[O:19]=[S:17](=[O:20])([OH:16])[CH3:18].[N-:3]=[N+:2]=[NH2:2],False,False,unbalanced,
378,['golden_dataset_1381'],['golden_dataset'],[C:32](=[O:33])([CH3:31])[O:34][C:19](=[O:21])[CH3:20].[CH3:26][CH:25]([CH3:27])[N:24]([CH:28]([CH3:29])[CH3:30])[CH2:23][CH3:22].[ClH:37].[O:17]=[C:16]([OH:18])[C:5]1=[C:4]([C:12]=2[C:7](=[CH:8][C:9](=[C:10]([O:13][CH3:14])[CH:11]=2)[F:15])[NH:6]1)[CH2:3][CH2:2][NH2:1].[Na+:36].[OH-:35]>>[O:17]=[C:16]([OH:18])[C:5]1=[C:4]([CH2:3][CH2:2][NH:1][C:19](=[O:21])[CH3:20])[C:12]=2[C:7](=[CH:8][C:9](=[C:10]([O:13][CH3:14])[CH:11]=2)[F:15])[NH:6]1,C(=O)(C)OC(=O)C.CC(C)N(C(C)C)CC.Cl.O=C(O)C1=C(C=2C(=CC(=C(OC)C=2)F)N1)CCN.[Na+].[OH-].[O]>>O=C(O)C1=C(CCNC(=O)C)C=2C(=CC(=C(OC)C=2)F)N1.CC(=O)OC(C)N(C(C)C)C(C)C.Cl.[Na+].[OH-].O,[],[C:32](=[O:33])([CH3:31])[O:34][C:19](=[O:21])[CH3:20].[CH3:26][CH:25]([CH3:27])[N:24]([CH:28]([CH3:29])[CH3:30])[CH2:23][CH3:22].[ClH:37].[O:17]=[C:16]([OH:18])[C:5]1=[C:4]([C:12]=2[C:7](=[CH:8][C:9](=[C:10]([O:13][CH3:14])[CH:11]=2)[F:15])[NH:6]1)[CH2:3][CH2:2][NH2:1].[Na+:36].[OH-:35]>>[O:17]=[C:16]([OH:18])[C:5]1=[C:4]([CH2:3][CH2:2][NH:1][C:19](=[O:21])[CH3:20])[C:12]=2[C:7](=[CH:8][C:9](=[C:10]([O:13][CH3:14])[CH:11]=2)[F:15])[NH:6]1.[Na+].[Cl-].[CH3:26][CH:25]([CH3:27])[N:24]([CH:28]([CH3:29])[CH3:30])[CH2:23][CH3:22].CC(=O)O,False,False,unbalanced,
383,['golden_dataset_1390'],['golden_dataset'],[CH2:15]([CH2:14][CH2:13][Li:12])[CH3:16].[CH:7]1=[C:6]([CH:11]=[CH:10][CH:9]=[CH:8]1)[Br:17].[CH3:2][C:1]([CH3:3])([CH3:4])[NH2:5]>>[CH3:2][C:1]([CH3:3])([CH3:4])[NH:5][C:6]1=[CH:7][CH:8]=[CH:9][CH:10]=[CH:11]1,C(CC[Li])C.C1=C(C=CC=C1)Br.CC(C)(C)N>>CC(C)(C)NC1=CC=CC=C1.Br.[Li][CH2]CCC,[],[CH2:15]([CH2:14][CH2:13][Li:12])[CH3:16].[CH:7]1=[C:6]([CH:11]=[CH:10][CH:9]=[CH:8]1)[Br:17].[CH3:2][C:1]([CH3:3])([CH3:4])[NH2:5]>>[CH3:2][C:1]([CH3:3])([CH3:4])[NH:5][C:6]1=[CH:7][CH:8]=[CH:9][CH:10]=[CH:11]1.[Li][Br],False,False,unbalanced,
386,['golden_dataset_1397'],['golden_dataset'],[BH:23]=[C:24]=[N-:25].[F:16][C:17]([F:19])([F:20])[CH:18]=[O:22].[OH2:21].[N+:13]([O-:15])([C:11]1=[CH:12][C:6]2=[C:7]([NH:8][CH:3]([CH2:1][CH3:2])[CH2:4][O:5]2)[CH:9]=[CH:10]1)=[O:14].[Na+:26]>>[F:16][C:17]([F:19])([F:20])[CH2:18][N:8]1[C:7]2=[C:6]([CH:12]=[C:11]([N+:13](=[O:14])[O-:15])[CH:10]=[CH:9]2)[O:5][CH2:4][CH:3]1[CH2:1][CH3:2],B=C=[N-].FC(F)(F)C=O.O.[N+]([O-])(C1=CC2=C(NC(CC)CO2)C=C1)=O.[Na+].[H].[H]>>FC(F)(F)CN1C2=C(C=C([N+](=O)[O-])C=C2)OCC1CC.B=C=[N-].O.O.[Na+],[],[BH:23]=[C:24]=[N-:25].[F:16][C:17]([F:19])([F:20])[CH:18]=[O:22].[OH2:21].[N+:13]([O-:15])([C:11]1=[CH:12][C:6]2=[C:7]([NH:8][CH:3]([CH2:1][CH3:2])[CH2:4][O:5]2)[CH:9]=[CH:10]1)=[O:14].[Na+:26]>>[F:16][C:17]([F:19])([F:20])[CH2:18][N:8]1[C:7]2=[C:6]([CH:12]=[C:11]([N+:13](=[O:14])[O-:15])[CH:10]=[CH:9]2)[O:5][CH2:4][CH:3]1[CH2:1][CH3:2].NC(=O)O.[Na+].[OH-],False,False,unbalanced,
387,['golden_dataset_1399'],['golden_dataset'],[C:17](=[O:18])=[N:16][CH3:15].[CH2:21]([CH3:20])[N:22]([CH2:25][CH3:26])[CH2:23][CH3:24].[CH2:9]1[CH2:10][NH:11][CH2:12][CH2:13][C:5]12[CH2:6][C:7]([N:3]([C:4]2=[O:14])[O:2][CH3:1])=[O:8].[ClH:19]>>[CH2:10]1[CH2:9][C:5]2([CH2:13][CH2:12][N:11]1[C:17]([NH:16][CH3:15])=[O:18])[CH2:6][C:7]([N:3]([C:4]2=[O:14])[O:2][CH3:1])=[O:8],C(=O)=NC.C(C)N(CC)CC.C1CNCCC12CC(N(C2=O)OC)=O.Cl>>C1CC2(CCN1C(NC)=O)CC(N(C2=O)OC)=O.CCN(CC)CC.Cl,[],[C:17](=[O:18])=[N:16][CH3:15].[CH2:21]([CH3:20])[N:22]([CH2:25][CH3:26])[CH2:23][CH3:24].[CH2:9]1[CH2:10][NH:11][CH2:12][CH2:13][C:5]12[CH2:6][C:7]([N:3]([C:4]2=[O:14])[O:2][CH3:1])=[O:8].[ClH:19]>>[CH2:10]1[CH2:9][C:5]2([CH2:13][CH2:12][N:11]1[C:17]([NH:16][CH3:15])=[O:18])[CH2:6][C:7]([N:3]([C:4]2=[O:14])[O:2][CH3:1])=[O:8].[Cl-].[CH3:20][CH2:21][NH2+][CH2:23][CH3:24].[CH3:26][CH2:25][NH2+][CH2:23][CH3:24],False,False,unbalanced,
389,['golden_dataset_1401'],['golden_dataset'],[CH3:53][CH:52]([CH3:54])[N:51]([CH:55]([CH3:56])[CH3:57])[CH2:50][CH3:49].[CH3:24][C:14]1([CH3:25])[C:13]([C:26]2=[CH:35][CH:34]=[C:29]([C:30]([O:32][CH3:33])=[O:31])[CH:28]=[CH:27]2)=[CH:12][CH2:11][C:10]3([CH3:36])[CH:9]4[C:18]([C:19]5([CH3:22])[CH2:20][CH2:21][C:4]6([CH:5]([CH:37]([C:40](=[CH2:41])[CH3:42])[CH2:38][CH2:39]6)[CH:6]5[CH2:7][CH2:8]4)[N:1]=[C:2]=[O:3])([CH2:17][CH2:16][CH:15]13)[CH3:23].[CH3:48][N:44]([CH3:43])[CH2:45][CH2:46][NH2:47].[ClH:58]>>[CH3:24][C:14]1([CH3:25])[C:13]([C:26]2=[CH:35][CH:34]=[C:29]([C:30]([O:32][CH3:33])=[O:31])[CH:28]=[CH:27]2)=[CH:12][CH2:11][C:10]3([CH3:36])[CH:9]4[C:18]([C:19]5([CH:6]([CH:5]6[CH:37]([C:40](=[CH2:41])[CH3:42])[CH2:38][CH2:39][C:4]6([NH:1][C:2](=[O:3])[NH:47][CH2:46][CH2:45][N:44]([CH3:48])[CH3:43])[CH2:21][CH2:20]5)[CH2:7][CH2:8]4)[CH3:22])([CH3:23])[CH2:17][CH2:16][CH:15]13,CC(C)N(C(C)C)CC.CC1(C)C(C2=CC=C(C(OC)=O)C=C2)=CCC3(C)C4C(C5(C)CCC6(C(C(C(=C)C)CC6)C5CC4)N=C=O)(CCC13)C.CN(C)CCN.Cl>>CC1(C)C(C2=CC=C(C(OC)=O)C=C2)=CCC3(C)C4C(C5(C(C6C(C(=C)C)CCC6(NC(=O)NCCN(C)C)CC5)CC4)C)(C)CCC13.CCN(C(C)C)C(C)C.Cl,[],[CH3:53][CH:52]([CH3:54])[N:51]([CH:55]([CH3:56])[CH3:57])[CH2:50][CH3:49].[CH3:24][C:14]1([CH3:25])[C:13]([C:26]2=[CH:35][CH:34]=[C:29]([C:30]([O:32][CH3:33])=[O:31])[CH:28]=[CH:27]2)=[CH:12][CH2:11][C:10]3([CH3:36])[CH:9]4[C:18]([C:19]5([CH3:22])[CH2:20][CH2:21][C:4]6([CH:5]([CH:37]([C:40](=[CH2:41])[CH3:42])[CH2:38][CH2:39]6)[CH:6]5[CH2:7][CH2:8]4)[N:1]=[C:2]=[O:3])([CH2:17][CH2:16][CH:15]13)[CH3:23].[CH3:48][N:44]([CH3:43])[CH2:45][CH2:46][NH2:47].[ClH:58]>>[CH3:24][C:14]1([CH3:25])[C:13]([C:26]2=[CH:35][CH:34]=[C:29]([C:30]([O:32][CH3:33])=[O:31])[CH:28]=[CH:27]2)=[CH:12][CH2:11][C:10]3([CH3:36])[CH:9]4[C:18]([C:19]5([CH:6]([CH:5]6[CH:37]([C:40](=[CH2:41])[CH3:42])[CH2:38][CH2:39][C:4]6([NH:1][C:2](=[O:3])[NH:47][CH2:46][CH2:45][N:44]([CH3:48])[CH3:43])[CH2:21][CH2:20]5)[CH2:7][CH2:8]4)[CH3:22])([CH3:23])[CH2:17][CH2:16][CH:15]13.[Cl-].[CH3:53][CH:52]([CH3:54])[NH2+1:51][CH:55]([CH3:56])[CH3:57],False,False,unbalanced,
394,['golden_dataset_1407'],['golden_dataset'],[CH:4]=1[C:3](=[C:8]([OH:9])[CH:7]=[CH:6][C:5]=1[CH:10]=[O:11])[O:2][CH3:1].[O:29]=[S:27](=[O:30])([CH3:28])[O:26][CH2:25][CH2:24][C:14]1=[C:13]([CH3:12])[O:17][C:16]([C:18]2=[CH:19][CH:20]=[CH:21][CH:22]=[CH:23]2)=[N:15]1>>[CH:4]=1[C:3]([O:2][CH3:1])=[C:8]([O:9][CH2:25][CH2:24][C:14]=2[N:15]=[C:16]([O:17][C:13]=2[CH3:12])[C:18]3=[CH:19][CH:20]=[CH:21][CH:22]=[CH:23]3)[CH:7]=[CH:6][C:5]=1[CH:10]=[O:11],[CH:4]=1[C:3](=[C:8]([OH:9])[CH:7]=[CH:6][C:5]=1[CH:10]=[O:11])[O:2][CH3:1].[O:29]=[S:27](=[O:30])([CH3:28])[O:26][CH2:25][CH2:24][C:14]1=[C:13]([CH3:12])[O:17][C:16]([C:18]2=[CH:19][CH:20]=[CH:21][CH:22]=[CH:23]2)=[N:15]1>>[CH:4]=1[C:3]([O:2][CH3:1])=[C:8]([O:9][CH2:25][CH2:24][C:14]=2[N:15]=[C:16]([O:17][C:13]=2[CH3:12])[C:18]3=[CH:19][CH:20]=[CH:21][CH:22]=[CH:23]3)[CH:7]=[CH:6][C:5]=1[CH:10]=[O:11].[OH:9][S:27]([CH3:28])(=[O:29])=[O:30],[],[CH:4]=1[C:3](=[C:8]([OH:9])[CH:7]=[CH:6][C:5]=1[CH:10]=[O:11])[O:2][CH3:1].[O:29]=[S:27](=[O:30])([CH3:28])[O:26][CH2:25][CH2:24][C:14]1=[C:13]([CH3:12])[O:17][C:16]([C:18]2=[CH:19][CH:20]=[CH:21][CH:22]=[CH:23]2)=[N:15]1>>[CH:4]=1[C:3]([O:2][CH3:1])=[C:8]([O:9][CH2:25][CH2:24][C:14]=2[N:15]=[C:16]([O:17][C:13]=2[CH3:12])[C:18]3=[CH:19][CH:20]=[CH:21][CH:22]=[CH:23]3)[CH:7]=[CH:6][C:5]=1[CH:10]=[O:11].[CH3:28][S:27](=[O:29])(=[O:30])O,True,False,balanced,
398,['golden_dataset_1411'],['golden_dataset'],[C:10]1(=[CH:9][CH:8]=[CH:7][C:4]([C:5](=[O:6])[OH:13])=[C:3]1[O:2][CH3:1])[CH3:11].[CH:23]1=[CH:24][C:19]=2[N:18]=[N:17][N:16]([C:20]=2[CH:21]=[CH:22]1)[OH:15].[CH3:35][N:34]([CH3:36])[CH2:33][CH2:32][CH2:31][N:30]=[C:29]=[N:28][CH2:27][CH3:26].[ClH:25].[NH3:12].[OH2:14]>>[C:10]1(=[CH:9][CH:8]=[CH:7][C:4]([C:5]([NH2:12])=[O:6])=[C:3]1[O:2][CH3:1])[CH3:11],[C:10]1(=[CH:9][CH:8]=[CH:7][C:4]([C:5](=[O:6])[OH:13])=[C:3]1[O:2][CH3:1])[CH3:11].[NH3:12]>>O.[C:10]1(=[CH:9][CH:8]=[CH:7][C:4]([C:5]([NH2:12])=[O:6])=[C:3]1[O:2][CH3:1])[CH3:11],[],[C:10]1(=[CH:9][CH:8]=[CH:7][C:4]([C:5](=[O:6])[OH:13])=[C:3]1[O:2][CH3:1])[CH3:11].[CH:23]1=[CH:24][C:19]=2[N:18]=[N:17][N:16]([C:20]=2[CH:21]=[CH:22]1)[OH:15].[CH3:35][N:34]([CH3:36])[CH2:33][CH2:32][CH2:31][N:30]=[C:29]=[N:28][CH2:27][CH3:26].[ClH:25].[NH3:12].[OH2:14]>>[C:10]1(=[CH:9][CH:8]=[CH:7][C:4]([C:5]([NH2:12])=[O:6])=[C:3]1[O:2][CH3:1])[CH3:11].[CH:23]1=[CH:24][C:19]=2[N:18]=[N:17][N:16]([C:20]=2[CH:21]=[CH:22]1)[OH:15].[CH3:35][N:34]([CH3:36])[CH2:33][CH2:32][CH2:31][N:30]=[C:29]([OH:14])[NH:28][CH2:27][CH3:26].[Cl-],False,False,unbalanced,
404,['golden_dataset_1425'],['golden_dataset'],[CH3:23][C:22]([CH3:24])([CH3:25])[C:19]=1[N:18]=[C:17]([C:15]([NH:14][CH2:13][C:12]2=[C:11]([F:28])[CH:10]=[C:9]([C:6]3=[CH:5][CH:4]=[N:3][C:2]([NH2:1])=[C:7]3[NH2:8])[CH:27]=[CH:26]2)=[O:16])[O:21][N:20]=1.[CH3:40][CH:39]([CH3:41])[N:38]([CH:42]([CH3:43])[CH3:44])[CH2:37][CH3:36].[F:32][C:30]([F:33])([F:29])[C:31]([OH:34])=[O:35].[O:49]=[P:48]1([CH2:47][CH2:46][CH3:45])[O:50][P:51](=[O:52])([CH2:53][CH2:54][CH3:55])[O:56][P:57](=[O:58])([CH2:59][CH2:60][CH3:61])[O:62]1>>[F:29][C:30]([F:32])([F:33])[C:31]1=[N:1][C:2]=2[C:7](=[C:6]([CH:5]=[CH:4][N:3]=2)[C:9]=3[CH:27]=[CH:26][C:12]([CH2:13][NH:14][C:15](=[O:16])[C:17]4=[N:18][C:19]([C:22]([CH3:24])([CH3:25])[CH3:23])=[N:20][O:21]4)=[C:11]([F:28])[CH:10]=3)[NH:8]1,FC(F)(F)C(O)=O.CC(C)(C)C=1N=C(C(NCC2=C(F)C=C(C3=CC=NC(N)=C3N)C=C2)=O)ON=1>>FC(F)(F)C1=NC=2C(=C(C=CN=2)C=3C=CC(CNC(=O)C4=NC(C(C)(C)C)=NO4)=C(F)C=3)N1.O.O,['CCCP1(=O)OP(=O)(CCC)OP(=O)(CCC)O1.CC(C)(C)c1noc(C(=O)NCc2ccc(-c3ccnc(N)c3N)cc2F)n1.CCN(C(C)C)C(C)C.O=C(O)C(F)(F)F>>CCCP1(=O)OP(=O)(CCC)OP(=O)(CCC)O1.CC(C)(C)c1noc(C(=O)NCc2ccc(-c3ccnc4nc(C(F)(F)F)[nH]c34)cc2F)n1.CC(C)N(C(C)C)C(F)(F)C(=O)O'],[CH3:23][C:22]([CH3:24])([CH3:25])[C:19]=1[N:18]=[C:17]([C:15]([NH:14][CH2:13][C:12]2=[C:11]([F:28])[CH:10]=[C:9]([C:6]3=[CH:5][CH:4]=[N:3][C:2]([NH2:1])=[C:7]3[NH2:8])[CH:27]=[CH:26]2)=[O:16])[O:21][N:20]=1.[CH3:40][CH:39]([CH3:41])[N:38]([CH:42]([CH3:43])[CH3:44])[CH2:37][CH3:36].[F:32][C:30]([F:33])([F:29])[C:31]([OH:34])=[O:35].[O:49]=[P:48]1([CH2:47][CH2:46][CH3:45])[O:50][P:51](=[O:52])([CH2:53][CH2:54][CH3:55])[O:56][P:57](=[O:58])([CH2:59][CH2:60][CH3:61])[O:62]1>>[F:29][C:30]([F:32])([F:33])[C:31]1=[N:1][C:2]=2[C:7](=[C:6]([CH:5]=[CH:4][N:3]=2)[C:9]=3[CH:27]=[CH:26][C:12]([CH2:13][NH:14][C:15](=[O:16])[C:17]4=[N:18][C:19]([C:22]([CH3:24])([CH3:25])[CH3:23])=[N:20][O:21]4)=[C:11]([F:28])[CH:10]=3)[NH:8]1.[CH3:40][CH:39]([CH3:41])[NH:38][CH:42]([CH3:43])[CH3:44].[CH3:45][CH2:46][CH2:47][O:50][P:51](=[O:52])([O:56][P:57](=[O:58])([O-:62])[O-:49])[O:62][P:57](=[O:58])([O-:62])[O-:62].[Na+].[Na+].[Na+].[Na+],False,False,unbalanced,
406,['golden_dataset_1427'],['golden_dataset'],[CH2:21]([CH2:20][CH2:19][Li:18])[CH3:22].[C:9]1(=[C:10]([CH:13]=[CH:14][CH:15]=[CH:16]1)[C:11]#[N:12])[Br:23].[CH:3]=1[CH:2]=[C:1]([Br:17])[CH:6]=[CH:5][C:4]=1[O:7][CH3:8]>>[C:4]=1([CH:5]=[CH:6][C:1](=[CH:2][CH:3]=1)[C:9]=2[C:10](=[CH:13][CH:14]=[CH:15][CH:16]=2)[C:11]#[N:12])[O:7][CH3:8],C(CC[Li])C.C1(=C(C=CC=C1)C#N)Br.C=1C=C(Br)C=CC=1OC.[H].[H]>>C=1(C=CC(=CC=1)C=2C(=CC=CC=2)C#N)OC.Br.Br.[Li][CH2]CCC,[],[CH2:21]([CH2:20][CH2:19][Li:18])[CH3:22].[C:9]1(=[C:10]([CH:13]=[CH:14][CH:15]=[CH:16]1)[C:11]#[N:12])[Br:23].[CH:3]=1[CH:2]=[C:1]([Br:17])[CH:6]=[CH:5][C:4]=1[O:7][CH3:8]>>[C:4]=1([CH:5]=[CH:6][C:1](=[CH:2][CH:3]=1)[C:9]=2[C:10](=[CH:13][CH:14]=[CH:15][CH:16]=2)[C:11]#[N:12])[O:7][CH3:8].[Li+].[Br-].[Br-].[CH3:22][CH2:21][CH2:20][CH2:19][CH3],False,False,unbalanced,
407,['golden_dataset_1428'],['golden_dataset'],[CH:10]=1[C:9]([O:11][CH3:12])=[C:8]([O:13][CH3:14])[C:7](=[CH:6][C:5]=1[C:3]([CH:2]=[C:1]([Br:26])[CH3:17])=[O:4])[O:15][CH3:16].[CH:19]=1[CH:20]=[C:21]([CH:24]=[CH:25][C:18]=1[Br:37])[CH:22]=[O:23].[OH:35][B:34]([OH:36])[C:32]1=[CH:31][CH:30]=[C:29]([CH2:28][OH:27])[S:33]1>>[CH:6]=1[C:7]([O:15][CH3:16])=[C:8]([O:13][CH3:14])[C:9](=[CH:10][C:5]=1[C:3](=[O:4])[CH:2]=[C:1]([C:18]2=[CH:19][CH:20]=[C:21]([CH:24]=[CH:25]2)[CH:22]=[O:23])[CH3:17])[O:11][CH3:12],C=1C(OC)=C(OC)C(=CC=1C(C=C(Br)C)=O)OC.C=1C=C(C=CC=1Br)C=O.OB(O)C1=CC=C(CO)S1.[H].[H]>>C=1C(OC)=C(OC)C(=CC=1C(=O)C=C(C2=CC=C(C=C2)C=O)C)OC.Br.Br.OCc1ccc(B(O)O)s1,[],[CH:10]=1[C:9]([O:11][CH3:12])=[C:8]([O:13][CH3:14])[C:7](=[CH:6][C:5]=1[C:3]([CH:2]=[C:1]([Br:26])[CH3:17])=[O:4])[O:15][CH3:16].[CH:19]=1[CH:20]=[C:21]([CH:24]=[CH:25][C:18]=1[Br:37])[CH:22]=[O:23].[OH:35][B:34]([OH:36])[C:32]1=[CH:31][CH:30]=[C:29]([CH2:28][OH:27])[S:33]1>>[CH:6]=1[C:7]([O:15][CH3:16])=[C:8]([O:13][CH3:14])[C:9](=[CH:10][C:5]=1[C:3](=[O:4])[CH:2]=[C:1]([C:18]2=[CH:19][CH:20]=[C:21]([CH:24]=[CH:25]2)[CH:22]=[O:23])[CH3:17])[O:11][CH3:12].[Br-].[Br-].[Na+].[Na+],False,False,unbalanced,
417,['golden_dataset_1444'],['golden_dataset'],[Br:25][C:1]1=[CH:2][C:3]([C:4](=[O:5])[O:6][CH2:7][CH3:8])=[CH:9][CH:10]=[N:11]1.[CH2:12]([Br:31])[C:13]=1[CH:14]=[C:15]2[C:20](=[CH:21][CH:22]=1)[N:19]=[C:18]([CH:17]=[CH:16]2)[C:23]#[N:24].[CH3:26][C:27]([O-:29])=[O:28].[K+:30].[Na+:36].[Na+:37].[O-:32][C:33]([O-:34])=[O:35]>>[O:6]([C:4]([C:3]=1[CH:2]=[C:1]([N:11]=[CH:10][CH:9]=1)[CH2:12][C:13]=2[CH:14]=[C:15]3[C:20](=[CH:21][CH:22]=2)[N:19]=[C:18]([CH:17]=[CH:16]3)[C:23]#[N:24])=[O:5])[CH2:7][CH3:8],[Br:25][C:1]1=[CH:2][C:3]([C:4](=[O:5])[O:6][CH2:7][CH3:8])=[CH:9][CH:10]=[N:11]1.[CH2:12]([Br:31])[C:13]=1[CH:14]=[C:15]2[C:20](=[CH:21][CH:22]=1)[N:19]=[C:18]([CH:17]=[CH:16]2)[C:23]#[N:24].[CH3:26][C:27]([O-:29])=[O:28].[K+:30].[Na+:36].[Na+:37].[O-:32][C:33]([O-:34])=[O:35].[H].[H]>>[O:6]([C:4]([C:3]=1[CH:2]=[C:1]([N:11]=[CH:10][CH:9]=1)[CH2:12][C:13]=2[CH:14]=[C:15]3[C:20](=[CH:21][CH:22]=2)[N:19]=[C:18]([CH:17]=[CH:16]3)[C:23]#[N:24])=[O:5])[CH2:7][CH3:8].[BrH:25].[BrH:31].[CH3:26][C:27](=[O:28])[O-:29].[K+:30].[Na+:36].[Na+:37].[O-:32][C:33]([O-:34])=[O:35],[],[Br:25][C:1]1=[CH:2][C:3]([C:4](=[O:5])[O:6][CH2:7][CH3:8])=[CH:9][CH:10]=[N:11]1.[CH2:12]([Br:31])[C:13]=1[CH:14]=[C:15]2[C:20](=[CH:21][CH:22]=1)[N:19]=[C:18]([CH:17]=[CH:16]2)[C:23]#[N:24].[CH3:26][C:27]([O-:29])=[O:28].[K+:30].[Na+:36].[Na+:37].[O-:32][C:33]([O-:34])=[O:35]>>[O:6]([C:4]([C:3]=1[CH:2]=[C:1]([N:11]=[CH:10][CH:9]=1)[CH2:12][C:13]=2[CH:14]=[C:15]3[C:20](=[CH:21][CH:22]=2)[N:19]=[C:18]([CH:17]=[CH:16]3)[C:23]#[N:24])=[O:5])[CH2:7][CH3:8].[Br-].[Br-].[K+].[Na+].[Na+].[O-][C]([O-])=O.[CH3][C]([O-])=O,True,False,balanced,
418,['golden_dataset_1449'],['golden_dataset'],[CH2:17]1[CH2:18][CH2:19][CH2:20][C:14]([CH2:15][CH2:16]1)=[C:7]([C:8]2=[CH:9][CH:10]=[CH:11][CH:12]=[CH:13]2)[C:4]=3[CH:5]=[CH:6][C:1](=[CH:2][CH:3]=3)[Br:26].[CH:38]=1[C:36](=[C:35]([CH:41]=[CH:40][CH:39]=1)[P:34]([C:42]2=[C:43]([CH:45]=[CH:46][CH:47]=[CH:48]2)[CH3:44])[C:29]3=[CH:30][CH:31]=[CH:32][CH:33]=[C:28]3[CH3:27])[CH3:37].[CH3:49][C:50]#[N:51].[NH2:25][C:21](=[O:24])[CH:22]=[CH2:23]>>[CH2:15]1[CH2:16][CH2:17][CH2:18][CH2:19][CH2:20][C:14]1=[C:7]([C:8]2=[CH:13][CH:12]=[CH:11][CH:10]=[CH:9]2)[C:4]=3[CH:5]=[CH:6][C:1](=[CH:2][CH:3]=3)[CH:23]=[CH:22][C:21]([NH2:25])=[O:24],[NH2:25][C:21](=[O:24])[CH:22]=[CH2:23].[CH2:17]1[CH2:18][CH2:19][CH2:20][C:14]([CH2:15][CH2:16]1)=[C:7]([C:8]2=[CH:9][CH:10]=[CH:11][CH:12]=[CH:13]2)[C:4]=3[CH:5]=[CH:6][C:1](=[CH:2][CH:3]=3)[Br:26]>>[BrH:52].[CH2:15]1[CH2:16][CH2:17][CH2:18][CH2:19][CH2:20][C:14]1=[C:7]([C:8]2=[CH:13][CH:12]=[CH:11][CH:10]=[CH:9]2)[C:4]=3[CH:5]=[CH:6][C:1](=[CH:2][CH:3]=3)[CH:23]=[CH:22][C:21]([NH2:25])=[O:24],['Brc1ccc(C(=C2CCCCCC2)c2ccccc2)cc1.C=CC(N)=O.Cc1ccccc1P(c1ccccc1C)c1ccccc1C.CC#N>>NC(=O)C=Cc1ccc(C(=C2CCCCCC2)c2ccccc2)cc1'],[CH2:17]1[CH2:18][CH2:19][CH2:20][C:14]([CH2:15][CH2:16]1)=[C:7]([C:8]2=[CH:9][CH:10]=[CH:11][CH:12]=[CH:13]2)[C:4]=3[CH:5]=[CH:6][C:1](=[CH:2][CH:3]=3)[Br:26].[CH:38]=1[C:36](=[C:35]([CH:41]=[CH:40][CH:39]=1)[P:34]([C:42]2=[C:43]([CH:45]=[CH:46][CH:47]=[CH:48]2)[CH3:44])[C:29]3=[CH:30][CH:31]=[CH:32][CH:33]=[C:28]3[CH3:27])[CH3:37].[CH3:49][C:50]#[N:51].[NH2:25][C:21](=[O:24])[CH:22]=[CH2:23]>>[CH2:15]1[CH2:16][CH2:17][CH2:18][CH2:19][CH2:20][C:14]1=[C:7]([C:8]2=[CH:13][CH:12]=[CH:11][CH:10]=[CH:9]2)[C:4]=3[CH:5]=[CH:6][C:1](=[CH:2][CH:3]=3)[CH:23]=[CH:22][C:21]([NH2:25])=[O:24].[CH:38]=1[C:36](=[C:35]([CH:41]=[CH:40][CH:39]=1)[P:34]([Br:26])([C:42]2=[C:43]([CH:45]=[CH:46][CH:47]=[CH:48]2)[CH3:44])[C:29]3=[CH:30][CH:31]=[CH:32][CH:33]=[C:28]3[CH3:27])[CH3:37].[CH3:49][C:50]#[N:51],False,False,unbalanced,
428,['golden_dataset_1468'],['golden_dataset'],[CH:3]([CH:2]=[CH2:1])=[CH:4][CH2:5][CH3:6].[CH:17]1=[CH:18][C:12](=[CH:13][CH:14]=[C:15]1[OH:16])[OH:11].[O:8]=[CH:7][CH:10]=[CH2:9]>>[CH2:5]([CH:4]1[CH:3]=[CH:2][CH2:1][CH2:9][CH:10]1[CH:7]=[O:8])[CH3:6],C(C=C)=CCC.C1=CC(=CC=C1O)O.O=CC=C.[H].[H].[H].[H].[H].[H]>>C(C1C=CCCC1C=O)C.C=CC=C.CC=O.O,[],[CH:3]([CH:2]=[CH2:1])=[CH:4][CH2:5][CH3:6].[CH:17]1=[CH:18][C:12](=[CH:13][CH:14]=[C:15]1[OH:16])[OH:11].[O:8]=[CH:7][CH:10]=[CH2:9]>>[CH2:5]([CH:4]1[CH:3]=[CH:2][CH2:1][CH2:9][CH:10]1[CH:7]=[O:8])[CH3:6].[C:12]1=[CH:13][CH:14]=[C:15]([OH:16])[CH:17]=[CH:18]1,False,False,unbalanced,
429,['golden_dataset_1469'],['golden_dataset'],[CH2:15]1[CH2:14][CH:13]([CH2:18][CH2:17][N:16]1[CH2:19][CH2:20][CH2:21][C:22]#[N:25])[CH2:9][CH2:10][CH2:11][CH3:12].[CH3:8][C:2]1=[C:1]([CH:6]=[CH:5][C:4]([CH3:7])=[CH:3]1)[I:24].[CH3:26][OH:23]>>[CH2:14]1[CH2:15][N:16]([CH2:17][CH2:18][CH:13]1[CH2:9][CH2:10][CH2:11][CH3:12])[CH2:19][CH2:20][CH2:21][C:22](=[O:23])[C:1]=2[CH:6]=[CH:5][C:4](=[CH:3][C:2]=2[CH3:8])[CH3:7],nan,['CCCCC1CCN(CCCC#N)CC1.Cc1ccc(I)c(C)c1.CO>>CCCCC1CCN(CCCC(=O)c2ccc(C)cc2C)CC1'],[CH2:15]1[CH2:14][CH:13]([CH2:18][CH2:17][N:16]1[CH2:19][CH2:20][CH2:21][C:22]#[N:25])[CH2:9][CH2:10][CH2:11][CH3:12].[CH3:8][C:2]1=[C:1]([CH:6]=[CH:5][C:4]([CH3:7])=[CH:3]1)[I:24].[CH3:26][OH:23]>>[CH2:14]1[CH2:15][N:16]([CH2:17][CH2:18][CH:13]1[CH2:9][CH2:10][CH2:11][CH3:12])[CH2:19][CH2:20][CH2:21][C:22](=[O:23])[C:1]=2[CH:6]=[CH:5][C:4](=[CH:3][C:2]=2[CH3:8])[CH3:7].[CH3:26][NH2:25].[I-],False,False,unbalanced,
430,['golden_dataset_1471'],['golden_dataset'],[CH2:2]1[CH2:3][CH:1]1[Br:4].[CH3:23][OH:18].[F:6][C:7]([F:16])([F:17])[O:8][C:9]1=[CH:10][CH:11]=[C:12]([C:13]#[N:22])[CH:14]=[CH:15]1.[Mg:5]=[O:24]>>[CH2:20]1[CH2:21][CH:19]1[Mg:5][Br:4].[F:6][C:7]([F:16])([F:17])[O:8][C:9]=1[CH:15]=[CH:14][C:12](=[CH:11][CH:10]=1)[C:13](=[O:18])[CH:1]2[CH2:2][CH2:3]2,nan,['N#Cc1ccc(OC(F)(F)F)cc1.BrC1CC1.O=[Mg].CO>>O=C(c1ccc(OC(F)(F)F)cc1)C1CC1.Br[Mg]C1CC1'],[CH2:2]1[CH2:3][CH:1]1[Br:4].[CH3:23][OH:18].[F:6][C:7]([F:16])([F:17])[O:8][C:9]1=[CH:10][CH:11]=[C:12]([C:13]#[N:22])[CH:14]=[CH:15]1.[Mg:5]=[O:24]>>[CH2:20]1[CH2:21][CH:19]1[Mg:5][Br:4].[F:6][C:7]([F:16])([F:17])[O:8][C:9]=1[CH:15]=[CH:14][C:12](=[CH:11][CH:10]=1)[C:13](=[O:18])[CH:1]2[CH2:2][CH2:3]2.[N:22]#C[Mg:5][Br:4],False,False,unbalanced,
434,['golden_dataset_1479'],['golden_dataset'],[CH:33]=1[CH:32]=[CH:31][C:29]=2[N:30]=[C:26]([S:27][C:28]=2[CH:34]=1)[Br:59].[CH:13]=1[CH:12]=[CH:11][CH:10]=[C:9]([CH:14]=1)[C:7]2([C:15]=3[CH:20]=[CH:19][CH:18]=[CH:17][CH:16]=3)[O:8][C:4]=4[C:5]([O:6]2)=[CH:21][C:1](=[CH:2][C:3]=4[C:22]([O:24][CH3:25])=[O:23])[Br:35].[CH3:54][C:55]([O-:57])=[O:56].[CH3:36][C:37]1([CH3:38])[C:42]([CH3:43])([CH3:44])[O:41][B:40]([O:39]1)[B:45]2[O:53][C:50]([CH3:51])([CH3:52])[C:47]([CH3:48])([CH3:49])[O:46]2.[K+:58].[K+:64].[K+:65].[O-:60][C:61]([O-:62])=[O:63]>>[C:9]1(=[CH:14][CH:13]=[CH:12][CH:11]=[CH:10]1)[C:7]2([C:15]3=[CH:20][CH:19]=[CH:18][CH:17]=[CH:16]3)[O:8][C:4]4=[C:3]([C:22](=[O:23])[O:24][CH3:25])[CH:2]=[C:1]([C:26]5=[N:30][C:29]=6[CH:31]=[CH:32][CH:33]=[CH:34][C:28]=6[S:27]5)[CH:21]=[C:5]4[O:6]2,C=1C=CC=2N=C(SC=2C=1)Br.C=1C=CC=C(C=1)C2(C=3C=CC=CC=3)OC=4C(O2)=CC(=CC=4C(OC)=O)Br.CC([O-])=O.CC1(C)C(C)(C)OB(O1)B2OC(C)(C)C(C)(C)O2.[K+].[K+].[K+].[O-]C([O-])=O.[H].[H]>>C1(=CC=CC=C1)C2(C3=CC=CC=C3)OC4=C(C(=O)OC)C=C(C5=NC=6C=CC=CC=6S5)C=C4O2.Br.Br.CC(=O)[O-].CC1(C)OB(B2OC(C)(C)C(C)(C)O2)OC1(C)C.O=C([O-])[O-].[K+].[K+].[K+],[],[CH:33]=1[CH:32]=[CH:31][C:29]=2[N:30]=[C:26]([S:27][C:28]=2[CH:34]=1)[Br:59].[CH:13]=1[CH:12]=[CH:11][CH:10]=[C:9]([CH:14]=1)[C:7]2([C:15]=3[CH:20]=[CH:19][CH:18]=[CH:17][CH:16]=3)[O:8][C:4]=4[C:5]([O:6]2)=[CH:21][C:1](=[CH:2][C:3]=4[C:22]([O:24][CH3:25])=[O:23])[Br:35].[CH3:54][C:55]([O-:57])=[O:56].[CH3:36][C:37]1([CH3:38])[C:42]([CH3:43])([CH3:44])[O:41][B:40]([O:39]1)[B:45]2[O:53][C:50]([CH3:51])([CH3:52])[C:47]([CH3:48])([CH3:49])[O:46]2.[K+:58].[K+:64].[K+:65].[O-:60][C:61]([O-:62])=[O:63]>>[C:9]1(=[CH:14][CH:13]=[CH:12][CH:11]=[CH:10]1)[C:7]2([C:15]3=[CH:20][CH:19]=[CH:18][CH:17]=[CH:16]3)[O:8][C:4]4=[C:3]([C:22](=[O:23])[O:24][CH3:25])[CH:2]=[C:1]([C:26]5=[N:30][C:29]=6[CH:31]=[CH:32][CH:33]=[CH:34][C:28]=6[S:27]5)[CH:21]=[C:5]4[O:6]2.[Br-].[Br-].[K+].[K+].[K+].CC(C)(C)OB1OC(C)(C)C(C)(C)O1.CC(C)(C)OB1OC(C)(C)C(C)(C)O1.CC(=O)[O-].[O-]C(=O)[O-],False,False,unbalanced,
448,['golden_dataset_1499'],['golden_dataset'],[CH2:6]([CH2:7][Br:8])[CH2:5][CH2:4][CH2:3][CH2:2][CH3:1].[CH2:39]([CH2:40][CH:41]=[O:42])[CH2:38][C:36](=[O:37])[O:35][CH2:34][CH3:33].[CH2:31]([CH2:30][CH2:29][Li:28])[CH3:32].[CH:13]1=[CH:14][CH:9]=[CH:10][CH:11]=[C:12]1[P:15]([C:16]=2[CH:21]=[CH:20][CH:19]=[CH:18][CH:17]=2)[C:22]=3[CH:27]=[CH:26][CH:25]=[CH:24][CH:23]=3.[CH:68]=1[C:63](=[CH:64][CH:65]=[CH:66][CH:67]=1)[P+:50]([C:51]=2[CH:56]=[CH:55][CH:54]=[CH:53][CH:52]=2)([C:57]=3[CH:62]=[CH:61][CH:60]=[CH:59][CH:58]=3)[CH2:49][CH2:48][CH2:47][CH2:46][CH2:45][CH2:44][CH3:43].[Br-:69]>>[CH2:6]([CH2:5][CH2:4][CH2:3][CH2:2][CH3:1])[CH:7]=[CH:41][CH2:40][CH2:39][CH2:38][C:36]([O:35][CH2:34][CH3:33])=[O:37],C(CBr)CCCCC.C(CC=O)CC(=O)OCC.C(CC[Li])C.C1=CC=CC=C1P(C=2C=CC=CC=2)C=3C=CC=CC=3.C=1C(=CC=CC=1)[P+](C=2C=CC=CC=2)(C=3C=CC=CC=3)CCCCCCC.[Br-].[H].[H]>>C(CCCCC)C=CCCCC(OCC)=O.Br.CCCCCCC[P+](c1ccccc1)(c1ccccc1)c1ccccc1.O.[Br-].[Li][CH2]CCC.c1ccc(P(c2ccccc2)c2ccccc2)cc1,[],[CH2:6]([CH2:7][Br:8])[CH2:5][CH2:4][CH2:3][CH2:2][CH3:1].[CH2:39]([CH2:40][CH:41]=[O:42])[CH2:38][C:36](=[O:37])[O:35][CH2:34][CH3:33].[CH2:31]([CH2:30][CH2:29][Li:28])[CH3:32].[CH:13]1=[CH:14][CH:9]=[CH:10][CH:11]=[C:12]1[P:15]([C:16]=2[CH:21]=[CH:20][CH:19]=[CH:18][CH:17]=2)[C:22]=3[CH:27]=[CH:26][CH:25]=[CH:24][CH:23]=3.[CH:68]=1[C:63](=[CH:64][CH:65]=[CH:66][CH:67]=1)[P+:50]([C:51]=2[CH:56]=[CH:55][CH:54]=[CH:53][CH:52]=2)([C:57]=3[CH:62]=[CH:61][CH:60]=[CH:59][CH:58]=3)[CH2:49][CH2:48][CH2:47][CH2:46][CH2:45][CH2:44][CH3:43].[Br-:69]>>[CH2:6]([CH2:5][CH2:4][CH2:3][CH2:2][CH3:1])[CH:7]=[CH:41][CH2:40][CH2:39][CH2:38][C:36]([O:35][CH2:34][CH3:33])=[O:37].[Li+].[Br-].[Br-].[CH:13]1=[CH:14][CH:9]=[CH:10][CH:11]=[C:12]1[P:15]([C:16]=2[CH:21]=[CH:20][CH:19]=[CH:18][CH:17]=2)[C:22]=3[CH:27]=[CH:26][CH:25]=[CH:24][CH:23]=3.[CH:68]=1[C:63](=[CH:64][CH:65]=[CH:66][CH:67]=1)[P:50]([C:51]=2[CH:56]=[CH:55][CH:54]=[CH:53][CH:52]=2)([C:57]=3[CH:62]=[CH:61][CH:60]=[CH:59][CH:58]=3)[CH2:49][CH2:48][CH2:47][CH2:46][CH2:45][CH2:44][CH3:43].[CH2:31]([CH2:30][CH2:29][CH3:32])=O,False,False,unbalanced,
449,['golden_dataset_1500'],['golden_dataset'],[C:4]([O:3][CH2:1][CH3:2])(=[O:23])[CH2:5][CH2:6][CH2:7][O:8][C:9]=1[CH:14]=[CH:13][CH:12]=[C:11]([C:10]=1[CH:16]=[CH:17][C:18](=[O:19])[O:20][CH2:21][CH3:22])[CH2:15][Br:37].[CH:42]1=[CH:43][CH:38]=[CH:39][CH:40]=[C:41]1[P:44]([C:51]=2[CH:56]=[CH:55][CH:54]=[CH:53][CH:52]=2)[C:45]=3[CH:50]=[CH:49][CH:48]=[CH:47][CH:46]=3.[CH3:25][C:24]([CH3:26])([CH3:27])[Si:28]([CH3:35])([CH3:36])[O:29][CH2:30][CH2:31][CH2:32][CH2:33][CH:34]=[O:57]>>[CH3:25][C:24]([CH3:26])([CH3:27])[Si:28]([CH3:35])([CH3:36])[O:29][CH2:30][CH2:31][CH2:32][CH2:33][CH:34]=[CH:15][C:11]=1[C:10](=[C:9]([CH:14]=[CH:13][CH:12]=1)[O:8][CH2:7][CH2:6][CH2:5][C:4](=[O:23])[O:3][CH2:1][CH3:2])[CH:16]=[CH:17][C:18]([O:20][CH2:21][CH3:22])=[O:19],CC(C)(C)[Si](C)(C)OCCCCC=O.C(OCC)(=O)CCCOC=1C=CC=C(C=1C=CC(=O)OCC)CBr.[H].[H]>>Br.O.CC(C)(C)[Si](C)(C)OCCCCC=CC=1C(=C(C=CC=1)OCCCC(=O)OCC)C=CC(OCC)=O,[],[C:4]([O:3][CH2:1][CH3:2])(=[O:23])[CH2:5][CH2:6][CH2:7][O:8][C:9]=1[CH:14]=[CH:13][CH:12]=[C:11]([C:10]=1[CH:16]=[CH:17][C:18](=[O:19])[O:20][CH2:21][CH3:22])[CH2:15][Br:37].[CH:42]1=[CH:43][CH:38]=[CH:39][CH:40]=[C:41]1[P:44]([C:51]=2[CH:56]=[CH:55][CH:54]=[CH:53][CH:52]=2)[C:45]=3[CH:50]=[CH:49][CH:48]=[CH:47][CH:46]=3.[CH3:25][C:24]([CH3:26])([CH3:27])[Si:28]([CH3:35])([CH3:36])[O:29][CH2:30][CH2:31][CH2:32][CH2:33][CH:34]=[O:57]>>[CH3:25][C:24]([CH3:26])([CH3:27])[Si:28]([CH3:35])([CH3:36])[O:29][CH2:30][CH2:31][CH2:32][CH2:33][CH:34]=[CH:15][C:11]=1[C:10](=[C:9]([CH:14]=[CH:13][CH:12]=1)[O:8][CH2:7][CH2:6][CH2:5][C:4](=[O:23])[O:3][CH2:1][CH3:2])[CH:16]=[CH:17][C:18]([O:20][CH2:21][CH3:22])=[O:19].O=P(c1ccccc1)(c1ccccc1)c1ccccc1.[Br-],False,False,unbalanced,
456,['golden_dataset_1511'],['golden_dataset'],[CH4:19].[C:11]([O:13][CH3:14])(=[O:12])[C:10]=1[C:9]([OH:6])=[C:8]([CH:17]=[CH:16][CH:15]=1)[NH2:7].[CH3:1][C:2]([CH3:3])([CH3:4])[CH:5]=[O:18]>>[CH3:1][C:2]([CH3:3])([CH3:4])[C:5]1=[N:7][C:8]=2[C:9](=[C:10]([C:11](=[O:12])[O:13][CH3:14])[CH:15]=[CH:16][CH:17]=2)[O:6]1,[CH4:19].[C:11]([O:13][CH3:14])(=[O:12])[C:10]=1[C:9]([OH:6])=[C:8]([CH:17]=[CH:16][CH:15]=1)[NH2:7].[CH3:1][C:2]([CH3:3])([CH3:4])[CH:5]=[O:18].[O]>>[CH3:1][C:2]([CH3:3])([CH3:4])[C:5]1=[N:7][C:8]=2[C:9](=[C:10]([C:11](=[O:12])[O:13][CH3:14])[CH:15]=[CH:16][CH:17]=2)[O:6]1.[CH4:19].[OH2:18].O,[],[C:11]([O:13][CH3:14])(=[O:12])[C:10]=1[C:9]([OH:6])=[C:8]([CH:17]=[CH:16][CH:15]=1)[NH2:7].[CH3:1][C:2]([CH3:3])([CH3:4])[CH:5]=[O:18]>>[CH3:1][C:2]([CH3:3])([CH3:4])[C:5]1=[N:7][C:8]=2[C:9](=[C:10]([C:11](=[O:12])[O:13][CH3:14])[CH:15]=[CH:16][CH:17]=2)[O:6]1.CO,False,False,unbalanced,
457,['golden_dataset_1512'],['golden_dataset'],[CH2:14]([CH3:15])[CH2:13][CH2:12][CH2:11][CH2:10][O:16][C:17]1=[C:18]([CH:20]=[C:21]([C:22](=[CH:23]1)[CH2:24][OH:25])[O:26][CH2:27][CH2:28][CH2:29][CH2:30][CH2:31][CH3:32])[CH:19]=[O:33].[C:3]=1([CH:4]=[CH:5][CH:6]=[C:7]([OH:8])[C:2]=1[NH2:1])[CH3:9].[CH3:54][Cl:55].[O:39]=[C:38]1[C:40]([C:41]#[N:42])=[C:43]([C:44]#[N:45])[C:46](=[O:47])[C:35]([Cl:34])=[C:36]1[Cl:37].[Na+:52].[Na+:53].[O-:48][C:49]([O-:50])=[O:51]>>[C:18]1(=[C:17]([CH:23]=[C:22]([CH2:24][OH:25])[C:21](=[CH:20]1)[O:26][CH2:27][CH2:28][CH2:29][CH2:30][CH2:31][CH3:32])[O:16][CH2:10][CH2:11][CH2:12][CH2:13][CH2:14][CH3:15])[C:19]=2[O:8][C:7]3=[C:2]([C:3]([CH3:9])=[CH:4][CH:5]=[CH:6]3)[N:1]=2,[CH2:14]([CH3:15])[CH2:13][CH2:12][CH2:11][CH2:10][O:16][C:17]1=[C:18]([CH:20]=[C:21]([C:22](=[CH:23]1)[CH2:24][OH:25])[O:26][CH2:27][CH2:28][CH2:29][CH2:30][CH2:31][CH3:32])[CH:19]=[O:33].[C:3]=1([CH:4]=[CH:5][CH:6]=[C:7]([OH:8])[C:2]=1[NH2:1])[CH3:9].[CH3:54][Cl:55].[O:39]=[C:38]1[C:40]([C:41]#[N:42])=[C:43]([C:44]#[N:45])[C:46](=[O:47])[C:35]([Cl:34])=[C:36]1[Cl:37].[Na+:52].[Na+:53].[O-:48][C:49]([O-:50])=[O:51].O.[H].[H].[H].[H].[H].[H].[H].[H].[H].[H]>>[C:18]1(=[C:17]([CH:23]=[C:22]([CH2:24][OH:25])[C:21](=[CH:20]1)[O:26][CH2:27][CH2:28][CH2:29][CH2:30][CH2:31][CH3:32])[O:16][CH2:10][CH2:11][CH2:12][CH2:13][CH2:14][CH3:15])[C:19]=2[O:8][C:7]3=[C:2]([C:3]([CH3:9])=[CH:4][CH:5]=[CH:6]3)[N:1]=2.O[C:44]#[N:45].[CH3:54][Cl:55].[ClH:34].[ClH:37].[NH2:1][c:2]1[c:3]([CH3:9])[cH:4][cH:5][cH:6][c:7]1[OH:8].[Na+:52].[Na+:53].[O-:48][C:49]([O-:50])=[O:51].[OH2:39].[OH2:47],[],[CH2:14]([CH3:15])[CH2:13][CH2:12][CH2:11][CH2:10][O:16][C:17]1=[C:18]([CH:20]=[C:21]([C:22](=[CH:23]1)[CH2:24][OH:25])[O:26][CH2:27][CH2:28][CH2:29][CH2:30][CH2:31][CH3:32])[CH:19]=[O:33].[C:3]=1([CH:4]=[CH:5][CH:6]=[C:7]([OH:8])[C:2]=1[NH2:1])[CH3:9].[CH3:54][Cl:55].[O:39]=[C:38]1[C:40]([C:41]#[N:42])=[C:43]([C:44]#[N:45])[C:46](=[O:47])[C:35]([Cl:34])=[C:36]1[Cl:37].[Na+:52].[Na+:53].[O-:48][C:49]([O-:50])=[O:51]>>[C:18]1(=[C:17]([CH:23]=[C:22]([CH2:24][OH:25])[C:21](=[CH:20]1)[O:26][CH2:27][CH2:28][CH2:29][CH2:30][CH2:31][CH3:32])[O:16][CH2:10][CH2:11][CH2:12][CH2:13][CH2:14][CH3:15])[C:19]=2[O:8][C:7]3=[C:2]([C:3]([CH3:9])=[CH:4][CH:5]=[CH:6]3)[N:1]=2.[Na+].[Na+].[Cl-].[Cl-].[Cl-].[OH-].[OH-],False,False,unbalanced,
465,['golden_dataset_1521'],['golden_dataset'],[CH2:34]([CH3:33])[N:35]([CH2:36][CH3:37])[CH2:38][CH3:39].[CH2:13]1[CH2:12][N:11]([CH2:16][CH2:15][CH:14]1[S:17](=[O:18])(=[O:19])[C:20]=2[CH:25]=[CH:24][C:23]([CH2:26][OH:32])=[CH:22][CH:21]=2)[CH2:10][CH2:9][C:3]3=[C:2]([F:1])[CH:7]=[C:6]([F:8])[CH:5]=[CH:4]3.[N:29]=1[NH:28][N:27]=[CH:31][N:30]=1.[O:43]=[S:41](=[O:44])([CH3:40])[Cl:42].[Cs+:51].[Cs+:52].[I-:46].[Na+:45].[O-:49][C:48]([O-:47])=[O:50]>>[O:18]=[S:17](=[O:19])([C:20]1=[CH:21][CH:22]=[C:23]([CH2:26][N:27]2[CH:31]=[N:30][N:29]=[N:28]2)[CH:24]=[CH:25]1)[CH:14]3[CH2:13][CH2:12][N:11]([CH2:16][CH2:15]3)[CH2:10][CH2:9][C:3]4=[CH:4][CH:5]=[C:6]([F:8])[CH:7]=[C:2]4[F:1],[CH2:34]([CH3:33])[N:35]([CH2:36][CH3:37])[CH2:38][CH3:39].[CH2:13]1[CH2:12][N:11]([CH2:16][CH2:15][CH:14]1[S:17](=[O:18])(=[O:19])[C:20]=2[CH:25]=[CH:24][C:23]([CH2:26][OH:32])=[CH:22][CH:21]=2)[CH2:10][CH2:9][C:3]3=[C:2]([F:1])[CH:7]=[C:6]([F:8])[CH:5]=[CH:4]3.[N:29]=1[NH:28][N:27]=[CH:31][N:30]=1.[O:43]=[S:41](=[O:44])([CH3:40])[Cl:42].[Cs+:51].[Cs+:52].[I-:46].[Na+:45].[O-:49][C:48]([O-:47])=[O:50]>>[O:18]=[S:17](=[O:19])([C:20]1=[CH:21][CH:22]=[C:23]([CH2:26][N:27]2[CH:31]=[N:30][N:29]=[N:28]2)[CH:24]=[CH:25]1)[CH:14]3[CH2:13][CH2:12][N:11]([CH2:16][CH2:15]3)[CH2:10][CH2:9][C:3]4=[CH:4][CH:5]=[C:6]([F:8])[CH:7]=[C:2]4[F:1].[CH3:33][CH2:34][N:35]([CH2:36][CH3:37])[CH2:38][CH3:39].[CH3:40][S:41]([Cl:42])(=[O:43])=[O:44].[Cs+:51].[Cs+:52].[I-:46].[Na+:45].[O-:47][C:48]([O-:49])=[O:50].[OH2:32],[],[CH2:34]([CH3:33])[N:35]([CH2:36][CH3:37])[CH2:38][CH3:39].[CH2:13]1[CH2:12][N:11]([CH2:16][CH2:15][CH:14]1[S:17](=[O:18])(=[O:19])[C:20]=2[CH:25]=[CH:24][C:23]([CH2:26][OH:32])=[CH:22][CH:21]=2)[CH2:10][CH2:9][C:3]3=[C:2]([F:1])[CH:7]=[C:6]([F:8])[CH:5]=[CH:4]3.[N:29]=1[NH:28][N:27]=[CH:31][N:30]=1.[O:43]=[S:41](=[O:44])([CH3:40])[Cl:42].[Cs+:51].[Cs+:52].[I-:46].[Na+:45].[O-:49][C:48]([O-:47])=[O:50]>>[O:18]=[S:17](=[O:19])([C:20]1=[CH:21][CH:22]=[C:23]([CH2:26][N:27]2[CH:31]=[N:30][N:29]=[N:28]2)[CH:24]=[CH:25]1)[CH:14]3[CH2:13][CH2:12][N:11]([CH2:16][CH2:15]3)[CH2:10][CH2:9][C:3]4=[CH:4][CH:5]=[C:6]([F:8])[CH:7]=[C:2]4[F:1].[Cs+].[Cs+].[I-].[Na+].[O-][S]([O-])(=O)=O.CCN(CC)CC.CS(=O)(=O)Cl.O=C([O-])[O-],False,False,unbalanced,
473,['golden_dataset_1529'],['golden_dataset'],[CH:21]1=[CH:22][C:17]([C:16]#[N:23])=[CH:18][CH:19]=[N:20]1.[CH2:25]1[CH2:26][N:27]=[C:28]2[N:34]([CH2:33][CH2:32][CH2:31][CH2:30][CH2:29]2)[CH2:35]1.[NH:5]([C:6](=[O:15])[C:7]=1[CH:12]=[CH:11][C:10](=[CH:9][C:8]=1[OH:14])[OH:13])[CH2:4][C:3]([NH:1][NH2:2])=[O:24]>>[CH:21]=1[N:20]=[CH:19][CH:18]=[C:17]([C:16]2=[N:2][N:1]=[C:3]([NH:23]2)[CH2:4][NH:5][C:6](=[O:15])[C:7]=3[CH:12]=[CH:11][C:10](=[CH:9][C:8]=3[OH:14])[OH:13])[CH:22]=1,C1=CC(C#N)=CC=N1.C1CN=C2N(CCCCC2)C1.N(C(=O)C=1C=CC(=CC=1O)O)CC(NN)=O.[H].[H].[H].[H].N#N>>C=1N=CC=C(C2=NN=C(N2)CNC(=O)C=3C=CC(=CC=3O)O)C=1.C1CCC2=NCCCN2CC1.NN.O,[],[CH:21]1=[CH:22][C:17]([C:16]#[N:23])=[CH:18][CH:19]=[N:20]1.[CH2:25]1[CH2:26][N:27]=[C:28]2[N:34]([CH2:33][CH2:32][CH2:31][CH2:30][CH2:29]2)[CH2:35]1.[NH:5]([C:6](=[O:15])[C:7]=1[CH:12]=[CH:11][C:10](=[CH:9][C:8]=1[OH:14])[OH:13])[CH2:4][C:3]([NH:1][NH2:2])=[O:24]>>[CH:21]=1[N:20]=[CH:19][CH:18]=[C:17]([C:16]2=[N:2][N:1]=[C:3]([NH:23]2)[CH2:4][NH:5][C:6](=[O:15])[C:7]=3[CH:12]=[CH:11][C:10](=[CH:9][C:8]=3[OH:14])[OH:13])[CH:22]=1.CC(C)(C)O,False,False,unbalanced,
478,['golden_dataset_1534'],['golden_dataset'],[CH3:12][Si:11]([CH3:13])([CH3:14])[CH2:10][CH2:9][O:8][C:7](=[O:15])[NH:6][CH2:5][C:4]1=[CH:3][CH:2]=[C:1]([Br:24])[CH:17]=[CH:16]1.[O:27]=[C:25]([OH:26])[C:23]1=[C:19]([CH3:18])[N:20]=[CH:21][S:22]1.[Cs+:32].[Cs+:33].[O-:28][C:29]([O-:30])=[O:31]>>[CH3:12][Si:11]([CH3:13])([CH3:14])[CH2:10][CH2:9][O:8][C:7](=[O:15])[NH:6][CH2:5][C:4]=1[CH:16]=[CH:17][C:1]([C:23]2=[C:19]([CH3:18])[N:20]=[CH:21][S:22]2)=[CH:2][CH:3]=1,O=C(O)C1=C(C)N=CS1.C[Si](C)(C)CCOC(=O)NCC1=CC=C(Br)C=C1>>C[Si](C)(C)CCOC(=O)NCC=1C=CC(C2=C(C)N=CS2)=CC=1.O=C(O)Br,['C[Si](C)(C)CCOC(=O)NCc1ccc(Br)cc1.Cc1ncsc1C(=O)O.O=C([O-])[O-].[Cs+].[Cs+]>>Cc1ncsc1-c1ccc(CNC(=O)OCC[Si](C)(C)C)cc1.O=C([O-])[O-].O=C(O)Br.[Cs+].[Cs+]'],[CH3:12][Si:11]([CH3:13])([CH3:14])[CH2:10][CH2:9][O:8][C:7](=[O:15])[NH:6][CH2:5][C:4]1=[CH:3][CH:2]=[C:1]([Br:24])[CH:17]=[CH:16]1.[O:27]=[C:25]([OH:26])[C:23]1=[C:19]([CH3:18])[N:20]=[CH:21][S:22]1.[Cs+:32].[Cs+:33].[O-:28][C:29]([O-:30])=[O:31]>>[CH3:12][Si:11]([CH3:13])([CH3:14])[CH2:10][CH2:9][O:8][C:7](=[O:15])[NH:6][CH2:5][C:4]=1[CH:16]=[CH:17][C:1]([C:23]2=[C:19]([CH3:18])[N:20]=[CH:21][S:22]2)=[CH:2][CH:3]=1.[Cs+:32].[Cs+:33].[Br-:24].[O:27]=[C:29]([O-:30])[O-:28].[OH-:26].[H+],False,False,unbalanced,
480,['golden_dataset_1536'],['golden_dataset'],[CH3:17][OH:14].[F:1][C:2]([F:8])([F:7])[C:3](=[CH:4][C:5]([CH3:6])=[O:15])[OH:16].[N:12]#[C:11][CH2:10][C:9]#[N:13]>>[F:1][C:2]([F:8])([F:7])[C:3]1=[C:10]([C:11]#[N:12])[C:9]([OH:14])=[N:13][C:5](=[CH:4]1)[CH3:6],[N:12]#[C:11][CH2:10][C:9]#[N:13].[F:1][C:2]([F:8])([F:7])[C:3](=[CH:4][C:5]([CH3:6])=[O:15])[OH:16]>>[F:1][C:2]([F:8])([F:7])[C:3]1=[C:10]([C:11]#[N:12])[C:9]([OH:14])=[N:13][C:5](=[CH:4]1)[CH3:6].[OH:16][H],[],[CH3:17][OH:14].[F:1][C:2]([F:8])([F:7])[C:3](=[CH:4][C:5]([CH3:6])=[O:15])[OH:16].[N:12]#[C:11][CH2:10][C:9]#[N:13]>>[F:1][C:2]([F:8])([F:7])[C:3]1=[C:10]([C:11]#[N:12])[C:9]([OH:14])=[N:13][C:5](=[CH:4]1)[CH3:6].[CH3:17][OH:14].[O:15]=[C:5]([CH3:6]),False,False,unbalanced,
487,['golden_dataset_1548'],['golden_dataset'],[CH2:22]([CH3:21])[N:23]([CH2:24][CH3:25])[CH2:26][CH3:27].[CH:16]([NH:17][NH2:18])=[O:20].[ClH:19].[F:1][C:2]([F:14])([F:15])[O:3][C:4]=1[CH:13]=[CH:12][C:7]([CH:8]=[CH:9][C:10]#[N:11])=[CH:6][CH:5]=1>>[F:1][C:2]([F:14])([F:15])[O:3][C:4]1=[CH:5][CH:6]=[C:7]([CH:12]=[CH:13]1)[CH:8]=[CH:9][C:10]2=[N:18][N:17]=[CH:16][NH:11]2,nan,['N#CC=Cc1ccc(OC(F)(F)F)cc1.CCN(CC)CC.NNC=O.Cl>>FC(F)(F)Oc1ccc(C=Cc2nnc[nH]2)cc1'],[CH2:22]([CH3:21])[N:23]([CH2:24][CH3:25])[CH2:26][CH3:27].[CH:16]([NH:17][NH2:18])=[O:20].[ClH:19].[F:1][C:2]([F:14])([F:15])[O:3][C:4]=1[CH:13]=[CH:12][C:7]([CH:8]=[CH:9][C:10]#[N:11])=[CH:6][CH:5]=1>>[F:1][C:2]([F:14])([F:15])[O:3][C:4]1=[CH:5][CH:6]=[C:7]([CH:12]=[CH:13]1)[CH:8]=[CH:9][C:10]2=[N:18][N:17]=[CH:16][NH:11]2.CCN(CC)CC.Cl,False,False,unbalanced,
490,['golden_dataset_1552'],['golden_dataset'],[CH2:25]([CH2:26][O:27][CH3:28])[O:24][CH3:23].[F:8][C:7]([F:9])([F:10])[C:4]1=[CH:3][CH:2]=[C:1]([Br:19])[CH:6]=[CH:5]1.[O:22]=[C:21]([OH:20])[C:16]1=[CH:15][CH:14]=[C:13]([CH:18]=[CH:17]1)[CH:11]=[O:12].[Na+:33].[Na+:34].[O-:29][C:30]([O-:31])=[O:32]>>[F:8][C:7]([F:9])([F:10])[C:4]1=[CH:3][CH:2]=[C:1]([C:16]=2[CH:17]=[CH:18][C:13]([CH:11]=[O:12])=[CH:14][CH:15]=2)[CH:6]=[CH:5]1,C(COC)OC.FC(F)(F)C1=CC=C(Br)C=C1.O=C(O)C1=CC=C(C=C1)C=O.[Na+].[Na+].[O-]C([O-])=O>>FC(F)(F)C1=CC=C(C=2C=CC(C=O)=CC=2)C=C1.COCCOC.O=C(O)Br.O=C([O-])[O-].[Na+].[Na+],['COCCOC.FC(F)(F)c1ccc(Br)cc1.O=Cc1ccc(C(=O)O)cc1.O=C([O-])[O-].[Na+].[Na+]>>O=Cc1ccc(-c2ccc(C(F)(F)F)cc2)cc1.COCCOC.O=C([O-])[O-].O=C(O)Br.[Na+].[Na+]'],[CH2:25]([CH2:26][O:27][CH3:28])[O:24][CH3:23].[F:8][C:7]([F:9])([F:10])[C:4]1=[CH:3][CH:2]=[C:1]([Br:19])[CH:6]=[CH:5]1.[O:22]=[C:21]([OH:20])[C:16]1=[CH:15][CH:14]=[C:13]([CH:18]=[CH:17]1)[CH:11]=[O:12].[Na+:33].[Na+:34].[O-:29][C:30]([O-:31])=[O:32]>>[F:8][C:7]([F:9])([F:10])[C:4]1=[CH:3][CH:2]=[C:1]([C:16]=2[CH:17]=[CH:18][C:13]([CH:11]=[O:12])=[CH:14][CH:15]=2)[CH:6]=[CH:5]1.[Br-:35].[Na+:33].[Na+:34].[O:22]=[C:21]([O-:20])[O:30].[O:27]=[C:26]([O-:25])[O:24].[CH3:28][OH:29].[CH3:23][OH:31],False,False,unbalanced,
491,['golden_dataset_1553'],['golden_dataset'],[CH2:33]1[CH2:34][O:35][CH2:30][CH2:31][O:32]1.[O:6]=[C:5]([OH:7])[C:4]1=[C:3]([Cl:10])[CH:2]=[C:1]([Br:20])[CH:9]=[CH:8]1.[O:23]=[C:21]([OH:22])[C:16]1=[C:15]([O:18][CH3:19])[CH:14]=[CH:13][C:12]([Cl:11])=[CH:17]1.[Na+:28].[Na+:29].[O-:24][C:25]([O-:26])=[O:27]>>[C:16]1([C:1]=2[CH:9]=[CH:8][C:4](=[C:3]([Cl:10])[CH:2]=2)[C:5](=[O:6])[OH:7])=[C:15]([O:18][CH3:19])[CH:14]=[CH:13][C:12]([Cl:11])=[CH:17]1,C1COCCO1.O=C(O)C1=C(Cl)C=C(Br)C=C1.O=C(O)C1=C(OC)C=CC(Cl)=C1.[Na+].[Na+].[O-]C([O-])=O>>C1(C=2C=CC(=C(Cl)C=2)C(=O)O)=C(OC)C=CC(Cl)=C1.C1COCCO1.O=C(O)Br.O=C([O-])[O-].[Na+].[Na+],['COc1ccc(Cl)cc1C(=O)O.C1COCCO1.O=C(O)c1ccc(Br)cc1Cl.O=C([O-])[O-].[Na+].[Na+]>>COc1ccc(Cl)cc1-c1ccc(C(=O)O)c(Cl)c1.C1COCCO1.O=C([O-])[O-].O=C(O)Br.[Na+].[Na+]'],[CH2:33]1[CH2:34][O:35][CH2:30][CH2:31][O:32]1.[O:6]=[C:5]([OH:7])[C:4]1=[C:3]([Cl:10])[CH:2]=[C:1]([Br:20])[CH:9]=[CH:8]1.[O:23]=[C:21]([OH:22])[C:16]1=[C:15]([O:18][CH3:19])[CH:14]=[CH:13][C:12]([Cl:11])=[CH:17]1.[Na+:28].[Na+:29].[O-:24][C:25]([O-:26])=[O:27]>>[C:16]1([C:1]=2[CH:9]=[CH:8][C:4](=[C:3]([Cl:10])[CH:2]=2)[C:5](=[O:6])[OH:7])=[C:15]([O:18][CH3:19])[CH:14]=[CH:13][C:12]([Cl:11])=[CH:17]1.[Na+].[Na+].[Br-].[O-][C]([O-])=O.O=C(O)C1=CC(Cl)=CC=C1O,False,False,unbalanced,
500,['golden_dataset_1563'],['golden_dataset'],[C:44]1(=[C:43]([CH3:42])[CH:48]=[CH:47][CH:46]=[CH:45]1)[P:49]([C:57]2=[C:58]([CH3:59])[CH:60]=[CH:61][CH:62]=[CH:63]2)[C:50]3=[C:51]([CH3:52])[CH:53]=[CH:54][CH:55]=[CH:56]3.[CH2:19]=[CH:18][C:17](=[O:20])[N:16]([CH3:15])[CH2:21][C:22]=1[S:26][C:25]=2[CH:27]=[CH:28][CH:29]=[CH:30][C:24]=2[C:23]=1[CH3:31].[CH3:37][CH:36]([CH3:38])[N:35]([CH:39]([CH3:40])[CH3:41])[CH2:34][CH3:33].[CH3:10][C:7]1([CH3:11])[NH:8][CH2:9][C:3]2=[CH:2][C:1]([Br:32])=[CH:14][N:13]=[C:4]2[NH:5][C:6]1=[O:12]>>[CH3:10][C:7]1([CH3:11])[NH:8][CH2:9][C:3]=2[CH:2]=[C:1]([CH:14]=[N:13][C:4]=2[NH:5][C:6]1=[O:12])[CH:19]=[CH:18][C:17](=[O:20])[N:16]([CH3:15])[CH2:21][C:22]3=[C:23]([C:24]=4[CH:30]=[CH:29][CH:28]=[CH:27][C:25]=4[S:26]3)[CH3:31],C1(=C(C)C=CC=C1)P(C2=C(C)C=CC=C2)C3=C(C)C=CC=C3.C=CC(=O)N(C)CC=1SC=2C=CC=CC=2C=1C.CC(C)N(C(C)C)CC.CC1(C)NCC2=CC(Br)=CN=C2NC1=O>>CC1(C)NCC=2C=C(C=NC=2NC1=O)C=CC(=O)N(C)CC3=C(C=4C=CC=CC=4S3)C.Br.CCN(C(C)C)C(C)C.Cc1ccccc1P(c1ccccc1C)c1ccccc1C,[],[C:44]1(=[C:43]([CH3:42])[CH:48]=[CH:47][CH:46]=[CH:45]1)[P:49]([C:57]2=[C:58]([CH3:59])[CH:60]=[CH:61][CH:62]=[CH:63]2)[C:50]3=[C:51]([CH3:52])[CH:53]=[CH:54][CH:55]=[CH:56]3.[CH2:19]=[CH:18][C:17](=[O:20])[N:16]([CH3:15])[CH2:21][C:22]=1[S:26][C:25]=2[CH:27]=[CH:28][CH:29]=[CH:30][C:24]=2[C:23]=1[CH3:31].[CH3:37][CH:36]([CH3:38])[N:35]([CH:39]([CH3:40])[CH3:41])[CH2:34][CH3:33].[CH3:10][C:7]1([CH3:11])[NH:8][CH2:9][C:3]2=[CH:2][C:1]([Br:32])=[CH:14][N:13]=[C:4]2[NH:5][C:6]1=[O:12]>>[CH3:10][C:7]1([CH3:11])[NH:8][CH2:9][C:3]=2[CH:2]=[C:1]([CH:14]=[N:13][C:4]=2[NH:5][C:6]1=[O:12])[CH:19]=[CH:18][C:17](=[O:20])[N:16]([CH3:15])[CH2:21][C:22]3=[C:23]([C:24]=4[CH:30]=[CH:29][CH:28]=[CH:27][C:25]=4[S:26]3)[CH3:31].[C:44]1(=[C:43]([CH3:42])[CH:48]=[CH:47][CH:46]=[CH:45]1)[P:49]([C:57]2=[C:58]([CH3:59])[CH:60]=[CH:61][CH:62]=[CH:63]2)[C:50]3=[C:51]([CH3:52])[CH:53]=[CH:54][CH:55]=[CH:56]3.[Br-:32].[CH3:37][CH:36]([CH3:38])[NH+:35]([CH:39]([CH3:40])[CH3:41])[CH2:34][CH3:33],True,False,balanced,
501,['golden_dataset_1564'],['golden_dataset'],[C:25](=[O:26])([CH3:24])[O:27][C:15](=[O:17])[CH3:16].[OH2:18].[O:32]=[S:33](=[O:34])([OH:35])[OH:36].[O:3]=[S:2](=[O:4])([O:5][C:6]=1[CH:11]=[CH:10][C:9]2=[C:8]([C:21]([CH3:22])([CH3:23])[CH:13]([O:12]2)[O:14][CH2:19][CH3:20])[CH:7]=1)[CH3:1].[Na+:37].[O-:28][C:29](=[O:30])[OH:31]>>[O:3]=[S:2](=[O:4])([O:5][C:6]=1[CH:11]=[CH:10][C:9]2=[C:8]([CH:7]=1)[C:21]([CH3:22])([CH3:23])[CH:13]([O:12]2)[O:18][C:15](=[O:17])[CH3:16])[CH3:1],nan,"['CCOC1Oc2ccc(OS(C)(=O)=O)cc2C1(C)C.CC(=O)OC(C)=O.O=S(=O)(O)O.O=C([O-])O.[Na+].O.O>>CC(=O)OC1Oc2ccc(OS(C)(=O)=O)cc2C1(C)C.CC(=O)OC(C)O.O=S(=O)(O)O.O=C([O-])O.[Na+].O', 'CCOC1Oc2ccc(OS(C)(=O)=O)cc2C1(C)C.CC(=O)OC(C)=O.O=S(=O)(O)O.O=C([O-])O.[Na+].O>>CC(=O)OC1Oc2ccc(OS(C)(=O)=O)cc2C1(C)C.CC(=O)OC(C)O.O=S(=O)(O)O.O=C([O-])O.[Na+].O']",[C:25](=[O:26])([CH3:24])[O:27][C:15](=[O:17])[CH3:16].[OH2:18].[O:32]=[S:33](=[O:34])([OH:35])[OH:36].[O:3]=[S:2](=[O:4])([O:5][C:6]=1[CH:11]=[CH:10][C:9]2=[C:8]([C:21]([CH3:22])([CH3:23])[CH:13]([O:12]2)[O:14][CH2:19][CH3:20])[CH:7]=1)[CH3:1].[Na+:37].[O-:28][C:29](=[O:30])[OH:31]>>[O:3]=[S:2](=[O:4])([O:5][C:6]=1[CH:11]=[CH:10][C:9]2=[C:8]([CH:7]=1)[C:21]([CH3:22])([CH3:23])[CH:13]([O:12]2)[O:18][C:15](=[O:17])[CH3:16])[CH3:1].[CH3:24][CH2:19][OH:14].[Na+:37][O-:28][C:29](=[O:30])[OH:31].[O:32]=[S:33](=[O:34])([OH:35])[OH:36].[CH3:25][OH:27],False,False,unbalanced,
505,['golden_dataset_1568'],['golden_dataset'],[C:5]=1([CH3:8])[CH:4]=[C:3]([C:2](=[CH:7][CH:6]=1)[NH2:1])[C:9]([OH:14])=[CH:10][S:11](=[O:12])[CH3:13].[N:15]([O-:17])=[O:16].[N:27]1=[C:28]([C:32](=[O:33])[C:22]2=[C:23]([CH:24]=[CH:25][C:20]([Cl:19])=[CH:21]2)[NH:26]1)[S:29](=[O:31])[CH3:30].[Na+:18]>>[N:15]1=[C:10]([C:9](=[O:14])[C:3]=2[CH:4]=[C:5]([CH3:8])[CH:6]=[CH:7][C:2]=2[NH:1]1)[S:11](=[O:12])[CH3:13],nan,['Cc1ccc(N)c(C(O)=CS(C)=O)c1.CS(=O)c1n[nH]c2ccc(Cl)cc2c1=O.O=N[O-].[Na+]>>Cc1ccc2[nH]nc(S(C)=O)c(=O)c2c1'],[C:5]=1([CH3:8])[CH:4]=[C:3]([C:2](=[CH:7][CH:6]=1)[NH2:1])[C:9]([OH:14])=[CH:10][S:11](=[O:12])[CH3:13].[N:15]([O-:17])=[O:16].[N:27]1=[C:28]([C:32](=[O:33])[C:22]2=[C:23]([CH:24]=[CH:25][C:20]([Cl:19])=[CH:21]2)[NH:26]1)[S:29](=[O:31])[CH3:30].[Na+:18]>>[N:15]1=[C:10]([C:9](=[O:14])[C:3]=2[CH:4]=[C:5]([CH3:8])[CH:6]=[CH:7][C:2]=2[NH:1]1)[S:11](=[O:12])[CH3:13].[N:27]1=[C:28]([C:32](=[O:33])[C:22]2=[C:23]([CH:24]=[CH:25][C:20]([Cl:19])=[CH:21]2)[NH:26]1)[S:29](=[O:31])[CH3:30].[Na+].[OH-].[OH-],False,False,unbalanced,
506,['golden_dataset_1569'],['golden_dataset'],[CH:13]1=[N:14][C:3]2=[C:4]([N:5]1[CH2:6][C:7]3=[CH:8][CH:9]=[CH:10][CH:11]=[CH:12]3)[C:15]([Cl:16])=[N:17][N:18]=[C:1]2[OH:2].[CH3:20][N:21]([CH3:22])[CH:23]=[O:24].[I:25][CH3:19].[K+:30].[K+:31].[O-:26][C:27]([O-:28])=[O:29]>>[CH:13]1=[N:14][C:3]=2[C:1]([N:18]([N:17]=[C:15]([C:4]=2[N:5]1[CH2:6][C:7]3=[CH:8][CH:9]=[CH:10][CH:11]=[CH:12]3)[Cl:16])[CH3:19])=[O:2],C1=NC2=C(N1CC3=CC=CC=C3)C(Cl)=NN=C2O.CN(C)C=O.IC.[K+].[K+].[O-]C([O-])=O>>C1=NC=2C(N(N=C(C=2N1CC3=CC=CC=C3)Cl)C)=O.CI.CNC=O.O=C([O-])[O-].[K+].[K+],[],[CH:13]1=[N:14][C:3]2=[C:4]([N:5]1[CH2:6][C:7]3=[CH:8][CH:9]=[CH:10][CH:11]=[CH:12]3)[C:15]([Cl:16])=[N:17][N:18]=[C:1]2[OH:2].[CH3:20][N:21]([CH3:22])[CH:23]=[O:24].[I:25][CH3:19].[K+:30].[K+:31].[O-:26][C:27]([O-:28])=[O:29]>>[CH:13]1=[N:14][C:3]=2[C:1]([N:18]([N:17]=[C:15]([C:4]=2[N:5]1[CH2:6][C:7]3=[CH:8][CH:9]=[CH:10][CH:11]=[CH:12]3)[Cl:16])[CH3:19])=[O:2].[I-:25].[K+].[K+].[O-:26][C:27]([O-:28])=[O:29].[CH3:20][N:21]([CH3:22])[CH:23]=[O:24].[OH2:24],False,False,unbalanced,
509,['golden_dataset_1573'],['golden_dataset'],[CH2:32]([CH2:31][CH2:30][Li:29])[CH3:33].[CH3:11][C:10]([CH3:12])([CH3:13])[Si:8]([CH3:9])([CH3:14])[O:7][C:6]1=[CH:5][CH:4]=[C:3]([CH:2]([C:17]([OH:19])=[O:18])[CH3:1])[CH:16]=[CH:15]1.[CH3:21][CH:22]([CH3:23])[NH:24][CH:25]([CH3:26])[CH3:27].[I:28][CH3:20]>>[CH3:11][C:10]([CH3:12])([CH3:13])[Si:8]([CH3:9])([CH3:14])[O:7][C:6]1=[CH:5][CH:4]=[C:3]([CH:16]=[CH:15]1)[C:2]([CH3:1])([CH3:20])[C:17]([OH:19])=[O:18],nan,"['CC(C(=O)O)c1ccc(O[Si](C)(C)C(C)(C)C)cc1.CC(C)NC(C)C.[Li]CCCC.CI>>CC(C)(C(=O)O)c1ccc(O[Si](C)(C)C(C)(C)C)cc1.CC(C)NC(C)C.[Li]CCCO.CI', 'CC(C(=O)O)c1ccc(O[Si](C)(C)C(C)(C)C)cc1.CC(C)NC(C)C.[Li]CCCC.CI.O>>CC(C)(C(=O)O)c1ccc(O[Si](C)(C)C(C)(C)C)cc1.CC(C)NC(C)C.[Li]CCCO.CI']",[CH2:32]([CH2:31][CH2:30][Li:29])[CH3:33].[CH3:11][C:10]([CH3:12])([CH3:13])[Si:8]([CH3:9])([CH3:14])[O:7][C:6]1=[CH:5][CH:4]=[C:3]([CH:2]([C:17]([OH:19])=[O:18])[CH3:1])[CH:16]=[CH:15]1.[CH3:21][CH:22]([CH3:23])[NH:24][CH:25]([CH3:26])[CH3:27].[I:28][CH3:20]>>[CH3:11][C:10]([CH3:12])([CH3:13])[Si:8]([CH3:9])([CH3:14])[O:7][C:6]1=[CH:5][CH:4]=[C:3]([CH:16]=[CH:15]1)[C:2]([CH3:1])([CH3:20])[C:17]([OH:19])=[O:18].[Li+].[I-].CC(C)NC(C)C.CCCC,True,False,balanced,
510,['golden_dataset_1574'],['golden_dataset'],[CH3:11][C:10]([CH3:12])([CH3:13])[Si:8]([CH3:9])([CH3:14])[O:7][C:6]1=[CH:5][CH:4]=[C:3]([CH2:2][C:17]([OH:19])=[O:18])[CH:16]=[CH:15]1.[CH3:20][CH:21]([CH3:22])[N-:23][CH:24]([CH3:25])[CH3:26].[I:27][CH3:1].[Li+:28]>>[CH3:11][C:10]([CH3:12])([CH3:13])[Si:8]([CH3:9])([CH3:14])[O:7][C:6]1=[CH:5][CH:4]=[C:3]([CH:2]([C:17]([OH:19])=[O:18])[CH3:1])[CH:16]=[CH:15]1,nan,"['CC(C)(C)[Si](C)(C)Oc1ccc(CC(=O)O)cc1.CC(C)[N-]C(C)C.CI.[Li+]>>CC(C(=O)O)c1ccc(O[Si](C)(C)C(C)(C)C)cc1.CC(C)[N-]C(C)O.CI.[Li+]', 'CC(C)(C)[Si](C)(C)Oc1ccc(CC(=O)O)cc1.CC(C)[N-]C(C)C.CI.[Li+].O>>CC(C(=O)O)c1ccc(O[Si](C)(C)C(C)(C)C)cc1.CC(C)[N-]C(C)O.CI.[Li+]']",[CH3:11][C:10]([CH3:12])([CH3:13])[Si:8]([CH3:9])([CH3:14])[O:7][C:6]1=[CH:5][CH:4]=[C:3]([CH2:2][C:17]([OH:19])=[O:18])[CH:16]=[CH:15]1.[CH3:20][CH:21]([CH3:22])[N-:23][CH:24]([CH3:25])[CH3:26].[I:27][CH3:1].[Li+:28]>>[CH3:11][C:10]([CH3:12])([CH3:13])[Si:8]([CH3:9])([CH3:14])[O:7][C:6]1=[CH:5][CH:4]=[C:3]([CH:2]([C:17]([OH:19])=[O:18])[CH3:1])[CH:16]=[CH:15]1.[Li:28][I:27].[CH3:20][CH:21]([CH3:22])[NH:23][CH:24]([CH3:25])[CH3:26],True,False,balanced,
518,['golden_dataset_1582'],['golden_dataset'],[CH2:21]([CH2:20][SnH:19]([CH2:24][CH2:25][CH2:26][CH3:27])[CH2:28][CH2:29][CH2:30][CH3:31])[CH2:22][CH3:23].[CH2:37]1[CH2:36][CH:35]([CH2:40][CH2:39][CH2:38]1)[N:34]=[C:33]=[N:41][CH:42]2[CH2:43][CH2:44][CH2:45][CH2:46][CH2:47]2.[CH3:32][C:2]([CH3:1])([C:17]#[CH:18])[CH2:3][C:4]([OH:55])=[O:5].[CH3:48][CH2:49][B:50]([CH2:51][CH3:52])[CH2:53][CH3:54].[F:11][C:10]1=[CH:12][C:13](=[C:15]([F:16])[C:7]([OH:6])=[C:8]1[F:9])[F:14]>>[CH2:22]([CH2:21][CH2:20][Sn:19]([CH2:24][CH2:25][CH2:26][CH3:27])([CH2:28][CH2:29][CH2:30][CH3:31])[CH:18]=[CH:17][C:2]([CH3:32])([CH3:1])[CH2:3][C:4](=[O:5])[O:6][C:7]=1[C:15]([F:16])=[C:13]([CH:12]=[C:10]([F:11])[C:8]=1[F:9])[F:14])[CH3:23],[CH2:21]([CH2:20][SnH:19]([CH2:24][CH2:25][CH2:26][CH3:27])[CH2:28][CH2:29][CH2:30][CH3:31])[CH2:22][CH3:23].[CH2:37]1[CH2:36][CH:35]([CH2:40][CH2:39][CH2:38]1)[N:34]=[C:33]=[N:41][CH:42]2[CH2:43][CH2:44][CH2:45][CH2:46][CH2:47]2.[CH3:32][C:2]([CH3:1])([C:17]#[CH:18])[CH2:3][C:4]([OH:55])=[O:5].[CH3:48][CH2:49][B:50]([CH2:51][CH3:52])[CH2:53][CH3:54].[F:11][C:10]1=[CH:12][C:13](=[C:15]([F:16])[C:7]([OH:6])=[C:8]1[F:9])[F:14]>>[CH2:22]([CH2:21][CH2:20][Sn:19]([CH2:24][CH2:25][CH2:26][CH3:27])([CH2:28][CH2:29][CH2:30][CH3:31])[CH:18]=[CH:17][C:2]([CH3:32])([CH3:1])[CH2:3][C:4](=[O:5])[O:6][C:7]=1[C:15]([F:16])=[C:13]([CH:12]=[C:10]([F:11])[C:8]=1[F:9])[F:14])[CH3:23].[C:33](=[N:34][CH:35]1[CH2:36][CH2:37][CH2:38][CH2:39][CH2:40]1)=[N:41][CH:42]1[CH2:43][CH2:44][CH2:45][CH2:46][CH2:47]1.[CH3:48][CH2:49][B:50]([CH2:51][CH3:52])[CH2:53][CH3:54].[OH2:55],[],[CH2:21]([CH2:20][SnH:19]([CH2:24][CH2:25][CH2:26][CH3:27])[CH2:28][CH2:29][CH2:30][CH3:31])[CH2:22][CH3:23].[CH2:37]1[CH2:36][CH:35]([CH2:40][CH2:39][CH2:38]1)[N:34]=[C:33]=[N:41][CH:42]2[CH2:43][CH2:44][CH2:45][CH2:46][CH2:47]2.[CH3:32][C:2]([CH3:1])([C:17]#[CH:18])[CH2:3][C:4]([OH:55])=[O:5].[CH3:48][CH2:49][B:50]([CH2:51][CH3:52])[CH2:53][CH3:54].[F:11][C:10]1=[CH:12][C:13](=[C:15]([F:16])[C:7]([OH:6])=[C:8]1[F:9])[F:14]>>[CH2:22]([CH2:21][CH2:20][Sn:19]([CH2:24][CH2:25][CH2:26][CH3:27])([CH2:28][CH2:29][CH2:30][CH3:31])[CH:18]=[CH:17][C:2]([CH3:32])([CH3:1])[CH2:3][C:4](=[O:5])[O:6][C:7]=1[C:15]([F:16])=[C:13]([CH:12]=[C:10]([F:11])[C:8]=1[F:9])[F:14])[CH3:23].[CH3:48][CH2:49][B:50]([OH:55])([CH2:51][CH3:52])[CH2:53][CH3:54].[CH2:37]1[CH2:36][CH:35]([CH2:40][CH2:39][CH2:38]1)[NH:34][CH:42]2[CH2:43][CH2:44][CH2:45][CH2:46][CH2:47]2,False,False,unbalanced,
524,['golden_dataset_1588'],['golden_dataset'],[CH2:19]([CH3:20])[CH2:18][I:45].[CH2:1]([CH3:2])[N:3]([CH2:29][CH3:30])[C:4](=[O:5])[NH:6][CH:7]1[CH2:28][CH:27]2[C:25]3=[CH:24][CH:23]=[CH:22][C:21]4=[C:26]3[C:13]([CH2:12][CH:11]2[N:9]([CH2:8]1)[CH3:10])=[C:14]([C:15]#[CH:16])[NH:17]4.[CH2:50]([CH2:49][CH2:48][Li:47])[CH3:51].[CH3:33][CH:32]([CH3:31])[NH:34][CH:35]([CH3:36])[CH3:37].[CH3:38][CH:39]([CH3:40])[N-:41][CH:42]([CH3:43])[CH3:44].[Li+:46]>>[CH3:2][CH2:1][N:3]([CH2:29][CH3:30])[C:4]([NH:6][CH:7]1[CH2:8][N:9]([CH:11]2[CH2:12][C:13]3=[C:14]([N:17]([CH2:18][CH2:19][CH3:20])[C:21]4=[C:26]3[C:25](=[CH:24][CH:23]=[CH:22]4)[CH:27]2[CH2:28]1)[C:15]#[CH:16])[CH3:10])=[O:5],nan,['C#Cc1[nH]c2cccc3c2c1CC1C3CC(NC(=O)N(CC)CC)CN1C.CC(C)[N-]C(C)C.CC(C)NC(C)C.[Li]CCCC.CCCI.[Li+]>>C#Cc1c2c3c(cccc3n1CCC)C1CC(NC(=O)N(CC)CC)CN(C)C1C2.CC(C)[N-]C(C)C.[Li]CCCC.CC(C)N.CCCI.[Li+]'],[CH2:19]([CH3:20])[CH2:18][I:45].[CH2:1]([CH3:2])[N:3]([CH2:29][CH3:30])[C:4](=[O:5])[NH:6][CH:7]1[CH2:28][CH:27]2[C:25]3=[CH:24][CH:23]=[CH:22][C:21]4=[C:26]3[C:13]([CH2:12][CH:11]2[N:9]([CH2:8]1)[CH3:10])=[C:14]([C:15]#[CH:16])[NH:17]4.[CH2:50]([CH2:49][CH2:48][Li:47])[CH3:51].[CH3:33][CH:32]([CH3:31])[NH:34][CH:35]([CH3:36])[CH3:37].[CH3:38][CH:39]([CH3:40])[N-:41][CH:42]([CH3:43])[CH3:44].[Li+:46]>>[CH3:2][CH2:1][N:3]([CH2:29][CH3:30])[C:4]([NH:6][CH:7]1[CH2:8][N:9]([CH:11]2[CH2:12][C:13]3=[C:14]([N:17]([CH2:18][CH2:19][CH3:20])[C:21]4=[C:26]3[C:25](=[CH:24][CH:23]=[CH:22]4)[CH:27]2[CH2:28]1)[C:15]#[CH:16])[CH3:10])=[O:5].[Li+].[Li+].[I-].[CH3:38][CH:39]([CH3:40])[NH:41][CH:42]([CH3:43])[CH3:44].[CH3:33][CH:32]([CH3:31])[NH:34][CH:35]([CH3:36])[CH3:37].[CH2:50]([CH2:49][CH2:48][CH3:51])[CH3:51],False,False,unbalanced,
529,['golden_dataset_1595'],['golden_dataset'],[CH2:1]([C:2]1=[CH:3][CH:4]=[CH:5][CH:6]=[CH:7]1)[O:8][CH2:9][C:10]#[CH:11].[CH2:26]([CH2:27][CH2:28][CH3:29])[CH2:25][CH3:24].[CH2:50]([CH2:49][CH2:48][Li:47])[CH3:51].[CH2:12]1[CH:13]([O:14]1)[CH2:15][OH:16].[CH3:34][CH2:33][O:32][CH2:31][CH3:30].[F:35][B:36]([F:37])[F:38].[F:39][C:40]1=[CH:41][CH:42]=[C:43]([CH:45]=[CH:46]1)[O:44][C:17]2=[CH:18][CH:19]=[C:20]([F:21])[CH:22]=[CH:23]2>>[CH2:1]([C:2]1=[CH:3][CH:4]=[CH:5][CH:6]=[CH:7]1)[O:8][CH2:9][C:10]#[C:11][CH2:12][CH:13]([OH:14])[CH2:15][O:16][C:17]2=[CH:18][CH:19]=[C:20]([CH:22]=[CH:23]2)[F:21],nan,['CCCCCC.C#CCOCc1ccccc1.[Li]CCCC.OCC1CO1.CCOCC.FB(F)F.Fc1ccc(Oc2ccc(F)cc2)cc1>>OC(CC#CCOCc1ccccc1)COc1ccc(F)cc1'],[CH2:1]([C:2]1=[CH:3][CH:4]=[CH:5][CH:6]=[CH:7]1)[O:8][CH2:9][C:10]#[CH:11].[CH2:26]([CH2:27][CH2:28][CH3:29])[CH2:25][CH3:24].[CH2:50]([CH2:49][CH2:48][Li:47])[CH3:51].[CH2:12]1[CH:13]([O:14]1)[CH2:15][OH:16].[CH3:34][CH2:33][O:32][CH2:31][CH3:30].[F:35][B:36]([F:37])[F:38].[F:39][C:40]1=[CH:41][CH:42]=[C:43]([CH:45]=[CH:46]1)[O:44][C:17]2=[CH:18][CH:19]=[C:20]([F:21])[CH:22]=[CH:23]2>>[CH2:1]([C:2]1=[CH:3][CH:4]=[CH:5][CH:6]=[CH:7]1)[O:8][CH2:9][C:10]#[C:11][CH2:12][CH:13]([OH:14])[CH2:15][O:16][C:17]2=[CH:18][CH:19]=[C:20]([CH:22]=[CH:23]2)[F:21].[CH2:26]([CH2:27][CH2:28][CH3:29])[CH2:25][CH3:24].[CH2:50]([CH2:49][CH2:48])[CH3:51].[CH3:34][CH2:33][O:32][CH2:31][CH3:30].[F:35][B:36]([F:37])[F:38].[F:39][C:40]1=[CH:41][CH:42]=[C:43]([CH:45]=[CH:46]1)[OH:44],False,False,unbalanced,
535,['golden_dataset_1602'],['golden_dataset'],[CH2:64]([CH3:63])[OH:65].[CH:21]=1[CH:22]=[CH:23][CH:24]=[CH:25][C:20]=1[C:18]([C:26]2=[CH:27][CH:28]=[CH:29][CH:30]=[CH:31]2)([CH:17]3[CH2:16][CH2:15][N:14]([CH2:33][CH2:32]3)[CH2:13][CH2:12][CH2:11][C:10]([C:9]=4[CH:8]=[CH:7][C:6]([C:5]([CH3:38])([CH3:37])[C:4]([O:3][CH3:2])=[O:39])=[CH:36][CH:35]=4)=[O:34])[OH:19].[CH3:56][C:55]1([CH3:57])[CH:53]2[CH:54]([CH3:1])[CH:49]([CH2:50][CH:51]1[CH2:52]2)[B:47]([CH:46]3[CH2:45][CH:44]4[CH2:43][CH:42]([CH:41]3[CH3:40])[C:58]4([CH3:59])[CH3:60])[Cl:48].[OH2:61].[OH:66][OH:62]>>[CH2:15]1[CH2:16][CH:17]([CH2:32][CH2:33][N:14]1[CH2:13][CH2:12][CH2:11][CH:10]([C:9]=2[CH:8]=[CH:7][C:6](=[CH:36][CH:35]=2)[C:5]([CH3:38])([CH3:37])[C:4]([O:65][CH2:64][CH3:63])=[O:39])[OH:34])[C:18]([C:26]=3[CH:31]=[CH:30][CH:29]=[CH:28][CH:27]=3)([C:20]=4[CH:25]=[CH:24][CH:23]=[CH:22][CH:21]=4)[OH:19],C(C)O.C=1C=CC=CC=1C(C2=CC=CC=C2)(C3CCN(CC3)CCCC(C=4C=CC(C(C)(C)C(OC)=O)=CC=4)=O)O.CC1(C)C2C(C)C(CC1C2)B(C3CC4CC(C3C)C4(C)C)Cl.O.OO>>C1CC(CCN1CCCC(C=2C=CC(=CC=2)C(C)(C)C(OCC)=O)O)C(C=3C=CC=CC=3)(C=4C=CC=CC=4)O.CC1C(B(Cl)C2CC3CC(C2O)C3(C)C)CC2CC1C2(C)C.CCO.OO,[],[CH2:64]([CH3:63])[OH:65].[CH:21]=1[CH:22]=[CH:23][CH:24]=[CH:25][C:20]=1[C:18]([C:26]2=[CH:27][CH:28]=[CH:29][CH:30]=[CH:31]2)([CH:17]3[CH2:16][CH2:15][N:14]([CH2:33][CH2:32]3)[CH2:13][CH2:12][CH2:11][C:10]([C:9]=4[CH:8]=[CH:7][C:6]([C:5]([CH3:38])([CH3:37])[C:4]([O:3][CH3:2])=[O:39])=[CH:36][CH:35]=4)=[O:34])[OH:19].[CH3:56][C:55]1([CH3:57])[CH:53]2[CH:54]([CH3:1])[CH:49]([CH2:50][CH:51]1[CH2:52]2)[B:47]([CH:46]3[CH2:45][CH:44]4[CH2:43][CH:42]([CH:41]3[CH3:40])[C:58]4([CH3:59])[CH3:60])[Cl:48].[OH2:61].[OH:66][OH:62]>>[CH2:15]1[CH2:16][CH:17]([CH2:32][CH2:33][N:14]1[CH2:13][CH2:12][CH2:11][CH:10]([C:9]=2[CH:8]=[CH:7][C:6](=[CH:36][CH:35]=2)[C:5]([CH3:38])([CH3:37])[C:4]([O:65][CH2:64][CH3:63])=[O:39])[OH:34])[C:18]([C:26]=3[CH:31]=[CH:30][CH:29]=[CH:28][CH:27]=3)([C:20]=4[CH:25]=[CH:24][CH:23]=[CH:22][CH:21]=4)[OH:19].[CH3:56][C:55]1([CH3:57])[CH:53]2[CH:54]([CH3:1])[CH:49]([CH2:50][CH:51]1[CH2:52]2)[B:47]([OH:61])([OH:66])[CH:46]3[CH2:45][CH:44]4[CH2:43][CH:42]([CH:41]3[CH3:40])[C:58]4([CH3:59])[CH3:60].[Cl:48][H].[OH:62][H],False,False,unbalanced,
537,['golden_dataset_1604'],['golden_dataset'],[CH3:2][C:1]([CH3:3])([CH3:4])[O:5][C:6](=[O:7])[C:8]1([CH2:12][CH2:13]1)[CH2:9][CH:10]=[CH2:14].[O:11]=[O+:16][O-:15]>>[CH3:2][C:1]([CH3:3])([CH3:4])[O:5][C:6]([C:8]1([CH2:12][CH2:13]1)[CH2:9][CH:10]=[O:11])=[O:7],[CH3:2][C:1]([CH3:3])([CH3:4])[O:5][C:6](=[O:7])[C:8]1([CH2:12][CH2:13]1)[CH2:9][CH:10]=[CH2:14].[O:11]=[O+:16][O-:15]>>[CH3:2][C:1]([CH3:3])([CH3:4])[O:5][C:6]([C:8]1([CH2:12][CH2:13]1)[CH2:9][CH:10]=[O:11])=[O:7].[CH2:14]=[O:16].[O:15],[],[CH3:2][C:1]([CH3:3])([CH3:4])[O:5][C:6](=[O:7])[C:8]1([CH2:12][CH2:13]1)[CH2:9][CH:10]=[CH2:14].[O:11]=[O+:16][O-:15]>>[CH3:2][C:1]([CH3:3])([CH3:4])[O:5][C:6]([C:8]1([CH2:12][CH2:13]1)[CH2:9][CH:10]=[O:11])=[O:7].C=O,False,False,unbalanced,
540,['golden_dataset_1607'],['golden_dataset'],[CH3:16][C:11]([CH3:17])([C:10]1=[CH:9][CH:8]=[C:7]([C:5](=[O:6])[CH2:4][CH2:3][CH2:2][Cl:1])[CH:19]=[CH:18]1)[C:12](=[O:13])[OH:29].[O:23]=[S:22](=[O:24])([O:21][CH3:20])[O:14][CH3:15].[K+:30].[K+:31].[O-:25][C:26]([O-:27])=[O:28]>>[CH3:16][C:11]([CH3:17])([C:10]1=[CH:9][CH:8]=[C:7]([CH:19]=[CH:18]1)[C:5](=[O:6])[CH2:4][CH2:3][CH2:2][Cl:1])[C:12]([O:14][CH3:15])=[O:13],nan,['CC(C)(C(=O)O)c1ccc(C(=O)CCCCl)cc1.COS(=O)(=O)OC.O=C([O-])[O-].[K+].[K+]>>COC(=O)C(C)(C)c1ccc(C(=O)CCCCl)cc1.COS(=O)(=O)OC.[OH-].[OH-].[K+].[K+].O'],[CH3:16][C:11]([CH3:17])([C:10]1=[CH:9][CH:8]=[C:7]([C:5](=[O:6])[CH2:4][CH2:3][CH2:2][Cl:1])[CH:19]=[CH:18]1)[C:12](=[O:13])[OH:29].[O:23]=[S:22](=[O:24])([O:21][CH3:20])[O:14][CH3:15].[K+:30].[K+:31].[O-:25][C:26]([O-:27])=[O:28]>>[CH3:16][C:11]([CH3:17])([C:10]1=[CH:9][CH:8]=[C:7]([CH:19]=[CH:18]1)[C:5](=[O:6])[CH2:4][CH2:3][CH2:2][Cl:1])[C:12]([O:14][CH3:15])=[O:13].[K+].[K+].[O-][S](=O)(=O)[O-].[O-][C](=O)[O-],False,False,unbalanced,
544,['golden_dataset_1617'],['golden_dataset'],[CH:20]1=[CH:21][CH:22]=[C:15]([F:14])[C:16](=[CH:19]1)[C:17]([Cl:33])=[O:34].[CH3:32][CH:24]([CH3:31])[N:25]([CH:26]([CH3:27])[CH3:28])[CH2:29][CH3:30].[NH:10]([C:9](=[NH:12])[C:5]1=[CH:4][C:3](=[CH:8][CH:7]=[CH:6]1)[C:2]([O:1][CH3:23])=[O:13])[OH:11].[OH2:18]>>[C:2](=[O:13])([OH:18])[C:3]=1[CH:8]=[CH:7][CH:6]=[C:5]([C:9]=2[N:12]=[C:17]([O:11][N:10]=2)[C:16]=3[C:15]([F:14])=[CH:22][CH:21]=[CH:20][CH:19]=3)[CH:4]=1,C1=CC=C(F)C(=C1)C(Cl)=O.CC(C)N(C(C)C)CC.N(C(=N)C1=CC(=CC=C1)C(OC)=O)O.O.[H].[H]>>C(=O)(O)C=1C=CC=C(C=2N=C(ON=2)C=3C(F)=CC=CC=3)C=1.C.CCN(C(C)C)C(C)C.Cl.O.O,[],[CH:20]1=[CH:21][CH:22]=[C:15]([F:14])[C:16](=[CH:19]1)[C:17]([Cl:33])=[O:34].[CH3:32][CH:24]([CH3:31])[N:25]([CH:26]([CH3:27])[CH3:28])[CH2:29][CH3:30].[NH:10]([C:9](=[NH:12])[C:5]1=[CH:4][C:3](=[CH:8][CH:7]=[CH:6]1)[C:2]([O:1][CH3:23])=[O:13])[OH:11].[OH2:18]>>[C:2](=[O:13])([OH:18])[C:3]=1[CH:8]=[CH:7][CH:6]=[C:5]([C:9]=2[N:12]=[C:17]([O:11][N:10]=2)[C:16]=3[C:15]([F:14])=[CH:22][CH:21]=[CH:20][CH:19]=3)[CH:4]=1.[CH3:32][CH:24]([CH3:31])[N:25]([CH:26]([CH3:27])[CH3:28])[CH2:29][CH3:30].[ClH:33].[CH3:23][OH:1].[OH2:34],True,False,balanced,
545,['golden_dataset_1618'],['golden_dataset'],[C:19]=12[NH:17][C:16]3=[C:15]([CH2:14][CH2:13][N:2]([C:3]=4[N:12]=[CH:11][C:6]([C:7]([O:9][CH3:10])=[O:8])=[CH:5][N:4]=4)[CH2:1]3)[C:24]=1[CH:23]=[CH:22][CH:21]=[CH:20]2.[CH3:25][C:26]([CH3:27])([CH3:28])[O-:29].[I:30][CH3:18].[K+:31]>>[CH:22]=1[CH:21]=[CH:20][C:19]2=[C:24]([C:15]3=[C:16]([N:17]2[CH3:18])[CH2:1][N:2]([CH2:13][CH2:14]3)[C:3]=4[N:12]=[CH:11][C:6]([C:7]([O:9][CH3:10])=[O:8])=[CH:5][N:4]=4)[CH:23]=1,nan,"['COC(=O)c1cnc(N2CCc3c([nH]c4ccccc34)C2)nc1.CC(C)(C)[O-].CI.[K+]>>COC(=O)c1cnc(N2CCc3c(n(C)c4ccccc34)C2)nc1.CC(C)([O-])O.CI.[K+]', 'COC(=O)c1cnc(N2CCc3c([nH]c4ccccc34)C2)nc1.CC(C)(C)[O-].CI.[K+].O>>COC(=O)c1cnc(N2CCc3c(n(C)c4ccccc34)C2)nc1.CC(C)([O-])O.CI.[K+]']",[C:19]=12[NH:17][C:16]3=[C:15]([CH2:14][CH2:13][N:2]([C:3]=4[N:12]=[CH:11][C:6]([C:7]([O:9][CH3:10])=[O:8])=[CH:5][N:4]=4)[CH2:1]3)[C:24]=1[CH:23]=[CH:22][CH:21]=[CH:20]2.[CH3:25][C:26]([CH3:27])([CH3:28])[O-:29].[I:30][CH3:18].[K+:31]>>[CH:22]=1[CH:21]=[CH:20][C:19]2=[C:24]([C:15]3=[C:16]([N:17]2[CH3:18])[CH2:1][N:2]([CH2:13][CH2:14]3)[C:3]=4[N:12]=[CH:11][C:6]([C:7]([O:9][CH3:10])=[O:8])=[CH:5][N:4]=4)[CH:23]=1.[CH3:25][C:26]([CH3:27])([CH3:28])[OH:29].[I-:30].[K+:31],True,False,balanced,
546,['golden_dataset_1619'],['golden_dataset'],[Br:27][Mg:26][C:5]=1[CH:4]=[CH:3][C:2]([F:1])=[CH:7][CH:6]=1.[C:8](#[N:9])[C:10]1=[CH:11][C:12]2=[C:17]([CH:18]=[CH:19]1)[C:15](=[O:16])[O:14][CH2:13]2.[CH:35]=1[C:29]([F:28])=[CH:30][CH:31]=[C:32]([Br:33])[CH:34]=1.[CH3:23][C:21]([CH3:24])([CH3:22])[C:20](=[O:25])[Cl:37].[Cl-:39].[Mg:36].[NH4+:38]>>[CH3:22][C:21]([CH3:24])([CH3:23])[C:20](=[O:25])[O:14][CH2:13][C:12]=1[C:17](=[CH:18][CH:19]=[C:10]([CH:11]=1)[C:8]#[N:9])[C:15]([C:5]2=[CH:6][CH:7]=[C:2]([F:1])[CH:3]=[CH:4]2)=[O:16],[CH3:23][C:21]([CH3:24])([CH3:22])[C:20](=[O:25])[Cl:37].[C:8](#[N:9])[C:10]1=[CH:11][C:12]2=[C:17]([CH:18]=[CH:19]1)[C:15](=[O:16])[O:14][CH2:13]2.[Mg:36].[CH:35]=1[C:29]([F:28])=[CH:30][CH:31]=[C:32]([Br:33])[CH:34]=1.[Br:27][Mg:26][C:5]=1[CH:4]=[CH:3][C:2]([F:1])=[CH:7][CH:6]=1>>[Br:33][Mg:36][C:29]1=[CH:30][CH:31]=[C:32]([CH:34]=[CH:35]1)[F:28].[CH3:22][C:21]([CH3:24])([CH3:23])[C:20](=[O:25])[O:14][CH2:13][C:12]=1[C:17](=[CH:18][CH:19]=[C:10]([CH:11]=1)[C:8]#[N:9])[C:15]([C:5]2=[CH:6][CH:7]=[C:2]([F:1])[CH:3]=[CH:4]2)=[O:16].[Br:27][Mg:26][Cl:37],[],[Br:27][Mg:26][C:5]=1[CH:4]=[CH:3][C:2]([F:1])=[CH:7][CH:6]=1.[C:8](#[N:9])[C:10]1=[CH:11][C:12]2=[C:17]([CH:18]=[CH:19]1)[C:15](=[O:16])[O:14][CH2:13]2.[CH:35]=1[C:29]([F:28])=[CH:30][CH:31]=[C:32]([Br:33])[CH:34]=1.[CH3:23][C:21]([CH3:24])([CH3:22])[C:20](=[O:25])[Cl:37].[Cl-:39].[Mg:36].[NH4+:38]>>[CH3:22][C:21]([CH3:24])([CH3:23])[C:20](=[O:25])[O:14][CH2:13][C:12]=1[C:17](=[CH:18][CH:19]=[C:10]([CH:11]=1)[C:8]#[N:9])[C:15]([C:5]2=[CH:6][CH:7]=[C:2]([F:1])[CH:3]=[CH:4]2)=[O:16].[Br-:33].[Br-:27].[Mg:26].[Mg:36].[Cl-:37].[Cl-:39].[NH4+:38],False,False,unbalanced,
548,['golden_dataset_1621'],['golden_dataset'],[C:16]1(=[O:17])[C:18]=2[C:23]([C:24](=[O:25])[N:15]1[OH:1])=[CH:22][CH:21]=[CH:20][CH:19]=2.[CH:49]1=[CH:48][CH:47]=[CH:46][CH:45]=[C:44]1[P:43]([C:42]=2[CH:56]=[CH:57][CH:39]=[CH:40][CH:41]=2)[C:50]=3[CH:55]=[CH:54][CH:53]=[CH:52][CH:51]=3.[N:32](=[N:31][C:29](=[O:30])[O:28][CH2:27][CH3:26])[C:33](=[O:34])[O:35][CH2:36][CH3:37].[NH:4]([CH2:3][CH2:2][OH:38])[C:5]([O:6][CH2:7][C:8]1=[CH:9][CH:10]=[CH:11][CH:12]=[CH:13]1)=[O:14]>>[C:16]1(=[O:17])[C:18]=2[C:23]([C:24](=[O:25])[N:15]1[O:1][CH2:2][CH2:3][NH:4][C:5](=[O:14])[O:6][CH2:7][C:8]=3[CH:13]=[CH:12][CH:11]=[CH:10][CH:9]=3)=[CH:22][CH:21]=[CH:20][CH:19]=2,C1(=O)C=2C(C(=O)N1O)=CC=CC=2.C1=CC=CC=C1P(C=2C=CC=CC=2)C=3C=CC=CC=3.N(=NC(=O)OCC)C(=O)OCC.N(CCO)C(OCC1=CC=CC=C1)=O>>C1(=O)C=2C(C(=O)N1OCCNC(=O)OCC=3C=CC=CC=3)=CC=CC=2.CCOC(=O)N=NC(=O)OCC.O.c1ccc(P(c2ccccc2)c2ccccc2)cc1,['CCOC(=O)N=NC(=O)OCC.O=C(NCCO)OCc1ccccc1.O=C1c2ccccc2C(=O)N1O.c1ccc(P(c2ccccc2)c2ccccc2)cc1>>O=C(NCCON1C(=O)c2ccccc2C1=O)OCc1ccccc1.CCOC(=O)N=NC(=O)OCC.c1ccc(P(c2ccccc2)c2ccccc2)cc1.O'],[C:16]1(=[O:17])[C:18]=2[C:23]([C:24](=[O:25])[N:15]1[OH:1])=[CH:22][CH:21]=[CH:20][CH:19]=2.[CH:49]1=[CH:48][CH:47]=[CH:46][CH:45]=[C:44]1[P:43]([C:42]=2[CH:56]=[CH:57][CH:39]=[CH:40][CH:41]=2)[C:50]=3[CH:55]=[CH:54][CH:53]=[CH:52][CH:51]=3.[N:32](=[N:31][C:29](=[O:30])[O:28][CH2:27][CH3:26])[C:33](=[O:34])[O:35][CH2:36][CH3:37].[NH:4]([CH2:3][CH2:2][OH:38])[C:5]([O:6][CH2:7][C:8]1=[CH:9][CH:10]=[CH:11][CH:12]=[CH:13]1)=[O:14]>>[C:16]1(=[O:17])[C:18]=2[C:23]([C:24](=[O:25])[N:15]1[O:1][CH2:2][CH2:3][NH:4][C:5](=[O:14])[O:6][CH2:7][C:8]=3[CH:13]=[CH:12][CH:11]=[CH:10][CH:9]=3)=[CH:22][CH:21]=[CH:20][CH:19]=2.O=P(c1ccccc1)(c1ccccc1)c1ccccc1.CCOC(=O)N=NC(=O)OCC,False,False,unbalanced,
549,['golden_dataset_1622'],['golden_dataset'],[C:17]1(=[O:18])[C:19]=2[C:24]([C:25](=[O:26])[N:16]1[OH:15])=[CH:23][CH:22]=[CH:21][CH:20]=2.[CH:50]1=[CH:49][CH:48]=[CH:47][CH:46]=[C:45]1[P:44]([C:51]=2[CH:56]=[CH:55][CH:54]=[CH:53][CH:52]=2)[C:43]=3[CH:57]=[CH:58][CH:40]=[CH:41][CH:42]=3.[N:32](=[N:33][C:34](=[O:35])[O:36][CH2:37][CH3:38])[C:30](=[O:31])[O:29][CH2:28][CH3:27].[NH:11]([CH2:12][CH2:13][CH2:14][OH:39])[C:9]([O:8][CH2:1][C:2]1=[CH:3][CH:4]=[CH:5][CH:6]=[CH:7]1)=[O:10]>>[C:19]1=2[C:24]([C:25](=[O:26])[N:16]([C:17]1=[O:18])[O:15][CH2:14][CH2:13][CH2:12][NH:11][C:9](=[O:10])[O:8][CH2:1][C:2]=3[CH:7]=[CH:6][CH:5]=[CH:4][CH:3]=3)=[CH:23][CH:22]=[CH:21][CH:20]=2,[C:17]1(=[O:18])[C:19]=2[C:24]([C:25](=[O:26])[N:16]1[OH:15])=[CH:23][CH:22]=[CH:21][CH:20]=2.[CH:50]1=[CH:49][CH:48]=[CH:47][CH:46]=[C:45]1[P:44]([C:51]=2[CH:56]=[CH:55][CH:54]=[CH:53][CH:52]=2)[C:43]=3[CH:57]=[CH:58][CH:40]=[CH:41][CH:42]=3.[N:32](=[N:33][C:34](=[O:35])[O:36][CH2:37][CH3:38])[C:30](=[O:31])[O:29][CH2:28][CH3:27].[NH:11]([CH2:12][CH2:13][CH2:14][OH:39])[C:9]([O:8][CH2:1][C:2]1=[CH:3][CH:4]=[CH:5][CH:6]=[CH:7]1)=[O:10]>>[C:19]1=2[C:24]([C:25](=[O:26])[N:16]([C:17]1=[O:18])[O:15][CH2:14][CH2:13][CH2:12][NH:11][C:9](=[O:10])[O:8][CH2:1][C:2]=3[CH:7]=[CH:6][CH:5]=[CH:4][CH:3]=3)=[CH:23][CH:22]=[CH:21][CH:20]=2.[CH3:27][CH2:28][O:29][C:30](=[O:31])[N:32]=[N:33][C:34](=[O:35])[O:36][CH2:37][CH3:38].[OH2:15].[cH:40]1[cH:41][cH:42][c:43]([P:44]([c:45]2[cH:46][cH:47][cH:48][cH:49][cH:50]2)[c:51]2[cH:52][cH:53][cH:54][cH:55][cH:56]2)[cH:57][cH:58]1,[],[C:17]1(=[O:18])[C:19]=2[C:24]([C:25](=[O:26])[N:16]1[OH:15])=[CH:23][CH:22]=[CH:21][CH:20]=2.[CH:50]1=[CH:49][CH:48]=[CH:47][CH:46]=[C:45]1[P:44]([C:51]=2[CH:56]=[CH:55][CH:54]=[CH:53][CH:52]=2)[C:43]=3[CH:57]=[CH:58][CH:40]=[CH:41][CH:42]=3.[N:32](=[N:33][C:34](=[O:35])[O:36][CH2:37][CH3:38])[C:30](=[O:31])[O:29][CH2:28][CH3:27].[NH:11]([CH2:12][CH2:13][CH2:14][OH:39])[C:9]([O:8][CH2:1][C:2]1=[CH:3][CH:4]=[CH:5][CH:6]=[CH:7]1)=[O:10]>>[C:19]1=2[C:24]([C:25](=[O:26])[N:16]([C:17]1=[O:18])[O:15][CH2:14][CH2:13][CH2:12][NH:11][C:9](=[O:10])[O:8][CH2:1][C:2]=3[CH:7]=[CH:6][CH:5]=[CH:4][CH:3]=3)=[CH:23][CH:22]=[CH:21][CH:20]=2.[CH:50]1=[CH:49][CH:48]=[CH:47][CH:46]=[C:45]1[P:44]([C:51]=2[CH:56]=[CH:55][CH:54]=[CH:53][CH:52]=2)[C:43]=3[CH:57]=[CH:58][CH:40]=[CH:41][CH:42]=3.[N:32](=[N:33][C:34](=[O:35])[O:36][CH2:37][CH3:38])[C:30](=[O:31])[O:29][CH2:28][CH3:27].[OH:39][H],True,False,balanced,
550,['golden_dataset_1625'],['golden_dataset'],[CH3:34][NH:2][C:3]=1[CH:8]=[CH:7][CH:6]=[CH:5][CH:4]=1.[O:28]=[S:13](=[O:29])([C:14]=1[CH:27]=[CH:26][C:17]([C:18]2=[CH:19][CH:20]=[C:21]([CH:24]=[CH:25]2)[O:22][CH3:23])=[CH:16][CH:15]=1)[NH:12][CH:11]([CH2:10][CH:9]3[CH2:1][O:33]3)[C:30]([O:32][CH3:35])=[O:31]>>[O:28]=[S:13](=[O:29])([NH:12][CH:11]([CH2:10][CH:9]([CH2:1][NH:2][C:3]1=[CH:4][CH:5]=[CH:6][CH:7]=[CH:8]1)[OH:33])[C:30](=[O:31])[OH:32])[C:14]=2[CH:27]=[CH:26][C:17]([C:18]3=[CH:19][CH:20]=[C:21]([CH:24]=[CH:25]3)[O:22][CH3:23])=[CH:16][CH:15]=2,nan,['COC(=O)C(CC1CO1)NS(=O)(=O)c1ccc(-c2ccc(OC)cc2)cc1.CNc1ccccc1>>COc1ccc(-c2ccc(S(=O)(=O)NC(CC(O)CNc3ccccc3)C(=O)O)cc2)cc1.CC'],[CH3:34][NH:2][C:3]=1[CH:8]=[CH:7][CH:6]=[CH:5][CH:4]=1.[O:28]=[S:13](=[O:29])([C:14]=1[CH:27]=[CH:26][C:17]([C:18]2=[CH:19][CH:20]=[C:21]([CH:24]=[CH:25]2)[O:22][CH3:23])=[CH:16][CH:15]=1)[NH:12][CH:11]([CH2:10][CH:9]3[CH2:1][O:33]3)[C:30]([O:32][CH3:35])=[O:31]>>[O:28]=[S:13](=[O:29])([NH:12][CH:11]([CH2:10][CH:9]([CH2:1][NH:2][C:3]1=[CH:4][CH:5]=[CH:6][CH:7]=[CH:8]1)[OH:33])[C:30](=[O:31])[OH:32])[C:14]=2[CH:27]=[CH:26][C:17]([C:18]3=[CH:19][CH:20]=[C:21]([CH:24]=[CH:25]3)[O:22][CH3:23])=[CH:16][CH:15]=2.CO,False,False,unbalanced,
551,['golden_dataset_1631'],['golden_dataset'],[CH:3]1=[C:2]([CH:21]=[CH:20][C:5](=[CH:4]1)[OH:6])[N:1]2[N:22]=[CH:23][CH:24]=[CH:25]2.[CH:55]1=[CH:54][CH:53]=[CH:52][CH:51]=[C:50]1[P:49]([C:48]=2[CH:62]=[CH:63][CH:45]=[CH:46][CH:47]=2)[C:56]=3[CH:61]=[CH:60][CH:59]=[CH:58][CH:57]=3.[CH2:33]1[CH2:34][CH2:35][CH2:36][CH2:37][N:32]1[C:30](=[O:31])[N:29]=[N:28][C:27](=[O:26])[N:38]2[CH2:43][CH2:42][CH2:41][CH2:40][CH2:39]2.[NH:9]([CH2:8][CH2:7][OH:44])[C:10]([O:11][CH2:12][C:13]1=[CH:14][CH:15]=[CH:16][CH:17]=[CH:18]1)=[O:19]>>[CH:3]1=[C:2]([CH:21]=[CH:20][C:5]([O:6][CH2:7][CH2:8][NH:9][C:10]([O:11][CH2:12][C:13]2=[CH:14][CH:15]=[CH:16][CH:17]=[CH:18]2)=[O:19])=[CH:4]1)[N:1]3[N:22]=[CH:23][CH:24]=[CH:25]3,C1=C(C=CC(=C1)O)N2N=CC=C2.N(CCO)C(OCC1=CC=CC=C1)=O>>C1=C(C=CC(OCCNC(OCC2=CC=CC=C2)=O)=C1)N3N=CC=C3.O,[],[CH:3]1=[C:2]([CH:21]=[CH:20][C:5](=[CH:4]1)[OH:6])[N:1]2[N:22]=[CH:23][CH:24]=[CH:25]2.[CH:55]1=[CH:54][CH:53]=[CH:52][CH:51]=[C:50]1[P:49]([C:48]=2[CH:62]=[CH:63][CH:45]=[CH:46][CH:47]=2)[C:56]=3[CH:61]=[CH:60][CH:59]=[CH:58][CH:57]=3.[CH2:33]1[CH2:34][CH2:35][CH2:36][CH2:37][N:32]1[C:30](=[O:31])[N:29]=[N:28][C:27](=[O:26])[N:38]2[CH2:43][CH2:42][CH2:41][CH2:40][CH2:39]2.[NH:9]([CH2:8][CH2:7][OH:44])[C:10]([O:11][CH2:12][C:13]1=[CH:14][CH:15]=[CH:16][CH:17]=[CH:18]1)=[O:19]>>[CH:3]1=[C:2]([CH:21]=[CH:20][C:5]([O:6][CH2:7][CH2:8][NH:9][C:10]([O:11][CH2:12][C:13]2=[CH:14][CH:15]=[CH:16][CH:17]=[CH:18]2)=[O:19])=[CH:4]1)[N:1]3[N:22]=[CH:23][CH:24]=[CH:25]3.[CH:55]1=[CH:54][CH:53]=[CH:52][CH:51]=[C:50]1[P:49]([C:48]=2[CH:62]=[CH:63][CH:45]=[CH:46][CH:47]=2)[C:56]=3[CH:61]=[CH:60][CH:59]=[CH:58][CH:57]=3.O=P(O)(O)O,False,False,unbalanced,
553,['golden_dataset_1633'],['golden_dataset'],[CH:53]1=[CH:52][CH:51]=[CH:50][CH:49]=[C:48]1[P:47]([C:54]=2[CH:59]=[CH:58][CH:57]=[CH:56][CH:55]=2)[C:46]=3[CH:60]=[CH:61][CH:43]=[CH:44][CH:45]=3.[CH2:31]1[CH2:32][CH2:33][CH2:34][CH2:35][N:30]1[C:28](=[O:29])[N:27]=[N:26][C:25](=[O:24])[N:36]2[CH2:37][CH2:38][CH2:39][CH2:40][CH2:41]2.[NH:11]([CH2:10][CH2:9][OH:42])[C:12]([O:13][CH2:14][C:15]1=[CH:16][CH:17]=[CH:18][CH:19]=[CH:20]1)=[O:21].[O:3]=[C:2]([C:4]1=[CH:5][CH:6]=[C:7]([CH:22]=[CH:23]1)[OH:8])[CH3:1]>>[NH:11]([CH2:10][CH2:9][O:8][C:7]1=[CH:6][CH:5]=[C:4]([C:2](=[O:3])[CH3:1])[CH:23]=[CH:22]1)[C:12]([O:13][CH2:14][C:15]2=[CH:16][CH:17]=[CH:18][CH:19]=[CH:20]2)=[O:21],[CH:53]1=[CH:52][CH:51]=[CH:50][CH:49]=[C:48]1[P:47]([C:54]=2[CH:59]=[CH:58][CH:57]=[CH:56][CH:55]=2)[C:46]=3[CH:60]=[CH:61][CH:43]=[CH:44][CH:45]=3.[CH2:31]1[CH2:32][CH2:33][CH2:34][CH2:35][N:30]1[C:28](=[O:29])[N:27]=[N:26][C:25](=[O:24])[N:36]2[CH2:37][CH2:38][CH2:39][CH2:40][CH2:41]2.[NH:11]([CH2:10][CH2:9][OH:42])[C:12]([O:13][CH2:14][C:15]1=[CH:16][CH:17]=[CH:18][CH:19]=[CH:20]1)=[O:21].[O:3]=[C:2]([C:4]1=[CH:5][CH:6]=[C:7]([CH:22]=[CH:23]1)[OH:8])[CH3:1]>>[NH:11]([CH2:10][CH2:9][O:8][C:7]1=[CH:6][CH:5]=[C:4]([C:2](=[O:3])[CH3:1])[CH:23]=[CH:22]1)[C:12]([O:13][CH2:14][C:15]2=[CH:16][CH:17]=[CH:18][CH:19]=[CH:20]2)=[O:21].[O:24]=[C:25]([N:26]=[N:27][C:28](=[O:29])[N:30]1[CH2:31][CH2:32][CH2:33][CH2:34][CH2:35]1)[N:36]1[CH2:37][CH2:38][CH2:39][CH2:40][CH2:41]1.[OH2:8].[cH:43]1[cH:44][cH:45][c:46]([P:47]([c:48]2[cH:49][cH:50][cH:51][cH:52][cH:53]2)[c:54]2[cH:55][cH:56][cH:57][cH:58][cH:59]2)[cH:60][cH:61]1,[],[CH:53]1=[CH:52][CH:51]=[CH:50][CH:49]=[C:48]1[P:47]([C:54]=2[CH:59]=[CH:58][CH:57]=[CH:56][CH:55]=2)[C:46]=3[CH:60]=[CH:61][CH:43]=[CH:44][CH:45]=3.[CH2:31]1[CH2:32][CH2:33][CH2:34][CH2:35][N:30]1[C:28](=[O:29])[N:27]=[N:26][C:25](=[O:24])[N:36]2[CH2:37][CH2:38][CH2:39][CH2:40][CH2:41]2.[NH:11]([CH2:10][CH2:9][OH:42])[C:12]([O:13][CH2:14][C:15]1=[CH:16][CH:17]=[CH:18][CH:19]=[CH:20]1)=[O:21].[O:3]=[C:2]([C:4]1=[CH:5][CH:6]=[C:7]([CH:22]=[CH:23]1)[OH:8])[CH3:1]>>[NH:11]([CH2:10][CH2:9][O:8][C:7]1=[CH:6][CH:5]=[C:4]([C:2](=[O:3])[CH3:1])[CH:23]=[CH:22]1)[C:12]([O:13][CH2:14][C:15]2=[CH:16][CH:17]=[CH:18][CH:19]=[CH:20]2)=[O:21].O=P(c1ccccc1)(c1ccccc1)c1ccccc1.[N-]=[N+]=NC(=O)N1CCCCC1,False,False,unbalanced,
555,['golden_dataset_1635'],['golden_dataset'],[CH:20]1=[CH:19][C:17]([F:18])=[CH:16][CH:15]=[C:14]1[OH:13].[CH:46]1=[CH:45][CH:44]=[CH:43][CH:42]=[C:41]1[P:40]([C:47]=2[CH:52]=[CH:51][CH:50]=[CH:49][CH:48]=2)[C:39]=3[CH:53]=[CH:54][CH:36]=[CH:37][CH:38]=3.[CH3:2][C:1]([CH3:3])([CH3:4])[O:5][C:6]([N:8]1[CH2:9][CH2:10][CH:11]([CH2:21][CH2:22]1)[CH2:12][OH:35])=[O:7].[N:28](=[N:29][C:30](=[O:31])[O:32][CH2:33][CH3:34])[C:26](=[O:27])[O:25][CH2:24][CH3:23]>>[CH3:2][C:1]([CH3:3])([CH3:4])[O:5][C:6]([N:8]1[CH2:9][CH2:10][CH:11]([CH2:21][CH2:22]1)[CH2:12][O:13][C:14]=2[CH:20]=[CH:19][C:17](=[CH:16][CH:15]=2)[F:18])=[O:7],C1=CC(F)=CC=C1O.CC(C)(C)OC(N1CCC(CC1)CO)=O>>O.CC(C)(C)OC(N1CCC(CC1)COC=2C=CC(=CC=2)F)=O,[],[CH:20]1=[CH:19][C:17]([F:18])=[CH:16][CH:15]=[C:14]1[OH:13].[CH:46]1=[CH:45][CH:44]=[CH:43][CH:42]=[C:41]1[P:40]([C:47]=2[CH:52]=[CH:51][CH:50]=[CH:49][CH:48]=2)[C:39]=3[CH:53]=[CH:54][CH:36]=[CH:37][CH:38]=3.[CH3:2][C:1]([CH3:3])([CH3:4])[O:5][C:6]([N:8]1[CH2:9][CH2:10][CH:11]([CH2:21][CH2:22]1)[CH2:12][OH:35])=[O:7].[N:28](=[N:29][C:30](=[O:31])[O:32][CH2:33][CH3:34])[C:26](=[O:27])[O:25][CH2:24][CH3:23]>>[CH3:2][C:1]([CH3:3])([CH3:4])[O:5][C:6]([N:8]1[CH2:9][CH2:10][CH:11]([CH2:21][CH2:22]1)[CH2:12][O:13][C:14]=2[CH:20]=[CH:19][C:17](=[CH:16][CH:15]=2)[F:18])=[O:7].[CH:46]1=[CH:45][CH:44]=[CH:43][CH:42]=[C:41]1[P:40]([C:47]=2[CH:52]=[CH:51][CH:50]=[CH:49][CH:48]=2)[C:39]=3[CH:53]=[CH:54][CH:36]=[CH:37][CH:38]=3.O=C(O)N=NC(=O)OCC.O=P([O-])([O-])[O-],False,False,unbalanced,
557,['golden_dataset_1638'],['golden_dataset'],[CH2:32]1[CH2:31][CH:29]([CH2:28][CH2:27][NH:26]1)[OH:30].[O:50]=[S:49](=[O:51])([C:48]1=[CH:59][CH:60]=[C:61]([O:62][CH2:63][CH3:64])[C:46](=[CH:47]1)[C:45]2=[N:44][C:42](=[O:43])[C:41]3=[CH:40][N:39]=[C:38]([CH2:37][CH2:36][CH3:35])[N:66]3[NH:65]2)[N:52]4[CH2:58][CH2:57][CH:55]([CH2:54][CH2:53]4)[OH:56].[O:24]=[S:23](=[O:25])([Cl:67])[C:22]=1[CH:21]=[C:5]([C:6]=2[NH:7][N:8]3[C:14]([CH2:15][CH2:16][CH3:17])=[N:13][C:10]([CH2:11][CH3:12])=[C:9]3[C:18](=[O:19])[N:20]=2)[C:4]([O:3][CH2:1][CH3:2])=[CH:34][CH:33]=1>>[O:24]=[S:23](=[O:25])([C:22]1=[CH:33][CH:34]=[C:4]([C:5](=[CH:21]1)[C:6]=2[NH:7][N:8]3[C:14]([CH2:15][CH2:16][CH3:17])=[N:13][C:10]([CH2:11][CH3:12])=[C:9]3[C:18]([N:20]=2)=[O:19])[O:3][CH2:1][CH3:2])[N:26]4[CH2:32][CH2:31][CH:29]([CH2:28][CH2:27]4)[OH:30],[CH2:32]1[CH2:31][CH:29]([CH2:28][CH2:27][NH:26]1)[OH:30].[O:50]=[S:49](=[O:51])([C:48]1=[CH:59][CH:60]=[C:61]([O:62][CH2:63][CH3:64])[C:46](=[CH:47]1)[C:45]2=[N:44][C:42](=[O:43])[C:41]3=[CH:40][N:39]=[C:38]([CH2:37][CH2:36][CH3:35])[N:66]3[NH:65]2)[N:52]4[CH2:58][CH2:57][CH:55]([CH2:54][CH2:53]4)[OH:56].[O:24]=[S:23](=[O:25])([Cl:67])[C:22]=1[CH:21]=[C:5]([C:6]=2[NH:7][N:8]3[C:14]([CH2:15][CH2:16][CH3:17])=[N:13][C:10]([CH2:11][CH3:12])=[C:9]3[C:18](=[O:19])[N:20]=2)[C:4]([O:3][CH2:1][CH3:2])=[CH:34][CH:33]=1>>[O:24]=[S:23](=[O:25])([C:22]1=[CH:33][CH:34]=[C:4]([C:5](=[CH:21]1)[C:6]=2[NH:7][N:8]3[C:14]([CH2:15][CH2:16][CH3:17])=[N:13][C:10]([CH2:11][CH3:12])=[C:9]3[C:18]([N:20]=2)=[O:19])[O:3][CH2:1][CH3:2])[N:26]4[CH2:32][CH2:31][CH:29]([CH2:28][CH2:27]4)[OH:30].[NH:26]1[CH2:27][CH2:28][CH:29]([OH:30])[CH2:31][CH2:32]1.[OH:3][c:4]1[c:5](-[c:6]2[nH:7][n:8]3[c:9]([c:10]([CH2:11][CH3:12])[n:13][c:14]3[CH2:15][CH2:16][CH3:17])[c:18](=[O:19])[n:20]2)[cH:21][c:22]([S:23](=[O:24])(=[O:25])[Cl:67])[cH:33][cH:34]1,[],[CH2:32]1[CH2:31][CH:29]([CH2:28][CH2:27][NH:26]1)[OH:30].[O:50]=[S:49](=[O:51])([C:48]1=[CH:59][CH:60]=[C:61]([O:62][CH2:63][CH3:64])[C:46](=[CH:47]1)[C:45]2=[N:44][C:42](=[O:43])[C:41]3=[CH:40][N:39]=[C:38]([CH2:37][CH2:36][CH3:35])[N:66]3[NH:65]2)[N:52]4[CH2:58][CH2:57][CH:55]([CH2:54][CH2:53]4)[OH:56].[O:24]=[S:23](=[O:25])([Cl:67])[C:22]=1[CH:21]=[C:5]([C:6]=2[NH:7][N:8]3[C:14]([CH2:15][CH2:16][CH3:17])=[N:13][C:10]([CH2:11][CH3:12])=[C:9]3[C:18](=[O:19])[N:20]=2)[C:4]([O:3][CH2:1][CH3:2])=[CH:34][CH:33]=1>>[O:24]=[S:23](=[O:25])([C:22]1=[CH:33][CH:34]=[C:4]([C:5](=[CH:21]1)[C:6]=2[NH:7][N:8]3[C:14]([CH2:15][CH2:16][CH3:17])=[N:13][C:10]([CH2:11][CH3:12])=[C:9]3[C:18]([N:20]=2)=[O:19])[O:3][CH2:1][CH3:2])[N:26]4[CH2:32][CH2:31][CH:29]([CH2:28][CH2:27]4)[OH:30].[O:50]=[S:49](=[O:51])([C:48]1=[CH:59][CH:60]=[C:61]([O:62][CH2:63][CH3:64])[C:46](=[CH:47]1)[C:45]2=[N:44][C:42](=[O:43])[C:41]3=[CH:40][N:39]=[C:38]([CH2:37][CH2:36][CH3:35])[N:66]3[NH:65]2)[N:52]4[CH2:58][CH2:57][CH:55]([CH2:54][CH2:53]4)[OH:56].[Cl:67],False,False,unbalanced,
558,['golden_dataset_1639'],['golden_dataset'],[CH2:25]1[CH2:24][NH:23][CH2:30][CH2:29][CH:26]1[CH2:27][OH:28].[O:49]=[S:48](=[O:50])([Cl:51])[C:47]1=[CH:46][CH:45]=[C:44]([O:43][CH2:42][CH3:41])[C:53](=[CH:52]1)[C:54]=2[NH:55][N:56]3[C:57]([CH3:58])=[N:59][C:60]([CH3:61])=[C:62]3[C:63]([N:65]=2)=[O:64].[O:21]=[S:20](=[O:22])([N:40]1[CH2:39][CH2:38][CH:36]([CH2:35][CH:34]1[CH3:33])[OH:37])[C:19]2=[CH:31][CH:32]=[C:4]([O:3][CH2:1][CH3:2])[C:5](=[CH:18]2)[C:6]=3[NH:7][N:8]4[C:13]([CH3:14])=[N:12][C:10]([CH3:11])=[C:9]4[C:15]([N:17]=3)=[O:16]>>[CH2:25]1[CH2:24][N:23]([CH2:30][CH2:29][CH:26]1[CH2:27][OH:28])[S:48](=[O:49])(=[O:50])[C:47]2=[CH:52][C:53]([C:54]3=[N:65][C:63]([C:62]4=[C:60]([CH3:61])[N:59]=[C:57]([CH3:58])[N:56]4[NH:55]3)=[O:64])=[C:44]([O:43][CH2:42][CH3:41])[CH:45]=[CH:46]2,C1CNCCC1CO.O=S(=O)(Cl)C1=CC=C(OCC)C(=C1)C=2NN3C(C)=NC(C)=C3C(N=2)=O.O=S(=O)(N1CCC(CC1C)O)C2=CC=C(OCC)C(=C2)C=3NN4C(C)=NC(C)=C4C(N=3)=O>>C1CN(CCC1CO)S(=O)(=O)C2=CC(C3=NC(C4=C(C)N=C(C)N4N3)=O)=C(OCC)C=C2.[Cl-].[H+].O=S(=O)(N1CCC(CC1C)O)C2=CC=C(OCC)C(=C2)C=3NN4C(C)=NC(C)=C4C(N=3)=O,[],[CH2:25]1[CH2:24][NH:23][CH2:30][CH2:29][CH:26]1[CH2:27][OH:28].[O:49]=[S:48](=[O:50])([Cl:51])[C:47]1=[CH:46][CH:45]=[C:44]([O:43][CH2:42][CH3:41])[C:53](=[CH:52]1)[C:54]=2[NH:55][N:56]3[C:57]([CH3:58])=[N:59][C:60]([CH3:61])=[C:62]3[C:63]([N:65]=2)=[O:64].[O:21]=[S:20](=[O:22])([N:40]1[CH2:39][CH2:38][CH:36]([CH2:35][CH:34]1[CH3:33])[OH:37])[C:19]2=[CH:31][CH:32]=[C:4]([O:3][CH2:1][CH3:2])[C:5](=[CH:18]2)[C:6]=3[NH:7][N:8]4[C:13]([CH3:14])=[N:12][C:10]([CH3:11])=[C:9]4[C:15]([N:17]=3)=[O:16]>>[CH2:25]1[CH2:24][N:23]([CH2:30][CH2:29][CH:26]1[CH2:27][OH:28])[S:48](=[O:49])(=[O:50])[C:47]2=[CH:52][C:53]([C:54]3=[N:65][C:63]([C:62]4=[C:60]([CH3:61])[N:59]=[C:57]([CH3:58])[N:56]4[NH:55]3)=[O:64])=[C:44]([O:43][CH2:42][CH3:41])[CH:45]=[CH:46]2.[Cl-].[H+],False,False,unbalanced,
560,['golden_dataset_1641'],['golden_dataset'],[CH:29]1=[CH:28][C:26]([Cl:27])=[CH:25][CH:24]=[C:23]1[CH:6]([C:5]=2[CH:30]=[CH:31][C:2]([Cl:1])=[CH:3][CH:4]=2)[N:7]3[CH2:8][CH:9]([CH2:22]3)[NH:10][S:11](=[O:12])(=[O:13])[C:14]4=[CH:15][CH:16]=[C:17]([CH:19]=[CH:20]4)[F:18].[CH3:36][C:35](=[O:37])[O:34][CH2:33][CH3:32].[I:38][CH3:21].[H-:39].[Na+:40]>>[CH:4]1=[C:5]([CH:30]=[CH:31][C:2]([Cl:1])=[CH:3]1)[CH:6]([C:23]2=[CH:24][CH:25]=[C:26]([CH:28]=[CH:29]2)[Cl:27])[N:7]3[CH2:8][CH:9]([CH2:22]3)[N:10]([CH3:21])[S:11](=[O:12])(=[O:13])[C:14]=4[CH:20]=[CH:19][C:17]([F:18])=[CH:16][CH:15]=4,nan,"['O=S(=O)(NC1CN(C(c2ccc(Cl)cc2)c2ccc(Cl)cc2)C1)c1ccc(F)cc1.CCOC(C)=O.CI.[Na+].[H-].O>>CN(C1CN(C(c2ccc(Cl)cc2)c2ccc(Cl)cc2)C1)S(=O)(=O)c1ccc(F)cc1.CC(=O)OCO.CI.[Na+].[H-]', 'O=S(=O)(NC1CN(C(c2ccc(Cl)cc2)c2ccc(Cl)cc2)C1)c1ccc(F)cc1.CCOC(C)=O.CI.[Na+].[H-]>>CN(C1CN(C(c2ccc(Cl)cc2)c2ccc(Cl)cc2)C1)S(=O)(=O)c1ccc(F)cc1.CC(=O)OCO.CI.[Na+].[H-]']",[CH:29]1=[CH:28][C:26]([Cl:27])=[CH:25][CH:24]=[C:23]1[CH:6]([C:5]=2[CH:30]=[CH:31][C:2]([Cl:1])=[CH:3][CH:4]=2)[N:7]3[CH2:8][CH:9]([CH2:22]3)[NH:10][S:11](=[O:12])(=[O:13])[C:14]4=[CH:15][CH:16]=[C:17]([CH:19]=[CH:20]4)[F:18].[CH3:36][C:35](=[O:37])[O:34][CH2:33][CH3:32].[I:38][CH3:21].[H-:39].[Na+:40]>>[CH:4]1=[C:5]([CH:30]=[CH:31][C:2]([Cl:1])=[CH:3]1)[CH:6]([C:23]2=[CH:24][CH:25]=[C:26]([CH:28]=[CH:29]2)[Cl:27])[N:7]3[CH2:8][CH:9]([CH2:22]3)[N:10]([CH3:21])[S:11](=[O:12])(=[O:13])[C:14]=4[CH:20]=[CH:19][C:17]([F:18])=[CH:16][CH:15]=4.[Na+].[I-].[CH3:36][C:35](=[O:37])[O-].[CH3:33][CH2:34][OH:38],False,False,unbalanced,
563,['golden_dataset_1644'],['golden_dataset'],[C:8]=1([CH:20]=[CH:21][C:5]([C:4]2=[CH:3][CH:2]=[CH:1][CH:23]=[CH:22]2)=[CH:6][CH:7]=1)[NH:9][C:30]=3[CH:29]=[C:28]([S:34][C:31]=3[S:32][CH3:33])[C:26]([O:25][CH3:24])=[O:27].[O:17]([C:15]([C:14]=1[S:13][C:11]([CH3:12])=[C:10]([NH2:35])[CH:19]=1)=[S:16])[CH3:18].[OH:36][B:37]([OH:38])[C:39]=1[CH:50]=[CH:49][C:42]([C:43]2=[CH:44][CH:45]=[CH:46][CH:47]=[CH:48]2)=[CH:41][CH:40]=1>>[C:15](=[S:16])([C:14]1=[CH:19][C:10]([NH:35][C:39]=2[CH:40]=[CH:41][C:42]([C:43]3=[CH:48][CH:47]=[CH:46][CH:45]=[CH:44]3)=[CH:49][CH:50]=2)=[C:11]([CH3:12])[S:13]1)[O:17][CH3:18],nan,['COC(=O)c1cc(Nc2ccc(-c3ccccc3)cc2)c(SC)s1.COC(=S)c1cc(N)c(C)s1.OB(O)c1ccc(-c2ccccc2)cc1>>COC(=S)c1cc(Nc2ccc(-c3ccccc3)cc2)c(C)s1'],[C:8]=1([CH:20]=[CH:21][C:5]([C:4]2=[CH:3][CH:2]=[CH:1][CH:23]=[CH:22]2)=[CH:6][CH:7]=1)[NH:9][C:30]=3[CH:29]=[C:28]([S:34][C:31]=3[S:32][CH3:33])[C:26]([O:25][CH3:24])=[O:27].[O:17]([C:15]([C:14]=1[S:13][C:11]([CH3:12])=[C:10]([NH2:35])[CH:19]=1)=[S:16])[CH3:18].[OH:36][B:37]([OH:38])[C:39]=1[CH:50]=[CH:49][C:42]([C:43]2=[CH:44][CH:45]=[CH:46][CH:47]=[CH:48]2)=[CH:41][CH:40]=1>>[C:15](=[S:16])([C:14]1=[CH:19][C:10]([NH:35][C:39]=2[CH:40]=[CH:41][C:42]([C:43]3=[CH:48][CH:47]=[CH:46][CH:45]=[CH:44]3)=[CH:49][CH:50]=2)=[C:11]([CH3:12])[S:13]1)[O:17][CH3:18].[C:8]=1([CH:20]=[CH:21][C:5]([C:4]2=[CH:3][CH:2]=[CH:1][CH:23]=[CH:22]2)=[CH:6][CH:7]=1)[NH:9][C:30]=3[CH:29]=[C:28]([S:34][C:31]=3[S:32][CH3:33])[C:26]([O:25][CH3:24])=[O:27],False,False,unbalanced,
566,['golden_dataset_1650'],['golden_dataset'],[C:64](=[O:65])([CH3:63])[O:66][C:60](=[O:62])[CH3:61].[CH:69]=1[CH:70]=[CH:71][CH:72]=[CH:73][C:68]=1[CH3:67].[CH3:45][C:44]([CH3:46])([CH3:47])[C:43](=[O:48])[O:42][CH2:41][CH:40]1[CH:49]([O:50][CH2:51][C:52]2=[CH:53][CH:54]=[CH:55][CH:56]=[CH:57]2)[CH:58]([OH:59])[CH:9]([O:8][CH2:1][C:2]=3[CH:7]=[CH:6][CH:5]=[CH:4][CH:3]=3)[CH:10]([O:11][CH2:12][CH:13]([CH2:15][CH2:16][CH2:17][CH:18]([CH3:19])[CH:20]4[C:37]5([CH:23]([CH:24]6[CH2:25][CH2:26][CH:27]7[C:32]([CH3:33])([CH:34]6[CH2:35][CH2:36]5)[CH2:31][CH2:30][CH2:29][CH2:28]7)[CH2:22][CH2:21]4)[CH3:38])[CH3:14])[O:39]1>>[CH3:45][C:44]([CH3:46])([CH3:47])[C:43](=[O:48])[O:42][CH2:41][CH:40]1[CH:49]([O:50][CH2:51][C:52]=2[CH:57]=[CH:56][CH:55]=[CH:54][CH:53]=2)[CH:58]([O:59][C:60]([CH3:61])=[O:62])[CH:9]([O:8][CH2:1][C:2]3=[CH:3][CH:4]=[CH:5][CH:6]=[CH:7]3)[CH:10]([O:11][CH2:12][CH:13]([CH2:15][CH2:16][CH2:17][CH:18]([CH3:19])[CH:20]4[C:37]5([CH:23]([CH:24]6[CH2:25][CH2:26][CH:27]7[C:32]([CH3:33])([CH:34]6[CH2:35][CH2:36]5)[CH2:31][CH2:30][CH2:29][CH2:28]7)[CH2:22][CH2:21]4)[CH3:38])[CH3:14])[O:39]1,[CH3:45][C:44]([CH3:46])([CH3:47])[C:43](=[O:48])[O:42][CH2:41][CH:40]1[CH:49]([O:50][CH2:51][C:52]2=[CH:53][CH:54]=[CH:55][CH:56]=[CH:57]2)[CH:58]([OH:59])[CH:9]([O:8][CH2:1][C:2]=3[CH:7]=[CH:6][CH:5]=[CH:4][CH:3]=3)[CH:10]([O:11][CH2:12][CH:13]([CH2:15][CH2:16][CH2:17][CH:18]([CH3:19])[CH:20]4[C:37]5([CH:23]([CH:24]6[CH2:25][CH2:26][CH:27]7[C:32]([CH3:33])([CH:34]6[CH2:35][CH2:36]5)[CH2:31][CH2:30][CH2:29][CH2:28]7)[CH2:22][CH2:21]4)[CH3:38])[CH3:14])[O:39]1.[C:64](=[O:65])([CH3:63])[O:66][C:60](=[O:62])[CH3:61]>>[CH3:63][C:64](=[O:65])[OH:66].[CH3:45][C:44]([CH3:46])([CH3:47])[C:43](=[O:48])[O:42][CH2:41][CH:40]1[CH:49]([O:50][CH2:51][C:52]=2[CH:57]=[CH:56][CH:55]=[CH:54][CH:53]=2)[CH:58]([O:59][C:60]([CH3:61])=[O:62])[CH:9]([O:8][CH2:1][C:2]3=[CH:3][CH:4]=[CH:5][CH:6]=[CH:7]3)[CH:10]([O:11][CH2:12][CH:13]([CH2:15][CH2:16][CH2:17][CH:18]([CH3:19])[CH:20]4[C:37]5([CH:23]([CH:24]6[CH2:25][CH2:26][CH:27]7[C:32]([CH3:33])([CH:34]6[CH2:35][CH2:36]5)[CH2:31][CH2:30][CH2:29][CH2:28]7)[CH2:22][CH2:21]4)[CH3:38])[CH3:14])[O:39]1,[],[C:64](=[O:65])([CH3:63])[O:66][C:60](=[O:62])[CH3:61].[CH:69]=1[CH:70]=[CH:71][CH:72]=[CH:73][C:68]=1[CH3:67].[CH3:45][C:44]([CH3:46])([CH3:47])[C:43](=[O:48])[O:42][CH2:41][CH:40]1[CH:49]([O:50][CH2:51][C:52]2=[CH:53][CH:54]=[CH:55][CH:56]=[CH:57]2)[CH:58]([OH:59])[CH:9]([O:8][CH2:1][C:2]=3[CH:7]=[CH:6][CH:5]=[CH:4][CH:3]=3)[CH:10]([O:11][CH2:12][CH:13]([CH2:15][CH2:16][CH2:17][CH:18]([CH3:19])[CH:20]4[C:37]5([CH:23]([CH:24]6[CH2:25][CH2:26][CH:27]7[C:32]([CH3:33])([CH:34]6[CH2:35][CH2:36]5)[CH2:31][CH2:30][CH2:29][CH2:28]7)[CH2:22][CH2:21]4)[CH3:38])[CH3:14])[O:39]1>>[CH3:45][C:44]([CH3:46])([CH3:47])[C:43](=[O:48])[O:42][CH2:41][CH:40]1[CH:49]([O:50][CH2:51][C:52]=2[CH:57]=[CH:56][CH:55]=[CH:54][CH:53]=2)[CH:58]([O:59][C:60]([CH3:61])=[O:62])[CH:9]([O:8][CH2:1][C:2]3=[CH:3][CH:4]=[CH:5][CH:6]=[CH:7]3)[CH:10]([O:11][CH2:12][CH:13]([CH2:15][CH2:16][CH2:17][CH:18]([CH3:19])[CH:20]4[C:37]5([CH:23]([CH:24]6[CH2:25][CH2:26][CH:27]7[C:32]([CH3:33])([CH:34]6[CH2:35][CH2:36]5)[CH2:31][CH2:30][CH2:29][CH2:28]7)[CH2:22][CH2:21]4)[CH3:38])[CH3:14])[O:39]1.CC(=O)O,False,False,unbalanced,
575,['golden_dataset_1660'],['golden_dataset'],[C:1](=[O:3])([CH3:2])[O:4][C:10](=[O:12])[CH3:11].[C:21](=[O:23])([CH3:22])[O:20][C:14](=[O:15])[CH3:13].[CH:5]([OH:19])([CH2:8][NH2:9])[CH2:6][Cl:7].[CH:25]1=[CH:24][CH:29]=[CH:28][N:27]=[CH:26]1.[ClH:16].[ClH:17].[OH2:18]>>[Cl:7][CH2:6][CH:5]([CH2:8][NH:9][C:14](=[O:15])[CH3:13])[O:19][C:1]([CH3:2])=[O:3],nan,['CC(=O)OC(C)=O.CC(=O)OC(C)=O.NCC(O)CCl.Cl.Cl.O.c1ccncc1>>CC(=O)NCC(CCl)OC(C)=O'],[C:1](=[O:3])([CH3:2])[O:4][C:10](=[O:12])[CH3:11].[C:21](=[O:23])([CH3:22])[O:20][C:14](=[O:15])[CH3:13].[CH:5]([OH:19])([CH2:8][NH2:9])[CH2:6][Cl:7].[CH:25]1=[CH:24][CH:29]=[CH:28][N:27]=[CH:26]1.[ClH:16].[ClH:17].[OH2:18]>>[Cl:7][CH2:6][CH:5]([CH2:8][NH:9][C:14](=[O:15])[CH3:13])[O:19][C:1]([CH3:2])=[O:3].[C:10](=[O:12])([O:4][H])[CH3:11].[C:21](=[O:23])([O:20][H])[CH3:22].[Cl-].[Cl-].[CH:25]1=[CH:24][CH:29]=[CH:28][N:27]=[CH:26]1.[OH3+].[OH3+],False,False,unbalanced,
576,['golden_dataset_1661'],['golden_dataset'],[C:1]1(=[CH:2][C:3]2=[C:4]([CH:17]=[CH:18]1)[CH:5]=[CH:6][C:7]=3[CH:12]=[CH:11][C:10]=4[CH:13]=[CH:14][C:15](=[CH:16][C:9]=4[C:8]2=3)[Br:40])[Br:39].[CH:66]1=[CH:65][CH:64]=[C:63]([C:68]([CH3:69])=[CH:67]1)[P:55]([C:56]2=[CH:57][CH:58]=[CH:59][CH:60]=[C:61]2[CH3:62])[C:54]3=[CH:53][CH:52]=[CH:51][CH:50]=[C:49]3[CH3:48].[CH:43]=1[CH:44]=[CH:45][CH:46]=[CH:47][C:42]=1[CH3:41].[OH:75][B:76]([OH:77])[C:19]=1[C:28]2=[C:23]([CH:22]=[CH:21][CH:20]=1)[CH:24]=[CH:25][CH:26]=[CH:27]2.[OH:78][B:79]([OH:80])[C:29]=1[C:38]=2[C:33](=[CH:34][CH:35]=[CH:36][CH:37]=2)[CH:32]=[CH:31][CH:30]=1.[K+:81].[K+:82].[K+:83].[O-:70][P:71]([O-:72])([O-:73])=[O:74]>>[CH:6]=1[C:7]2=[C:8]([C:3]=3[CH:2]=[C:1]([C:19]=4[CH:20]=[CH:21][CH:22]=[C:23]5[CH:24]=[CH:25][CH:26]=[CH:27][C:28]=45)[CH:18]=[CH:17][C:4]=3[CH:5]=1)[C:9]=6[CH:16]=[C:15]([CH:14]=[CH:13][C:10]=6[CH:11]=[CH:12]2)[C:29]=7[C:38]=8[CH:37]=[CH:36][CH:35]=[CH:34][C:33]=8[CH:32]=[CH:31][CH:30]=7,C1(=CC2=C(C=C1)C=CC=3C=CC=4C=CC(=CC=4C2=3)Br)Br.C1=CC=C(C(C)=C1)P(C2=CC=CC=C2C)C3=CC=CC=C3C.C=1C=CC=CC=1C.OB(O)C=1C2=C(C=CC=1)C=CC=C2.OB(O)C=1C=2C(=CC=CC=2)C=CC=1.[K+].[K+].[K+].[O-]P([O-])([O-])=O.[H].[H].[H].[H]>>C=1C2=C(C=3C=C(C=4C=CC=C5C=CC=CC=45)C=CC=3C=1)C=6C=C(C=CC=6C=C2)C=7C=8C=CC=CC=8C=CC=7.Br.Br.Cc1ccccc1.Cc1ccccc1P(c1ccccc1C)c1ccccc1C.O=P([O-])([O-])[O-].OBO.OBO.[K+].[K+].[K+],[],[C:1]1(=[CH:2][C:3]2=[C:4]([CH:17]=[CH:18]1)[CH:5]=[CH:6][C:7]=3[CH:12]=[CH:11][C:10]=4[CH:13]=[CH:14][C:15](=[CH:16][C:9]=4[C:8]2=3)[Br:40])[Br:39].[CH:66]1=[CH:65][CH:64]=[C:63]([C:68]([CH3:69])=[CH:67]1)[P:55]([C:56]2=[CH:57][CH:58]=[CH:59][CH:60]=[C:61]2[CH3:62])[C:54]3=[CH:53][CH:52]=[CH:51][CH:50]=[C:49]3[CH3:48].[CH:43]=1[CH:44]=[CH:45][CH:46]=[CH:47][C:42]=1[CH3:41].[OH:75][B:76]([OH:77])[C:19]=1[C:28]2=[C:23]([CH:22]=[CH:21][CH:20]=1)[CH:24]=[CH:25][CH:26]=[CH:27]2.[OH:78][B:79]([OH:80])[C:29]=1[C:38]=2[C:33](=[CH:34][CH:35]=[CH:36][CH:37]=2)[CH:32]=[CH:31][CH:30]=1.[K+:81].[K+:82].[K+:83].[O-:70][P:71]([O-:72])([O-:73])=[O:74]>>[CH:6]=1[C:7]2=[C:8]([C:3]=3[CH:2]=[C:1]([C:19]=4[CH:20]=[CH:21][CH:22]=[C:23]5[CH:24]=[CH:25][CH:26]=[CH:27][C:28]=45)[CH:18]=[CH:17][C:4]=3[CH:5]=1)[C:9]=6[CH:16]=[C:15]([CH:14]=[CH:13][C:10]=6[CH:11]=[CH:12]2)[C:29]=7[C:38]=8[CH:37]=[CH:36][CH:35]=[CH:34][C:33]=8[CH:32]=[CH:31][CH:30]=7.Br.Br.[K+].[K+].[K+].[O-]P([O-])([O-])=O.[OH-].[OH-].[OH-].[OH-].[OH-].[OH-].[OH-].[OH-],False,False,unbalanced,
577,['golden_dataset_1662'],['golden_dataset'],[CH2:22]1[CH2:21][N:20]=[C:19]2[N:24]([CH2:25][CH2:26][CH2:16][CH2:17][CH2:18]2)[CH2:23]1.[CH:36]=1[N:37]=[CH:38][N:34]([CH:35]=1)[C:28]([N:29]2[CH:33]=[N:32][CH:31]=[CH:30]2)=[O:27].[CH3:9][C:8]([CH3:10])([CH3:11])[OH:7].[O:6]=[C:5]([OH:39])[C:4]1=[C:12]([Cl:13])[CH:14]=[CH:15][C:2]([Br:1])=[CH:3]1>>[CH3:9][C:8]([CH3:10])([CH3:11])[O:7][C:5]([C:4]=1[CH:3]=[C:2]([Br:1])[CH:15]=[CH:14][C:12]=1[Cl:13])=[O:6],[CH2:22]1[CH2:21][N:20]=[C:19]2[N:24]([CH2:25][CH2:26][CH2:16][CH2:17][CH2:18]2)[CH2:23]1.[CH:36]=1[N:37]=[CH:38][N:34]([CH:35]=1)[C:28]([N:29]2[CH:33]=[N:32][CH:31]=[CH:30]2)=[O:27].[CH3:9][C:8]([CH3:10])([CH3:11])[OH:7].[O:6]=[C:5]([OH:39])[C:4]1=[C:12]([Cl:13])[CH:14]=[CH:15][C:2]([Br:1])=[CH:3]1>>[CH3:9][C:8]([CH3:10])([CH3:11])[O:7][C:5]([C:4]=1[CH:3]=[C:2]([Br:1])[CH:15]=[CH:14][C:12]=1[Cl:13])=[O:6].[CH2:16]1[CH2:17][CH2:18][C:19]2=[N:20][CH2:21][CH2:22][CH2:23][N:24]2[CH2:25][CH2:26]1.[O:27]=[C:28]([n:29]1[cH:30][cH:31][n:32][cH:33]1)[n:34]1[cH:35][cH:36][n:37][cH:38]1.[OH2:7],[],[CH2:22]1[CH2:21][N:20]=[C:19]2[N:24]([CH2:25][CH2:26][CH2:16][CH2:17][CH2:18]2)[CH2:23]1.[CH:36]=1[N:37]=[CH:38][N:34]([CH:35]=1)[C:28]([N:29]2[CH:33]=[N:32][CH:31]=[CH:30]2)=[O:27].[CH3:9][C:8]([CH3:10])([CH3:11])[OH:7].[O:6]=[C:5]([OH:39])[C:4]1=[C:12]([Cl:13])[CH:14]=[CH:15][C:2]([Br:1])=[CH:3]1>>[CH3:9][C:8]([CH3:10])([CH3:11])[O:7][C:5]([C:4]=1[CH:3]=[C:2]([Br:1])[CH:15]=[CH:14][C:12]=1[Cl:13])=[O:6].[CH2:22]1[CH2:21][N:20]=[C:19]2[N:24]([CH2:25][CH2:26][CH2:16][CH2:17][CH2:18]2)[CH2:23]1.[CH:36]=1[N:37]=[CH:38][N:34]([CH:35]=1)[C:28]([N:29]2[CH:33]=[N:32][CH:31]=[CH:30]2)=[O:27],False,False,unbalanced,
579,['golden_dataset_1664'],['golden_dataset'],[CH2:21]1[C:22]2=[C:27]([CH2:28][N:20]1[CH2:19][C:14]3=[CH:13][C:12](=[CH:17][CH:16]=[C:15]3[Cl:18])[CH:3]4[CH:2]([O:1][C:39]([CH3:50])=[O:49])[CH:7]([CH:6]([CH:5]([CH2:10][O:11][C:46](=[O:47])[CH3:48])[O:4]4)[O:9][C:43](=[O:44])[CH3:45])[O:8][C:40](=[O:41])[CH3:42])[CH:26]=[CH:25][CH:24]=[CH:23]2.[OH:32][CH2:31][CH:30]1[O:29][CH:38]=[CH:37][CH:35]([OH:36])[CH:33]1[OH:34]>>[CH:24]=1[CH:25]=[CH:26][C:27]=2[CH2:28][N:20]([CH2:21][C:22]=2[CH:23]=1)[CH2:19][C:14]=3[C:15]([Cl:18])=[CH:16][CH:17]=[C:12]([CH:3]4[CH:2]([CH:7]([OH:8])[CH:6]([CH:5]([CH2:10][OH:11])[O:4]4)[OH:9])[OH:1])[CH:13]=3,C1C2=C(CN1CC3=CC(=CC=C3Cl)C4C(OC(C)=O)C(C(C(COC(=O)C)O4)OC(=O)C)OC(=O)C)C=CC=C2.OCC1OC=CC(O)C1O.O.O.O.O>>C=1C=CC=2CN(CC=2C=1)CC=3C(Cl)=CC=C(C4C(C(O)C(C(CO)O4)O)O)C=3.CC(=O)O.CC(=O)O.CC(=O)O.CC(=O)O.OCC1OC=CC(O)C1O,[],[CH2:21]1[C:22]2=[C:27]([CH2:28][N:20]1[CH2:19][C:14]3=[CH:13][C:12](=[CH:17][CH:16]=[C:15]3[Cl:18])[CH:3]4[CH:2]([O:1][C:39]([CH3:50])=[O:49])[CH:7]([CH:6]([CH:5]([CH2:10][O:11][C:46](=[O:47])[CH3:48])[O:4]4)[O:9][C:43](=[O:44])[CH3:45])[O:8][C:40](=[O:41])[CH3:42])[CH:26]=[CH:25][CH:24]=[CH:23]2.[OH:32][CH2:31][CH:30]1[O:29][CH:38]=[CH:37][CH:35]([OH:36])[CH:33]1[OH:34]>>[CH:24]=1[CH:25]=[CH:26][C:27]=2[CH2:28][N:20]([CH2:21][C:22]=2[CH:23]=1)[CH2:19][C:14]=3[C:15]([Cl:18])=[CH:16][CH:17]=[C:12]([CH:3]4[CH:2]([CH:7]([OH:8])[CH:6]([CH:5]([CH2:10][OH:11])[O:4]4)[OH:9])[OH:1])[CH:13]=3.CC(=O)O.CC(=O)O.CC(=O)O.CC(=O)O,False,False,unbalanced,
581,['golden_dataset_1666'],['golden_dataset'],[CH3:39][C:38](=[O:40])[O:37][CH2:36][CH3:35].[CH3:2][C:1]([CH3:3])([CH3:4])[O:5][C:6](=[O:34])[CH2:7][CH2:8][C:9]=1[C:10](=[CH:12][C:13](=[CH:32][CH:33]=1)[C:14](=[O:15])[N:16]2[C:17]3=[C:18]([CH:28]=[CH:29][CH:30]=[CH:31]3)[NH:19][C:21]4=[C:22]([CH2:27]2)[CH:23]=[N:24][N:25]4[CH3:26])[CH3:11].[I:41][CH3:20].[H-:42].[Na+:43]>>[CH3:2][C:1]([CH3:3])([CH3:4])[O:5][C:6](=[O:34])[CH2:7][CH2:8][C:9]=1[C:10](=[CH:12][C:13](=[CH:32][CH:33]=1)[C:14](=[O:15])[N:16]2[C:17]=3[CH:31]=[CH:30][CH:29]=[CH:28][C:18]=3[N:19]([CH3:20])[C:21]=4[N:25]([N:24]=[CH:23][C:22]=4[CH2:27]2)[CH3:26])[CH3:11],nan,"['Cc1cc(C(=O)N2Cc3cnn(C)c3Nc3ccccc32)ccc1CCC(=O)OC(C)(C)C.CCOC(C)=O.CI.[Na+].[H-].O>>Cc1cc(C(=O)N2Cc3cnn(C)c3N(C)c3ccccc32)ccc1CCC(=O)OC(C)(C)C.CC(=O)OCO.CI.[Na+].[H-]', 'Cc1cc(C(=O)N2Cc3cnn(C)c3Nc3ccccc32)ccc1CCC(=O)OC(C)(C)C.CCOC(C)=O.CI.[Na+].[H-]>>Cc1cc(C(=O)N2Cc3cnn(C)c3N(C)c3ccccc32)ccc1CCC(=O)OC(C)(C)C.CC(=O)OCO.CI.[Na+].[H-]']",[CH3:39][C:38](=[O:40])[O:37][CH2:36][CH3:35].[CH3:2][C:1]([CH3:3])([CH3:4])[O:5][C:6](=[O:34])[CH2:7][CH2:8][C:9]=1[C:10](=[CH:12][C:13](=[CH:32][CH:33]=1)[C:14](=[O:15])[N:16]2[C:17]3=[C:18]([CH:28]=[CH:29][CH:30]=[CH:31]3)[NH:19][C:21]4=[C:22]([CH2:27]2)[CH:23]=[N:24][N:25]4[CH3:26])[CH3:11].[I:41][CH3:20].[H-:42].[Na+:43]>>[CH3:2][C:1]([CH3:3])([CH3:4])[O:5][C:6](=[O:34])[CH2:7][CH2:8][C:9]=1[C:10](=[CH:12][C:13](=[CH:32][CH:33]=1)[C:14](=[O:15])[N:16]2[C:17]=3[CH:31]=[CH:30][CH:29]=[CH:28][C:18]=3[N:19]([CH3:20])[C:21]=4[N:25]([N:24]=[CH:23][C:22]=4[CH2:27]2)[CH3:26])[CH3:11].[Na+].[I-].[CH3:39][C:38](=[O:40])[O-:37].[CH3:36][CH3:35],False,False,unbalanced,
583,['golden_dataset_1670'],['golden_dataset'],[C:24]([CH3:23])(=[O:25])[OH:26].[ClH:58].[O:43]=[S:42](=[O:44])([C:45]1=[CH:46][CH:47]=[C:48]([CH:50]=[CH:51]1)[CH3:49])[N:41]2[C:40]3=[CH:39][CH:38]=[CH:37][CH:36]=[C:35]3[C:33](=[O:34])[CH:32]([C:30]([O:29][CH2:28][CH3:27])=[O:31])[CH2:53][CH2:52]2.[O:8]=[S:7](=[O:9])([C:10]=1[CH:16]=[CH:15][C:13](=[CH:12][CH:11]=1)[CH3:14])[N:6]2[C:5]3=[C:4]([CH:22]=[CH:21][CH:20]=[CH:19]3)[C:2](=[O:3])[CH:1]([CH2:18][CH2:17]2)[C:56]([O:55][CH3:54])=[O:57]>>[O:8]=[S:7](=[O:9])([N:6]1[C:5]=2[CH:19]=[CH:20][CH:21]=[CH:22][C:4]=2[C:2](=[O:3])[CH2:1][CH2:18][CH2:17]1)[C:10]3=[CH:11][CH:12]=[C:13]([CH3:14])[CH:15]=[CH:16]3,C(C)(=O)O.Cl.O=S(=O)(C1=CC=C(C=C1)C)N2C3=CC=CC=C3C(=O)C(C(OCC)=O)CC2.O=S(=O)(C=1C=CC(=CC=1)C)N2C3=C(C=CC=C3)C(=O)C(CC2)C(OC)=O.O>>O=S(=O)(N1C=2C=CC=CC=2C(=O)CCC1)C3=CC=C(C)C=C3.CC(=O)O.CCOC(=O)O.COC(=O)C1CCN(S(=O)(=O)c2ccc(C)cc2)c2ccccc2C1=O.Cl,[],[C:24]([CH3:23])(=[O:25])[OH:26].[ClH:58].[O:43]=[S:42](=[O:44])([C:45]1=[CH:46][CH:47]=[C:48]([CH:50]=[CH:51]1)[CH3:49])[N:41]2[C:40]3=[CH:39][CH:38]=[CH:37][CH:36]=[C:35]3[C:33](=[O:34])[CH:32]([C:30]([O:29][CH2:28][CH3:27])=[O:31])[CH2:53][CH2:52]2.[O:8]=[S:7](=[O:9])([C:10]=1[CH:16]=[CH:15][C:13](=[CH:12][CH:11]=1)[CH3:14])[N:6]2[C:5]3=[C:4]([CH:22]=[CH:21][CH:20]=[CH:19]3)[C:2](=[O:3])[CH:1]([CH2:18][CH2:17]2)[C:56]([O:55][CH3:54])=[O:57]>>[O:8]=[S:7](=[O:9])([N:6]1[C:5]=2[CH:19]=[CH:20][CH:21]=[CH:22][C:4]=2[C:2](=[O:3])[CH2:1][CH2:18][CH2:17]1)[C:10]3=[CH:11][CH:12]=[C:13]([CH3:14])[CH:15]=[CH:16]3.[O:43]=[S:42](=[O:44])([C:45]1=[CH:46][CH:47]=[C:48]([CH:50]=[CH:51]1)[CH3:49])[N:41]2[C:40]3=[CH:39][CH:38]=[CH:37][CH:36]=[C:35]3[C:33](=[O:34])[CH:32]([C:30]([O:29][CH2:28][CH3:27])=[O:31])[CH2:53][CH2:52]2.[Cl-].[Na+],False,False,unbalanced,
584,['golden_dataset_1671'],['golden_dataset'],[CH2:18]1[CH2:19][CH2:20][CH2:21][CH:17]1[N:16]2[CH2:15][C:12]([F:13])([F:14])[C:10](=[O:11])[NH:8][C:5]=3[CH:6]=[N:7][C:2](=[N:3][C:4]2=3)[Cl:1].[CH3:22][Si:23]([CH3:24])([CH3:25])[N-:26][Si:27]([CH3:28])([CH3:29])[CH3:30].[I:31][CH3:9].[Na+:32]>>[CH2:18]1[CH2:19][CH2:20][CH2:21][CH:17]1[N:16]2[C:4]3=[C:5]([CH:6]=[N:7][C:2]([Cl:1])=[N:3]3)[N:8]([CH3:9])[C:10]([C:12]([F:13])([F:14])[CH2:15]2)=[O:11],C1CCCC1N2CC(F)(F)C(=O)NC=3C=NC(=NC2=3)Cl.C[Si](C)(C)[N-][Si](C)(C)C.IC.[Na+].[O]>>C1CCCC1N2C3=C(C=NC(Cl)=N3)N(C)C(C(F)(F)C2)=O.CI.C[Si](C)(C)[N-][Si](C)(C)O.[Na+],[],[CH2:18]1[CH2:19][CH2:20][CH2:21][CH:17]1[N:16]2[CH2:15][C:12]([F:13])([F:14])[C:10](=[O:11])[NH:8][C:5]=3[CH:6]=[N:7][C:2](=[N:3][C:4]2=3)[Cl:1].[CH3:22][Si:23]([CH3:24])([CH3:25])[N-:26][Si:27]([CH3:28])([CH3:29])[CH3:30].[I:31][CH3:9].[Na+:32]>>[CH2:18]1[CH2:19][CH2:20][CH2:21][CH:17]1[N:16]2[C:4]3=[C:5]([CH:6]=[N:7][C:2]([Cl:1])=[N:3]3)[N:8]([CH3:9])[C:10]([C:12]([F:13])([F:14])[CH2:15]2)=[O:11].[CH3:22][Si:23]([CH3:24])([CH3:25])[N:26][Si:27]([CH3:28])([CH3:29])[CH3:30].[Na+:32].[I-:31],False,False,unbalanced,
586,['golden_dataset_1674'],['golden_dataset'],[ClH:38].[F:28][C:27]([F:29])([F:30])[CH:26]([CH:25]([NH2:24])[C:32]=1[CH:37]=[CH:36][CH:35]=[CH:34][CH:33]=1)[OH:31].[F:17][C:16]([F:18])([F:19])[CH:15]([OH:20])[CH2:14][N:13]1[C:21](=[O:22])[N:3]([CH2:2][C:1](=[O:23])[NH:46][CH:45]([C:47]=2[C:52](=[CH:51][CH:50]=[CH:49][CH:48]=2)[F:53])[CH2:44][CH2:43][O:42][C:40]([NH2:39])=[O:41])[N:4]=[C:5]1[C:6]=3[CH:12]=[CH:11][C:9](=[CH:8][CH:7]=3)[Cl:10]>>[F:28][C:27]([F:29])([F:30])[CH:26]([CH:25]([C:32]1=[CH:33][CH:34]=[CH:35][CH:36]=[CH:37]1)[NH:24][C:1](=[O:23])[CH2:2][N:3]2[C:21](=[O:22])[N:13]([CH2:14][CH:15]([OH:20])[C:16]([F:17])([F:18])[F:19])[C:5]([C:6]=3[CH:12]=[CH:11][C:9](=[CH:8][CH:7]=3)[Cl:10])=[N:4]2)[OH:31],nan,['NC(=O)OCCC(NC(=O)Cn1nc(-c2ccc(Cl)cc2)n(CC(O)C(F)(F)F)c1=O)c1ccccc1F.NC(c1ccccc1)C(O)C(F)(F)F.Cl>>O=C(Cn1nc(-c2ccc(Cl)cc2)n(CC(O)C(F)(F)F)c1=O)NC(c1ccccc1)C(O)C(F)(F)F'],[ClH:38].[F:28][C:27]([F:29])([F:30])[CH:26]([CH:25]([NH2:24])[C:32]=1[CH:37]=[CH:36][CH:35]=[CH:34][CH:33]=1)[OH:31].[F:17][C:16]([F:18])([F:19])[CH:15]([OH:20])[CH2:14][N:13]1[C:21](=[O:22])[N:3]([CH2:2][C:1](=[O:23])[NH:46][CH:45]([C:47]=2[C:52](=[CH:51][CH:50]=[CH:49][CH:48]=2)[F:53])[CH2:44][CH2:43][O:42][C:40]([NH2:39])=[O:41])[N:4]=[C:5]1[C:6]=3[CH:12]=[CH:11][C:9](=[CH:8][CH:7]=3)[Cl:10]>>[F:28][C:27]([F:29])([F:30])[CH:26]([CH:25]([C:32]1=[CH:33][CH:34]=[CH:35][CH:36]=[CH:37]1)[NH:24][C:1](=[O:23])[CH2:2][N:3]2[C:21](=[O:22])[N:13]([CH2:14][CH:15]([OH:20])[C:16]([F:17])([F:18])[F:19])[C:5]([C:6]=3[CH:12]=[CH:11][C:9](=[CH:8][CH:7]=3)[Cl:10])=[N:4]2)[OH:31].[F:53][C:47]1=[CH:48][CH:49]=[CH:50][CH:51]=[C:52]1[CH:45]1[CH2:44][CH2:43][O:42][C:40](=[O:41])[NH:39]1.[Cl:10][C:9]1=[CH:8][CH:7]=[C:6]([C:5]2=[N:4][N:3]([CH2:2][C:1](=[O:23])[NH:46][CH:45]([C:47]=3[C:52](=[CH:51][CH:50]=[CH:49][CH:48]=3)[F:53])[CH2:44][CH2:43][O:42][C:40]([NH2:39])=[O:41])[C:21](=[O:22])[N:13]2[CH2:14][CH:15]([OH:20])[C:16]([F:17])([F:18])[F:19])[CH:12]=[CH:11]1,False,False,unbalanced,
587,['golden_dataset_1675'],['golden_dataset'],[F:31][C:30]([F:32])([F:33])[CH:29]([OH:34])[CH2:28][N:27]1[C:25](=[O:26])[N:8]([N:7]=[C:6]1[C:5]=2[CH:35]=[CH:36][C:2](=[CH:3][CH:4]=2)[Cl:1])[CH2:9][C:10]([NH:48][CH:44]([C:43]3=[CH:42][CH:41]=[CH:40][CH:39]=[C:38]3[CH3:37])[CH2:45][CH2:46][OH:47])=[O:11].[F:16][C:15]([F:17])([F:18])[CH2:14][CH:13]([NH2:12])[C:19]1=[CH:20][CH:21]=[CH:22][CH:23]=[CH:24]1>>[F:31][C:30]([F:32])([F:33])[CH:29]([CH2:28][N:27]1[C:6]([C:5]=2[CH:35]=[CH:36][C:2](=[CH:3][CH:4]=2)[Cl:1])=[N:7][N:8]([CH2:9][C:10](=[O:11])[NH:12][CH:13]([C:19]=3[CH:24]=[CH:23][CH:22]=[CH:21][CH:20]=3)[CH2:14][C:15]([F:16])([F:17])[F:18])[C:25]1=[O:26])[OH:34],nan,['Cc1ccccc1C(CCO)NC(=O)Cn1nc(-c2ccc(Cl)cc2)n(CC(O)C(F)(F)F)c1=O.NC(CC(F)(F)F)c1ccccc1>>O=C(Cn1nc(-c2ccc(Cl)cc2)n(CC(O)C(F)(F)F)c1=O)NC(CC(F)(F)F)c1ccccc1'],[F:31][C:30]([F:32])([F:33])[CH:29]([OH:34])[CH2:28][N:27]1[C:25](=[O:26])[N:8]([N:7]=[C:6]1[C:5]=2[CH:35]=[CH:36][C:2](=[CH:3][CH:4]=2)[Cl:1])[CH2:9][C:10]([NH:48][CH:44]([C:43]3=[CH:42][CH:41]=[CH:40][CH:39]=[C:38]3[CH3:37])[CH2:45][CH2:46][OH:47])=[O:11].[F:16][C:15]([F:17])([F:18])[CH2:14][CH:13]([NH2:12])[C:19]1=[CH:20][CH:21]=[CH:22][CH:23]=[CH:24]1>>[F:31][C:30]([F:32])([F:33])[CH:29]([CH2:28][N:27]1[C:6]([C:5]=2[CH:35]=[CH:36][C:2](=[CH:3][CH:4]=2)[Cl:1])=[N:7][N:8]([CH2:9][C:10](=[O:11])[NH:12][CH:13]([C:19]=3[CH:24]=[CH:23][CH:22]=[CH:21][CH:20]=3)[CH2:14][C:15]([F:16])([F:17])[F:18])[C:25]1=[O:26])[OH:34].[CH3:37][C:38]1=[CH:39][CH:40]=[CH:41][CH:42]=[C:43]1[CH:44]([CH2:45][CH2:46][OH:47])[NH:48],False,False,unbalanced,
591,['golden_dataset_1679'],['golden_dataset'],[CH2:28]1[CH2:29][CH:27]1[N:2]([CH:1]2[CH2:30][CH2:31]2)[C:3]([C:5]=3[N:20]([C:19]=4[C:7](=[C:8]5[N:25]([CH:24]=[N:23][C:9]5=[C:10]([N:11]=[C:12]=[S:17])[N:18]=4)[CH3:26])[CH:6]=3)[CH2:21][CH3:22])=[O:4].[CH3:36][CH:35]([CH3:37])[N:34]([CH:38]([CH3:40])[CH3:39])[CH2:33][CH3:32].[CH3:15][C:14]([NH2:16])=[NH:13].[ClH:53].[N:46](=[N:47][C:48](=[O:49])[O:50][CH2:51][CH3:52])[C:44](=[O:45])[O:43][CH2:42][CH3:41]>>[CH2:28]1[CH2:29][CH:27]1[N:2]([CH:1]2[CH2:30][CH2:31]2)[C:3]([C:5]3=[CH:6][C:7]=4[C:19]([N:20]3[CH2:21][CH3:22])=[N:18][C:10](=[C:9]5[C:8]=4[N:25]([CH3:26])[CH:24]=[N:23]5)[NH:11][C:12]6=[N:13][C:14]([CH3:15])=[N:16][S:17]6)=[O:4],nan,['CCn1c(C(=O)N(C2CC2)C2CC2)cc2c3c(ncn3C)c(N=C=S)nc21.CCOC(=O)N=NC(=O)OCC.CCN(C(C)C)C(C)C.CC(=N)N.Cl>>CCn1c(C(=O)N(C2CC2)C2CC2)cc2c3c(ncn3C)c(Nc3nc(C)ns3)nc21'],[CH2:28]1[CH2:29][CH:27]1[N:2]([CH:1]2[CH2:30][CH2:31]2)[C:3]([C:5]=3[N:20]([C:19]=4[C:7](=[C:8]5[N:25]([CH:24]=[N:23][C:9]5=[C:10]([N:11]=[C:12]=[S:17])[N:18]=4)[CH3:26])[CH:6]=3)[CH2:21][CH3:22])=[O:4].[CH3:36][CH:35]([CH3:37])[N:34]([CH:38]([CH3:40])[CH3:39])[CH2:33][CH3:32].[CH3:15][C:14]([NH2:16])=[NH:13].[ClH:53].[N:46](=[N:47][C:48](=[O:49])[O:50][CH2:51][CH3:52])[C:44](=[O:45])[O:43][CH2:42][CH3:41]>>[CH2:28]1[CH2:29][CH:27]1[N:2]([CH:1]2[CH2:30][CH2:31]2)[C:3]([C:5]3=[CH:6][C:7]=4[C:19]([N:20]3[CH2:21][CH3:22])=[N:18][C:10](=[C:9]5[C:8]=4[N:25]([CH3:26])[CH:24]=[N:23]5)[NH:11][C:12]6=[N:13][C:14]([CH3:15])=[N:16][S:17]6)=[O:4].CCOC(=O)N=NC(=O)OCC.[Cl-].[Cl-].[NH4+],False,False,unbalanced,
592,['golden_dataset_1681'],['golden_dataset'],[CH3:6][C:5]([CH3:8])([CH3:7])[O:4][C:3]([N:2]([CH2:10][CH2:11][O:12][CH:13]([CH3:14])[CH3:15])[N:1]1[C:27]([C:26]2=[CH:25][CH:24]=[CH:23][CH:22]=[C:21]2[C:20]1=[O:19])=[O:28])=[O:9].[NH2:18][NH:17][CH3:16]>>[CH3:6][C:5]([CH3:8])([CH3:7])[O:4][C:3]([N:2]([NH2:1])[CH2:10][CH2:11][O:12][CH:13]([CH3:14])[CH3:15])=[O:9],CC(C)(C)OC(N(CCOC(C)C)N1C(C2=CC=CC=C2C1=O)=O)=O.NNC.O.O>>CC(C)(C)OC(N(N)CCOC(C)C)=O.CNN.O=C(O)c1ccccc1C(=O)O,[],[CH3:6][C:5]([CH3:8])([CH3:7])[O:4][C:3]([N:2]([CH2:10][CH2:11][O:12][CH:13]([CH3:14])[CH3:15])[N:1]1[C:27]([C:26]2=[CH:25][CH:24]=[CH:23][CH:22]=[C:21]2[C:20]1=[O:19])=[O:28])=[O:9].[NH2:18][NH:17][CH3:16]>>[CH3:6][C:5]([CH3:8])([CH3:7])[O:4][C:3]([N:2]([NH2:1])[CH2:10][CH2:11][O:12][CH:13]([CH3:14])[CH3:15])=[O:9].O=C1Nc2ccccc2C1=O,False,False,unbalanced,
593,['golden_dataset_1682'],['golden_dataset'],[CH3:6][C:5]([CH3:8])([CH3:7])[O:4][C:3](=[O:9])[N:2]([CH2:10][CH3:11])[N:1]1[C:16](=[O:15])[C:17]2=[CH:18][CH:19]=[CH:20][CH:21]=[C:22]2[C:23]1=[O:24].[NH2:14][NH:13][CH3:12]>>[CH3:6][C:5]([CH3:8])([CH3:7])[O:4][C:3](=[O:9])[N:2]([NH2:1])[CH2:10][CH3:11],CC(C)(C)OC(=O)N(CC)N1C(=O)C2=CC=CC=C2C1=O.NNC.O.O>>CC(C)(C)OC(=O)N(N)CC.CNN.O=C(O)c1ccccc1C(=O)O,[],[CH3:6][C:5]([CH3:8])([CH3:7])[O:4][C:3](=[O:9])[N:2]([CH2:10][CH3:11])[N:1]1[C:16](=[O:15])[C:17]2=[CH:18][CH:19]=[CH:20][CH:21]=[C:22]2[C:23]1=[O:24].[NH2:14][NH:13][CH3:12]>>[CH3:6][C:5]([CH3:8])([CH3:7])[O:4][C:3](=[O:9])[N:2]([NH2:1])[CH2:10][CH3:11].O=C1NNC(=O)c2ccccc21,False,False,unbalanced,
594,['golden_dataset_1683'],['golden_dataset'],[CH2:33]1[CH2:34][CH:32]1[N:2]([CH:1]2[CH2:35][CH2:36]2)[C:3]([C:5]3=[CH:6][C:7]4=[C:8]5[C:9](=[C:10]([NH:11][C:12]=6[CH:22]=[C:16]([N:14]([N:13]=6)[CH3:15])[C:17](=[O:18])[OH:66])[N:23]=[C:24]4[N:25]3[CH2:26][CH3:27])[N:28]=[CH:29][N:30]5[CH3:31])=[O:4].[CH2:37]1[CH2:38][CH2:39][O:40][CH2:41]1.[CH3:20][NH:19][CH3:21].[CH3:57][N+:56]([CH3:58])=[C:45]([O:46][N:47]1[N:48]=[N:49][C:50]2=[CH:51][CH:52]=[CH:53][N:54]=[C:55]12)[N:43]([CH3:42])[CH3:44].[F:64][P-:60]([F:65])([F:59])([F:61])([F:62])[F:63]>>[CH2:33]1[CH2:34][CH:32]1[N:2]([CH:1]2[CH2:35][CH2:36]2)[C:3](=[O:4])[C:5]3=[CH:6][C:7]=4[C:24](=[N:23][C:10]([NH:11][C:12]5=[N:13][N:14]([CH3:15])[C:16]([C:17]([N:19]([CH3:20])[CH3:21])=[O:18])=[CH:22]5)=[C:9]6[N:28]=[CH:29][N:30]([CH3:31])[C:8]=46)[N:25]3[CH2:26][CH3:27],[CH2:33]1[CH2:34][CH:32]1[N:2]([CH:1]2[CH2:35][CH2:36]2)[C:3]([C:5]3=[CH:6][C:7]4=[C:8]5[C:9](=[C:10]([NH:11][C:12]=6[CH:22]=[C:16]([N:14]([N:13]=6)[CH3:15])[C:17](=[O:18])[OH:66])[N:23]=[C:24]4[N:25]3[CH2:26][CH3:27])[N:28]=[CH:29][N:30]5[CH3:31])=[O:4].[CH2:37]1[CH2:38][CH2:39][O:40][CH2:41]1.[CH3:20][NH:19][CH3:21].[CH3:57][N+:56]([CH3:58])=[C:45]([O:46][N:47]1[N:48]=[N:49][C:50]2=[CH:51][CH:52]=[CH:53][N:54]=[C:55]12)[N:43]([CH3:42])[CH3:44].[F:64][P-:60]([F:65])([F:59])([F:61])([F:62])[F:63]>>[CH2:33]1[CH2:34][CH:32]1[N:2]([CH:1]2[CH2:35][CH2:36]2)[C:3](=[O:4])[C:5]3=[CH:6][C:7]=4[C:24](=[N:23][C:10]([NH:11][C:12]5=[N:13][N:14]([CH3:15])[C:16]([C:17]([N:19]([CH3:20])[CH3:21])=[O:18])=[CH:22]5)=[C:9]6[N:28]=[CH:29][N:30]([CH3:31])[C:8]=46)[N:25]3[CH2:26][CH3:27].[CH2:37]1[CH2:38][CH2:39][O:40][CH2:41]1.[CH3:42][N:43]([CH3:44])[C:45]([O:46][n:47]1[n:48][n:49][c:50]2[cH:51][cH:52][cH:53][n:54][c:55]12)=[N+:56]([CH3:57])[CH3:58].[F:59][P-:60]([F:61])([F:62])([F:63])([F:64])[F:65].[OH2:66],['CCn1c(C(=O)N(C2CC2)C2CC2)cc2c3c(ncn3C)c(Nc3cc(C(=O)O)n(C)n3)nc21.CN(C)C(On1nnc2cccnc21)=[N+](C)C.F[P-](F)(F)(F)(F)F.C1CCOC1.CNC>>CCn1c(C(=O)N(C2CC2)C2CC2)cc2c3c(ncn3C)c(Nc3cc(C(=O)N(C)C)n(C)n3)nc21.F[P-](F)(F)(F)(F)F.C[N+](C)=C(O)On1nnc2cccnc21.C1CCOC1.CNC'],[CH2:33]1[CH2:34][CH:32]1[N:2]([CH:1]2[CH2:35][CH2:36]2)[C:3]([C:5]3=[CH:6][C:7]4=[C:8]5[C:9](=[C:10]([NH:11][C:12]=6[CH:22]=[C:16]([N:14]([N:13]=6)[CH3:15])[C:17](=[O:18])[OH:66])[N:23]=[C:24]4[N:25]3[CH2:26][CH3:27])[N:28]=[CH:29][N:30]5[CH3:31])=[O:4].[CH2:37]1[CH2:38][CH2:39][O:40][CH2:41]1.[CH3:20][NH:19][CH3:21].[CH3:57][N+:56]([CH3:58])=[C:45]([O:46][N:47]1[N:48]=[N:49][C:50]2=[CH:51][CH:52]=[CH:53][N:54]=[C:55]12)[N:43]([CH3:42])[CH3:44].[F:64][P-:60]([F:65])([F:59])([F:61])([F:62])[F:63]>>[CH2:33]1[CH2:34][CH:32]1[N:2]([CH:1]2[CH2:35][CH2:36]2)[C:3](=[O:4])[C:5]3=[CH:6][C:7]=4[C:24](=[N:23][C:10]([NH:11][C:12]5=[N:13][N:14]([CH3:15])[C:16]([C:17]([N:19]([CH3:20])[CH3:21])=[O:18])=[CH:22]5)=[C:9]6[N:28]=[CH:29][N:30]([CH3:31])[C:8]=46)[N:25]3[CH2:26][CH3:27].[CH2:37]1[CH2:38][CH2:39][O:40][CH2:41]1.[CH3:57][N+:56]([CH3:58])=[C:45]([O:46][N:47]1[N:48]=[N:49][C:50]2=[CH:51][CH:52]=[CH:53][N:54]=[C:55]12)[N:43]([CH3:42])[CH3:44].[F:64][P-:60]([F:65])([F:59])([F:61])([F:62])[F:63].[OH:66],False,False,unbalanced,
595,['golden_dataset_1684'],['golden_dataset'],[CH2:33]1[CH2:34][CH:32]1[N:2]([CH:1]2[CH2:35][CH2:36]2)[C:3]([C:5]3=[CH:6][C:7]=4[C:24](=[N:23][C:10](=[C:9]5[N:28]=[CH:29][N:30]([CH3:31])[C:8]=45)[NH:11][C:12]6=[N:13][C:14](=[C:16]([C:17]([OH:69])=[O:18])[S:22]6)[CH3:15])[N:25]3[CH2:26][CH3:27])=[O:4].[CH3:54][C:55]=1[N:61]=[C:59]([CH:58]=[CH:57][CH:56]=1)[CH3:60].[CH3:20][NH:19][CH3:21].[CH3:52][N+:51]([CH3:53])=[C:40]([O:41][N:42]1[N:43]=[N:44][C:45]2=[CH:46][CH:47]=[CH:48][N:49]=[C:50]12)[N:38]([CH3:37])[CH3:39].[F:64][P-:63]([F:65])([F:66])([F:67])([F:68])[F:62]>>[CH2:33]1[CH2:34][CH:32]1[N:2]([CH:1]2[CH2:35][CH2:36]2)[C:3]([C:5]=3[N:25]([C:24]4=[N:23][C:10](=[C:9]5[C:8]([N:30]([CH:29]=[N:28]5)[CH3:31])=[C:7]4[CH:6]=3)[NH:11][C:12]=6[S:22][C:16](=[C:14]([N:13]=6)[CH3:15])[C:17]([N:19]([CH3:20])[CH3:21])=[O:18])[CH2:26][CH3:27])=[O:4],[CH2:33]1[CH2:34][CH:32]1[N:2]([CH:1]2[CH2:35][CH2:36]2)[C:3]([C:5]3=[CH:6][C:7]=4[C:24](=[N:23][C:10](=[C:9]5[N:28]=[CH:29][N:30]([CH3:31])[C:8]=45)[NH:11][C:12]6=[N:13][C:14](=[C:16]([C:17]([OH:69])=[O:18])[S:22]6)[CH3:15])[N:25]3[CH2:26][CH3:27])=[O:4].[CH3:54][C:55]=1[N:61]=[C:59]([CH:58]=[CH:57][CH:56]=1)[CH3:60].[CH3:20][NH:19][CH3:21].[CH3:52][N+:51]([CH3:53])=[C:40]([O:41][N:42]1[N:43]=[N:44][C:45]2=[CH:46][CH:47]=[CH:48][N:49]=[C:50]12)[N:38]([CH3:37])[CH3:39].[F:64][P-:63]([F:65])([F:66])([F:67])([F:68])[F:62]>>[CH2:33]1[CH2:34][CH:32]1[N:2]([CH:1]2[CH2:35][CH2:36]2)[C:3]([C:5]=3[N:25]([C:24]4=[N:23][C:10](=[C:9]5[C:8]([N:30]([CH:29]=[N:28]5)[CH3:31])=[C:7]4[CH:6]=3)[NH:11][C:12]=6[S:22][C:16](=[C:14]([N:13]=6)[CH3:15])[C:17]([N:19]([CH3:20])[CH3:21])=[O:18])[CH2:26][CH3:27])=[O:4].[CH3:37][N:38]([CH3:39])[C:40]([O:41][n:42]1[n:43][n:44][c:45]2[cH:46][cH:47][cH:48][n:49][c:50]12)=[N+:51]([CH3:52])[CH3:53].[CH3:54][c:55]1[cH:56][cH:57][cH:58][c:59]([CH3:60])[n:61]1.[F:62][P-:63]([F:64])([F:65])([F:66])([F:67])[F:68].[OH2:69],['CCn1c(C(=O)N(C2CC2)C2CC2)cc2c3c(ncn3C)c(Nc3nc(C)c(C(=O)O)s3)nc21.CN(C)C(On1nnc2cccnc21)=[N+](C)C.F[P-](F)(F)(F)(F)F.CNC.Cc1cccc(C)n1>>CCn1c(C(=O)N(C2CC2)C2CC2)cc2c3c(ncn3C)c(Nc3nc(C)c(C(=O)N(C)C)s3)nc21'],[CH2:33]1[CH2:34][CH:32]1[N:2]([CH:1]2[CH2:35][CH2:36]2)[C:3]([C:5]3=[CH:6][C:7]=4[C:24](=[N:23][C:10](=[C:9]5[N:28]=[CH:29][N:30]([CH3:31])[C:8]=45)[NH:11][C:12]6=[N:13][C:14](=[C:16]([C:17]([OH:69])=[O:18])[S:22]6)[CH3:15])[N:25]3[CH2:26][CH3:27])=[O:4].[CH3:54][C:55]=1[N:61]=[C:59]([CH:58]=[CH:57][CH:56]=1)[CH3:60].[CH3:20][NH:19][CH3:21].[CH3:52][N+:51]([CH3:53])=[C:40]([O:41][N:42]1[N:43]=[N:44][C:45]2=[CH:46][CH:47]=[CH:48][N:49]=[C:50]12)[N:38]([CH3:37])[CH3:39].[F:64][P-:63]([F:65])([F:66])([F:67])([F:68])[F:62]>>[CH2:33]1[CH2:34][CH:32]1[N:2]([CH:1]2[CH2:35][CH2:36]2)[C:3]([C:5]=3[N:25]([C:24]4=[N:23][C:10](=[C:9]5[C:8]([N:30]([CH:29]=[N:28]5)[CH3:31])=[C:7]4[CH:6]=3)[NH:11][C:12]=6[S:22][C:16](=[C:14]([N:13]=6)[CH3:15])[C:17]([N:19]([CH3:20])[CH3:21])=[O:18])[CH2:26][CH3:27])=[O:4].[CH3:54][C:55]=1[N:61]=[C:59]([CH:58]=[CH:57][CH:56]=1)[CH3:60].[CH3:52][N+:51]([CH3:53])=[C:40]([O:41][N:42]1[N:43]=[N:44][C:45]2=[CH:46][CH:47]=[CH:48][N:49]=[C:50]12)[N:38]([CH3:37])[CH3:39].[F:64][P-:63]([F:65])([F:66])([F:67])([F:68])[F:62].[OH:69][H],True,True,balanced,
596,['golden_dataset_1685'],['golden_dataset'],[CH2:33]1[CH2:34][CH:32]1[N:2]([CH:1]2[CH2:35][CH2:36]2)[C:3]([C:5]3=[CH:6][C:7]=4[C:24]([N:25]3[CH2:26][CH3:27])=[N:23][C:10]([NH:11][C:12]=5[S:22][C:20](=[C:14]([C:15]([OH:61])=[O:16])[N:13]=5)[CH3:21])=[C:9]6[N:28]=[CH:29][N:30]([CH3:31])[C:8]=46)=[O:4].[CH3:18][NH:17][CH3:19].[CH3:52][N+:51]([CH3:53])=[C:40]([O:41][N:42]1[N:43]=[N:44][C:45]2=[CH:46][CH:47]=[CH:48][N:49]=[C:50]12)[N:38]([CH3:37])[CH3:39].[F:54][P-:55]([F:56])([F:57])([F:58])([F:59])[F:60]>>[CH2:33]1[CH2:34][CH:32]1[N:2]([CH:1]2[CH2:35][CH2:36]2)[C:3]([C:5]=3[N:25]([C:24]4=[N:23][C:10](=[C:9]5[N:28]=[CH:29][N:30]([C:8]5=[C:7]4[CH:6]=3)[CH3:31])[NH:11][C:12]=6[S:22][C:20](=[C:14]([N:13]=6)[C:15]([N:17]([CH3:18])[CH3:19])=[O:16])[CH3:21])[CH2:26][CH3:27])=[O:4],[CH2:33]1[CH2:34][CH:32]1[N:2]([CH:1]2[CH2:35][CH2:36]2)[C:3]([C:5]3=[CH:6][C:7]=4[C:24]([N:25]3[CH2:26][CH3:27])=[N:23][C:10]([NH:11][C:12]=5[S:22][C:20](=[C:14]([C:15]([OH:61])=[O:16])[N:13]=5)[CH3:21])=[C:9]6[N:28]=[CH:29][N:30]([CH3:31])[C:8]=46)=[O:4].[CH3:18][NH:17][CH3:19].[CH3:52][N+:51]([CH3:53])=[C:40]([O:41][N:42]1[N:43]=[N:44][C:45]2=[CH:46][CH:47]=[CH:48][N:49]=[C:50]12)[N:38]([CH3:37])[CH3:39].[F:54][P-:55]([F:56])([F:57])([F:58])([F:59])[F:60]>>[CH2:33]1[CH2:34][CH:32]1[N:2]([CH:1]2[CH2:35][CH2:36]2)[C:3]([C:5]=3[N:25]([C:24]4=[N:23][C:10](=[C:9]5[N:28]=[CH:29][N:30]([C:8]5=[C:7]4[CH:6]=3)[CH3:31])[NH:11][C:12]=6[S:22][C:20](=[C:14]([N:13]=6)[C:15]([N:17]([CH3:18])[CH3:19])=[O:16])[CH3:21])[CH2:26][CH3:27])=[O:4].[CH3:37][N:38]([CH3:39])[C:40]([O:41][n:42]1[n:43][n:44][c:45]2[cH:46][cH:47][cH:48][n:49][c:50]12)=[N+:51]([CH3:52])[CH3:53].[F:54][P-:55]([F:56])([F:57])([F:58])([F:59])[F:60].[OH2:61],['CCn1c(C(=O)N(C2CC2)C2CC2)cc2c3c(ncn3C)c(Nc3nc(C(=O)O)c(C)s3)nc21.CN(C)C(On1nnc2cccnc21)=[N+](C)C.F[P-](F)(F)(F)(F)F.CNC>>CCn1c(C(=O)N(C2CC2)C2CC2)cc2c3c(ncn3C)c(Nc3nc(C(=O)N(C)C)c(C)s3)nc21.F[P-](F)(F)(F)(F)F.C[N+](C)=C(O)On1nnc2cccnc21.CNC'],[CH2:33]1[CH2:34][CH:32]1[N:2]([CH:1]2[CH2:35][CH2:36]2)[C:3]([C:5]3=[CH:6][C:7]=4[C:24]([N:25]3[CH2:26][CH3:27])=[N:23][C:10]([NH:11][C:12]=5[S:22][C:20](=[C:14]([C:15]([OH:61])=[O:16])[N:13]=5)[CH3:21])=[C:9]6[N:28]=[CH:29][N:30]([CH3:31])[C:8]=46)=[O:4].[CH3:18][NH:17][CH3:19].[CH3:52][N+:51]([CH3:53])=[C:40]([O:41][N:42]1[N:43]=[N:44][C:45]2=[CH:46][CH:47]=[CH:48][N:49]=[C:50]12)[N:38]([CH3:37])[CH3:39].[F:54][P-:55]([F:56])([F:57])([F:58])([F:59])[F:60]>>[CH2:33]1[CH2:34][CH:32]1[N:2]([CH:1]2[CH2:35][CH2:36]2)[C:3]([C:5]=3[N:25]([C:24]4=[N:23][C:10](=[C:9]5[N:28]=[CH:29][N:30]([C:8]5=[C:7]4[CH:6]=3)[CH3:31])[NH:11][C:12]=6[S:22][C:20](=[C:14]([N:13]=6)[C:15]([N:17]([CH3:18])[CH3:19])=[O:16])[CH3:21])[CH2:26][CH3:27])=[O:4].[CH3:37][NH:38][CH3:39].[CH3:52][N:43]=[N:44][C:45]1=[CH:46][CH:47]=[CH:48][N:49]=[C:50]1[N:42]=[O:41].[F:54][P-:55]([F:56])([F:57])([F:58])([F:59])[F:60].[CH3:53][OH:41],False,False,unbalanced,
598,['golden_dataset_1687'],['golden_dataset'],[C:38]12=[C:43]([CH:42]=[CH:41][CH:40]=[CH:39]1)[C:2](=[O:1])[N:3]([C:36]2=[O:37])[CH2:4][C:5]3=[CH:35][CH:34]=[C:8]4[N:9]=[C:10]([NH:33][C:7]4=[CH:6]3)[CH2:11][C:12]5=[N:16][C:15]6=[CH:17][CH:18]=[C:19]([CH:32]=[C:14]6[NH:13]5)[C:20](=[O:21])[OH:56].[C:61]12=[CH:62][CH:63]=[CH:64][CH:65]=[C:66]1[N:58]([OH:57])[N:59]=[N:60]2.[CH2:48]1[CH2:47][N:46]([CH2:51][CH2:50][O:49]1)[CH3:45].[CH:31]=1[CH:30]=[CH:29][CH:28]=[CH:27][C:26]=1[CH2:25][CH2:24][CH2:23][NH2:22].[ClH:52].[N:53]#[N:54].[OH2:55].[Cl-:67].[Na+:68]>>[C:38]12=[C:43]([CH:42]=[CH:41][CH:40]=[CH:39]1)[C:2](=[O:1])[N:3]([C:36]2=[O:37])[CH2:4][C:5]3=[CH:35][CH:34]=[C:8]4[N:9]=[C:10]([CH2:11][C:12]=5[NH:13][C:14]6=[CH:32][C:19]([C:20]([NH:22][CH2:23][CH2:24][CH2:25][C:26]=7[CH:31]=[CH:30][CH:29]=[CH:28][CH:27]=7)=[O:21])=[CH:18][CH:17]=[C:15]6[N:16]=5)[NH:33][C:7]4=[CH:6]3,C12=C(C=CC=C1)C(=O)N(C2=O)CC3=CC=C4N=C(NC4=C3)CC5=NC6=CC=C(C=C6N5)C(=O)O.C12=CC=CC=C1N(O)N=N2.C1CN(CCO1)C.C=1C=CC=CC=1CCCN.Cl.N#N.O.[Cl-].[Na+]>>C12=C(C=CC=C1)C(=O)N(C2=O)CC3=CC=C4N=C(CC=5NC6=CC(C(NCCCC=7C=CC=CC=7)=O)=CC=C6N=5)NC4=C3.CN1CCOCC1.Cl.N#N.O.O.On1nnc2ccccc21.[Cl-].[Na+],[],[C:38]12=[C:43]([CH:42]=[CH:41][CH:40]=[CH:39]1)[C:2](=[O:1])[N:3]([C:36]2=[O:37])[CH2:4][C:5]3=[CH:35][CH:34]=[C:8]4[N:9]=[C:10]([NH:33][C:7]4=[CH:6]3)[CH2:11][C:12]5=[N:16][C:15]6=[CH:17][CH:18]=[C:19]([CH:32]=[C:14]6[NH:13]5)[C:20](=[O:21])[OH:56].[C:61]12=[CH:62][CH:63]=[CH:64][CH:65]=[C:66]1[N:58]([OH:57])[N:59]=[N:60]2.[CH2:48]1[CH2:47][N:46]([CH2:51][CH2:50][O:49]1)[CH3:45].[CH:31]=1[CH:30]=[CH:29][CH:28]=[CH:27][C:26]=1[CH2:25][CH2:24][CH2:23][NH2:22].[ClH:52].[N:53]#[N:54].[OH2:55].[Cl-:67].[Na+:68]>>[C:38]12=[C:43]([CH:42]=[CH:41][CH:40]=[CH:39]1)[C:2](=[O:1])[N:3]([C:36]2=[O:37])[CH2:4][C:5]3=[CH:35][CH:34]=[C:8]4[N:9]=[C:10]([CH2:11][C:12]=5[NH:13][C:14]6=[CH:32][C:19]([C:20]([NH:22][CH2:23][CH2:24][CH2:25][C:26]=7[CH:31]=[CH:30][CH:29]=[CH:28][CH:27]=7)=[O:21])=[CH:18][CH:17]=[C:15]6[N:16]=5)[NH:33][C:7]4=[CH:6]3.[Na+].[Cl-].[Cl-].[N-]=[N+]=[N-].[N-]=[N+]=[N-].[OH-].[OH-].[OH-].[OH-].[C]1[CH][CH][CH][CH][CH]1.[C]1[CH][CH][CH][CH][CH]1.[C]1[CH][CH][CH][CH][CH]1.[C]1[CH][CH][CH][CH][CH]1.[C]1[CH][CH][CH][CH][CH]1,False,False,unbalanced,
599,['golden_dataset_1689'],['golden_dataset'],[CH:55]1=[CH:54][CH:53]=[CH:52][CH:51]=[C:50]1[P:49]([C:48]=2[CH:62]=[CH:63][CH:45]=[CH:46][CH:47]=2)[C:56]=3[CH:61]=[CH:60][CH:59]=[CH:58][CH:57]=3.[CH:28]=1[C:2]([CH2:3][N:4]2[CH2:5][CH:6]([OH:7])[CH2:25][CH2:26][CH2:27]2)=[N:1][CH:31]=[CH:30][CH:29]=1.[CH:16]=1[C:14]=2[O:15][C:11](=[N:12][C:13]=2[CH:19]=[CH:18][CH:17]=1)[N:10]3[CH:9]([CH2:23][CH2:22][CH2:21][CH2:20]3)[C:8](=[O:24])[OH:44].[N:37](=[N:38][C:39](=[O:40])[O:41][CH2:42][CH3:43])[C:35](=[O:36])[O:34][CH2:33][CH3:32]>>[CH:16]=1[C:14]=2[O:15][C:11]([N:10]3[CH:9]([CH2:23][CH2:22][CH2:21][CH2:20]3)[C:8]([O:7][CH:6]4[CH2:25][CH2:26][CH2:27][N:4]([CH2:5]4)[CH2:3][C:2]=5[CH:28]=[CH:29][CH:30]=[CH:31][N:1]=5)=[O:24])=[N:12][C:13]=2[CH:19]=[CH:18][CH:17]=1,[CH:55]1=[CH:54][CH:53]=[CH:52][CH:51]=[C:50]1[P:49]([C:48]=2[CH:62]=[CH:63][CH:45]=[CH:46][CH:47]=2)[C:56]=3[CH:61]=[CH:60][CH:59]=[CH:58][CH:57]=3.[CH:28]=1[C:2]([CH2:3][N:4]2[CH2:5][CH:6]([OH:7])[CH2:25][CH2:26][CH2:27]2)=[N:1][CH:31]=[CH:30][CH:29]=1.[CH:16]=1[C:14]=2[O:15][C:11](=[N:12][C:13]=2[CH:19]=[CH:18][CH:17]=1)[N:10]3[CH:9]([CH2:23][CH2:22][CH2:21][CH2:20]3)[C:8](=[O:24])[OH:44].[N:37](=[N:38][C:39](=[O:40])[O:41][CH2:42][CH3:43])[C:35](=[O:36])[O:34][CH2:33][CH3:32]>>[CH:16]=1[C:14]=2[O:15][C:11]([N:10]3[CH:9]([CH2:23][CH2:22][CH2:21][CH2:20]3)[C:8]([O:7][CH:6]4[CH2:25][CH2:26][CH2:27][N:4]([CH2:5]4)[CH2:3][C:2]=5[CH:28]=[CH:29][CH:30]=[CH:31][N:1]=5)=[O:24])=[N:12][C:13]=2[CH:19]=[CH:18][CH:17]=1.[CH3:32][CH2:33][O:34][C:35](=[O:36])[N:37]=[N:38][C:39](=[O:40])[O:41][CH2:42][CH3:43].[OH2:7].[cH:45]1[cH:46][cH:47][c:48]([P:49]([c:50]2[cH:51][cH:52][cH:53][cH:54][cH:55]2)[c:56]2[cH:57][cH:58][cH:59][cH:60][cH:61]2)[cH:62][cH:63]1,[],[CH:55]1=[CH:54][CH:53]=[CH:52][CH:51]=[C:50]1[P:49]([C:48]=2[CH:62]=[CH:63][CH:45]=[CH:46][CH:47]=2)[C:56]=3[CH:61]=[CH:60][CH:59]=[CH:58][CH:57]=3.[CH:28]=1[C:2]([CH2:3][N:4]2[CH2:5][CH:6]([OH:7])[CH2:25][CH2:26][CH2:27]2)=[N:1][CH:31]=[CH:30][CH:29]=1.[CH:16]=1[C:14]=2[O:15][C:11](=[N:12][C:13]=2[CH:19]=[CH:18][CH:17]=1)[N:10]3[CH:9]([CH2:23][CH2:22][CH2:21][CH2:20]3)[C:8](=[O:24])[OH:44].[N:37](=[N:38][C:39](=[O:40])[O:41][CH2:42][CH3:43])[C:35](=[O:36])[O:34][CH2:33][CH3:32]>>[CH:16]=1[C:14]=2[O:15][C:11]([N:10]3[CH:9]([CH2:23][CH2:22][CH2:21][CH2:20]3)[C:8]([O:7][CH:6]4[CH2:25][CH2:26][CH2:27][N:4]([CH2:5]4)[CH2:3][C:2]=5[CH:28]=[CH:29][CH:30]=[CH:31][N:1]=5)=[O:24])=[N:12][C:13]=2[CH:19]=[CH:18][CH:17]=1.[CH:55]1=[CH:54][CH:53]=[CH:52][CH:51]=[C:50]1[P:49]([C:48]=2[CH:62]=[CH:63][CH:45]=[CH:46][CH:47]=2)[C:56]=3[CH:61]=[CH:60][CH:59]=[CH:58][CH:57]=3.[N:37](=[N:38][C:39](=[O:40])[O:41][CH2:42][CH3:43])[C:35](=[O:36])[O:34][CH2:33][CH3:32].[OH:44][H],True,False,balanced,
602,['golden_dataset_1692'],['golden_dataset'],[CH:49]1=[CH:48][CH:47]=[CH:65][CH:64]=[C:50]1[P:51]([C:52]=2[CH:57]=[CH:56][CH:55]=[CH:54][CH:53]=2)[C:58]=3[CH:63]=[CH:62][CH:61]=[CH:60][CH:59]=3.[CH2:18]1[CH2:17][CH:16]([CH2:27][CH2:26][N:19]1[C:20]2=[CH:21][CH:22]=[N:23][CH:24]=[CH:25]2)[CH2:15][OH:46].[CH3:2][C:1]([CH3:3])([CH3:4])[O:5][C:6]([N:8]1[CH2:31][CH2:30][C:29]2=[CH:28][C:13](=[CH:12][CH:11]=[C:10]2[CH2:9]1)[OH:14])=[O:7].[CH3:32][CH:33]([CH3:34])[O:35][C:36](=[O:37])[N:38]=[N:39][C:40]([O:42][CH:43]([CH3:44])[CH3:45])=[O:41]>>[CH3:2][C:1]([CH3:3])([CH3:4])[O:5][C:6](=[O:7])[N:8]1[CH2:31][CH2:30][C:29]2=[CH:28][C:13](=[CH:12][CH:11]=[C:10]2[CH2:9]1)[O:14][CH2:15][CH:16]3[CH2:17][CH2:18][N:19]([CH2:26][CH2:27]3)[C:20]4=[CH:21][CH:22]=[N:23][CH:24]=[CH:25]4,C1CC(CCN1C2=CC=NC=C2)CO.CC(C)(C)OC(N1CCC2=CC(=CC=C2C1)O)=O>>O.CC(C)(C)OC(=O)N1CCC2=CC(=CC=C2C1)OCC3CCN(CC3)C4=CC=NC=C4,[],[CH:49]1=[CH:48][CH:47]=[CH:65][CH:64]=[C:50]1[P:51]([C:52]=2[CH:57]=[CH:56][CH:55]=[CH:54][CH:53]=2)[C:58]=3[CH:63]=[CH:62][CH:61]=[CH:60][CH:59]=3.[CH2:18]1[CH2:17][CH:16]([CH2:27][CH2:26][N:19]1[C:20]2=[CH:21][CH:22]=[N:23][CH:24]=[CH:25]2)[CH2:15][OH:46].[CH3:2][C:1]([CH3:3])([CH3:4])[O:5][C:6]([N:8]1[CH2:31][CH2:30][C:29]2=[CH:28][C:13](=[CH:12][CH:11]=[C:10]2[CH2:9]1)[OH:14])=[O:7].[CH3:32][CH:33]([CH3:34])[O:35][C:36](=[O:37])[N:38]=[N:39][C:40]([O:42][CH:43]([CH3:44])[CH3:45])=[O:41]>>[CH3:2][C:1]([CH3:3])([CH3:4])[O:5][C:6](=[O:7])[N:8]1[CH2:31][CH2:30][C:29]2=[CH:28][C:13](=[CH:12][CH:11]=[C:10]2[CH2:9]1)[O:14][CH2:15][CH:16]3[CH2:17][CH2:18][N:19]([CH2:26][CH2:27]3)[C:20]4=[CH:21][CH:22]=[N:23][CH:24]=[CH:25]4.[CH3:32][CH:33]([CH3:34])[O:35][C:36](=[O:37])[N:38][NH2:39][C:40]([O:42][CH:43]([CH3:44])[CH3:45])=[O:41].[CH:49]1=[CH:48][CH:47]=[CH:65][CH:64]=[C:50]1[P:51]([C:52]=2[CH:57]=[CH:56][CH:55]=[CH:54][CH:53]=2)[C:58]=3[CH:63]=[CH:62][CH:61]=[CH:60][CH:59]=3.[OH:46][H],False,False,unbalanced,
604,['golden_dataset_1694'],['golden_dataset'],[CH:49]1=[CH:48][CH:47]=[CH:65][CH:64]=[C:50]1[P:51]([C:52]=2[CH:57]=[CH:56][CH:55]=[CH:54][CH:53]=2)[C:58]=3[CH:63]=[CH:62][CH:61]=[CH:60][CH:59]=3.[CH2:17]1[CH2:16][CH:15]([CH2:26][CH2:25][N:18]1[C:19]2=[CH:20][CH:21]=[N:22][CH:23]=[CH:24]2)[CH2:14][OH:46].[CH3:2][C:1]([CH3:3])([CH3:4])[O:5][C:6](=[O:7])[N:8]1[CH2:31][CH2:30][C:29]=2[C:10]([CH2:9]1)=[CH:11][C:12](=[CH:27][CH:28]=2)[OH:13].[CH3:32][CH:33]([CH3:34])[O:35][C:36](=[O:37])[N:38]=[N:39][C:40]([O:42][CH:43]([CH3:44])[CH3:45])=[O:41]>>[CH3:2][C:1]([CH3:3])([CH3:4])[O:5][C:6](=[O:7])[N:8]1[CH2:31][CH2:30][C:29]=2[C:10]([CH2:9]1)=[CH:11][C:12](=[CH:27][CH:28]=2)[O:13][CH2:14][CH:15]3[CH2:16][CH2:17][N:18]([CH2:25][CH2:26]3)[C:19]4=[CH:20][CH:21]=[N:22][CH:23]=[CH:24]4,[CH:49]1=[CH:48][CH:47]=[CH:65][CH:64]=[C:50]1[P:51]([C:52]=2[CH:57]=[CH:56][CH:55]=[CH:54][CH:53]=2)[C:58]=3[CH:63]=[CH:62][CH:61]=[CH:60][CH:59]=3.[CH2:17]1[CH2:16][CH:15]([CH2:26][CH2:25][N:18]1[C:19]2=[CH:20][CH:21]=[N:22][CH:23]=[CH:24]2)[CH2:14][OH:46].[CH3:2][C:1]([CH3:3])([CH3:4])[O:5][C:6](=[O:7])[N:8]1[CH2:31][CH2:30][C:29]=2[C:10]([CH2:9]1)=[CH:11][C:12](=[CH:27][CH:28]=2)[OH:13].[CH3:32][CH:33]([CH3:34])[O:35][C:36](=[O:37])[N:38]=[N:39][C:40]([O:42][CH:43]([CH3:44])[CH3:45])=[O:41]>>[CH3:2][C:1]([CH3:3])([CH3:4])[O:5][C:6](=[O:7])[N:8]1[CH2:31][CH2:30][C:29]=2[C:10]([CH2:9]1)=[CH:11][C:12](=[CH:27][CH:28]=2)[O:13][CH2:14][CH:15]3[CH2:16][CH2:17][N:18]([CH2:25][CH2:26]3)[C:19]4=[CH:20][CH:21]=[N:22][CH:23]=[CH:24]4.[CH3:32][CH:33]([CH3:34])[O:35][C:36](=[O:37])[N:38]=[N:39][C:40](=[O:41])[O:42][CH:43]([CH3:44])[CH3:45].[OH2:46].[cH:47]1[cH:48][cH:49][c:50]([P:51]([c:52]2[cH:53][cH:54][cH:55][cH:56][cH:57]2)[c:58]2[cH:59][cH:60][cH:61][cH:62][cH:63]2)[cH:64][cH:65]1,[],[CH:49]1=[CH:48][CH:47]=[CH:65][CH:64]=[C:50]1[P:51]([C:52]=2[CH:57]=[CH:56][CH:55]=[CH:54][CH:53]=2)[C:58]=3[CH:63]=[CH:62][CH:61]=[CH:60][CH:59]=3.[CH2:17]1[CH2:16][CH:15]([CH2:26][CH2:25][N:18]1[C:19]2=[CH:20][CH:21]=[N:22][CH:23]=[CH:24]2)[CH2:14][OH:46].[CH3:2][C:1]([CH3:3])([CH3:4])[O:5][C:6](=[O:7])[N:8]1[CH2:31][CH2:30][C:29]=2[C:10]([CH2:9]1)=[CH:11][C:12](=[CH:27][CH:28]=2)[OH:13].[CH3:32][CH:33]([CH3:34])[O:35][C:36](=[O:37])[N:38]=[N:39][C:40]([O:42][CH:43]([CH3:44])[CH3:45])=[O:41]>>[CH3:2][C:1]([CH3:3])([CH3:4])[O:5][C:6](=[O:7])[N:8]1[CH2:31][CH2:30][C:29]=2[C:10]([CH2:9]1)=[CH:11][C:12](=[CH:27][CH:28]=2)[O:13][CH2:14][CH:15]3[CH2:16][CH2:17][N:18]([CH2:25][CH2:26]3)[C:19]4=[CH:20][CH:21]=[N:22][CH:23]=[CH:24]4.[CH3:32][CH:33]([CH3:34])[O:35][C:36](=[O:37])[N:38]=[N:39][C:40]([O:42][CH:43]([CH3:44])[CH3:45])=[O:41].[CH:49]1=[CH:48][CH:47]=[CH:65][CH:64]=[C:50]1[P:51]([C:52]=2[CH:57]=[CH:56][CH:55]=[CH:54][CH:53]=2)[C:58]=3[CH:63]=[CH:62][CH:61]=[CH:60][CH:59]=3.[OH:46][H],True,True,balanced,
608,['golden_dataset_1700'],['golden_dataset'],[CH2:49]([CH3:50])[N:46]([CH2:45][CH3:44])[CH2:47][CH3:48].[CH3:12][C:11]([CH3:13])([CH3:14])[O:10][C:9]([NH:8][CH2:7][CH2:6][NH:5][C:4]1=[CH:16][C:17](=[N:39][C:2](=[C:3]1[CH2:40][OH:41])[NH2:1])[C:18]=2[C:28]([O:29][CH2:30][C:31]=3[CH:38]=[CH:37][C:34](=[CH:33][CH:32]=3)[O:35][CH3:36])=[CH:27][CH:26]=[CH:25][C:19]=2[O:20][CH2:21][CH:22]4[CH2:24][CH2:23]4)=[O:15].[Cl:51][C:52]([Cl:53])([Cl:54])[O:55][C:42]([O:56][C:57]([Cl:58])([Cl:59])[Cl:60])=[O:43]>>[CH3:12][C:11]([CH3:13])([CH3:14])[O:10][C:9]([NH:8][CH2:7][CH2:6][NH:5][C:4]=1[C:3]2=[C:2]([N:39]=[C:17]([C:18]3=[C:19]([CH:25]=[CH:26][CH:27]=[C:28]3[O:29][CH2:30][C:31]=4[CH:38]=[CH:37][C:34](=[CH:33][CH:32]=4)[O:35][CH3:36])[O:20][CH2:21][CH:22]5[CH2:24][CH2:23]5)[CH:16]=1)[NH:1][C:42](=[O:43])[O:41][CH2:40]2)=[O:15],nan,['COc1ccc(COc2cccc(OCC3CC3)c2-c2cc(NCCNC(=O)OC(C)(C)C)c(CO)c(N)n2)cc1.O=C(OC(Cl)(Cl)Cl)OC(Cl)(Cl)Cl.CCN(CC)CC>>COc1ccc(COc2cccc(OCC3CC3)c2-c2cc(NCCNC(=O)OC(C)(C)C)c3c(n2)NC(=O)OC3)cc1.CCN(CC)CC(OC(Cl)(Cl)Cl)OC(Cl)(Cl)Cl'],[CH2:49]([CH3:50])[N:46]([CH2:45][CH3:44])[CH2:47][CH3:48].[CH3:12][C:11]([CH3:13])([CH3:14])[O:10][C:9]([NH:8][CH2:7][CH2:6][NH:5][C:4]1=[CH:16][C:17](=[N:39][C:2](=[C:3]1[CH2:40][OH:41])[NH2:1])[C:18]=2[C:28]([O:29][CH2:30][C:31]=3[CH:38]=[CH:37][C:34](=[CH:33][CH:32]=3)[O:35][CH3:36])=[CH:27][CH:26]=[CH:25][C:19]=2[O:20][CH2:21][CH:22]4[CH2:24][CH2:23]4)=[O:15].[Cl:51][C:52]([Cl:53])([Cl:54])[O:55][C:42]([O:56][C:57]([Cl:58])([Cl:59])[Cl:60])=[O:43]>>[CH3:12][C:11]([CH3:13])([CH3:14])[O:10][C:9]([NH:8][CH2:7][CH2:6][NH:5][C:4]=1[C:3]2=[C:2]([N:39]=[C:17]([C:18]3=[C:19]([CH:25]=[CH:26][CH:27]=[C:28]3[O:29][CH2:30][C:31]=4[CH:38]=[CH:37][C:34](=[CH:33][CH:32]=4)[O:35][CH3:36])[O:20][CH2:21][CH:22]5[CH2:24][CH2:23]5)[CH:16]=1)[NH:1][C:42](=[O:43])[O:41][CH2:40]2)=[O:15].[Cl:51][C:52]([Cl:53])([Cl:54])[Cl:55].[Cl:56][C:57]([Cl:58])([Cl:59])[Cl:60].[Cl:61][C:62]([Cl:63])([Cl:64])[Cl:65],False,False,unbalanced,
609,['golden_dataset_1701'],['golden_dataset'],[CH2:43]([CH3:42])[N:44]([CH2:45][CH3:46])[CH2:47][CH3:48].[CH3:17][C:16]([CH3:18])([CH3:19])[O:15][C:14]([NH:13][CH:5]([CH2:6][C:7]1=[CH:8][CH:9]=[CH:10][CH:11]=[CH:12]1)[C:4]=2[C:3]([CH2:38][OH:58])=[C:2]([NH2:1])[N:37]=[C:22]([CH:21]=2)[C:23]=3[CH:36]=[CH:35][CH:34]=[CH:33][C:24]=3[O:25][CH2:26][C:27]=4[CH:32]=[CH:31][CH:30]=[CH:29][CH:28]=4)=[O:20].[Cl:49][C:50]([Cl:51])([Cl:52])[O:53][C:40]([O:39][C:54]([Cl:56])([Cl:57])[Cl:55])=[O:41]>>[CH3:17][C:16]([CH3:18])([CH3:19])[O:15][C:14]([NH:13][CH:5]([C:4]=1[C:3]=2[CH2:38][O:58][C:40]([NH:1][C:2]=2[N:37]=[C:22]([C:23]=3[CH:36]=[CH:35][CH:34]=[CH:33][C:24]=3[O:25][CH2:26][C:27]4=[CH:28][CH:29]=[CH:30][CH:31]=[CH:32]4)[CH:21]=1)=[O:41])[CH2:6][C:7]=5[CH:12]=[CH:11][CH:10]=[CH:9][CH:8]=5)=[O:20],nan,['CC(C)(C)OC(=O)NC(Cc1ccccc1)c1cc(-c2ccccc2OCc2ccccc2)nc(N)c1CO.O=C(OC(Cl)(Cl)Cl)OC(Cl)(Cl)Cl.CCN(CC)CC>>CC(C)(C)OC(=O)NC(Cc1ccccc1)c1cc(-c2ccccc2OCc2ccccc2)nc2c1COC(=O)N2'],[CH2:43]([CH3:42])[N:44]([CH2:45][CH3:46])[CH2:47][CH3:48].[CH3:17][C:16]([CH3:18])([CH3:19])[O:15][C:14]([NH:13][CH:5]([CH2:6][C:7]1=[CH:8][CH:9]=[CH:10][CH:11]=[CH:12]1)[C:4]=2[C:3]([CH2:38][OH:58])=[C:2]([NH2:1])[N:37]=[C:22]([CH:21]=2)[C:23]=3[CH:36]=[CH:35][CH:34]=[CH:33][C:24]=3[O:25][CH2:26][C:27]=4[CH:32]=[CH:31][CH:30]=[CH:29][CH:28]=4)=[O:20].[Cl:49][C:50]([Cl:51])([Cl:52])[O:53][C:40]([O:39][C:54]([Cl:56])([Cl:57])[Cl:55])=[O:41]>>[CH3:17][C:16]([CH3:18])([CH3:19])[O:15][C:14]([NH:13][CH:5]([C:4]=1[C:3]=2[CH2:38][O:58][C:40]([NH:1][C:2]=2[N:37]=[C:22]([C:23]=3[CH:36]=[CH:35][CH:34]=[CH:33][C:24]=3[O:25][CH2:26][C:27]4=[CH:28][CH:29]=[CH:30][CH:31]=[CH:32]4)[CH:21]=1)=[O:41])[CH2:6][C:7]=5[CH:12]=[CH:11][CH:10]=[CH:9][CH:8]=5)=[O:20].[CH3:42][CH2:43][N:44]([CH2:45][CH3:46])[CH2:47][CH3:48].[Cl:49][C:50]([Cl:51])([Cl:52])[Cl:53].[Cl:55][C:54]([Cl:56])([Cl:57])[Cl:58],False,False,unbalanced,
610,['golden_dataset_1702'],['golden_dataset'],[CH3:14][C:13]([CH3:16])([CH3:15])[O:12][C:10](=[O:11])[N:9]1[CH2:17][CH2:18][CH2:19][CH:2]([CH2:8]1)[C:3]([O:5][CH2:6][CH3:7])=[O:4].[CH3:20][CH:21]([CH3:22])[N-:23][CH:24]([CH3:25])[CH3:26].[I:27][CH3:1].[Li+:28]>>[CH3:14][C:13]([CH3:16])([CH3:15])[O:12][C:10]([N:9]1[CH2:8][C:2]([CH3:1])([C:3](=[O:4])[O:5][CH2:6][CH3:7])[CH2:19][CH2:18][CH2:17]1)=[O:11],nan,"['CCOC(=O)C1CCCN(C(=O)OC(C)(C)C)C1.CC(C)[N-]C(C)C.CI.[Li+]>>CCOC(=O)C1(C)CCCN(C(=O)OC(C)(C)C)C1.CC(C)[N-]C(C)O.CI.[Li+]', 'CCOC(=O)C1CCCN(C(=O)OC(C)(C)C)C1.CC(C)[N-]C(C)C.CI.[Li+].O>>CCOC(=O)C1(C)CCCN(C(=O)OC(C)(C)C)C1.CC(C)[N-]C(C)O.CI.[Li+]']",[CH3:14][C:13]([CH3:16])([CH3:15])[O:12][C:10](=[O:11])[N:9]1[CH2:17][CH2:18][CH2:19][CH:2]([CH2:8]1)[C:3]([O:5][CH2:6][CH3:7])=[O:4].[CH3:20][CH:21]([CH3:22])[N-:23][CH:24]([CH3:25])[CH3:26].[I:27][CH3:1].[Li+:28]>>[CH3:14][C:13]([CH3:16])([CH3:15])[O:12][C:10]([N:9]1[CH2:8][C:2]([CH3:1])([C:3](=[O:4])[O:5][CH2:6][CH3:7])[CH2:19][CH2:18][CH2:17]1)=[O:11].[CH3:20][CH:21]([CH3:22])[N:23][CH:24]([CH3:25])[CH3:26].[Li+:28].[I-:27],False,False,unbalanced,
611,['golden_dataset_1703'],['golden_dataset'],[CH2:43]([CH3:42])[N:44]([CH2:45][CH3:46])[CH2:47][CH3:48].[CH:1]1=[CH:2][C:3](=[C:5]([CH:40]=[CH:41]1)[OH:6])[F:4].[NH:8]([C:7](=[O:39])[O:81][CH2:80][CH2:79][CH2:78][CH2:77][Cl:76])[CH2:9][CH2:10][CH2:11][CH2:12][CH2:13][CH2:14][N:15]1[C:16]([CH3:17])=[N:18][C:19]([C:20]2=[CH:21][CH:22]=[CH:23][CH:24]=[CH:25]2)=[C:26]1[C:27]=3[CH:28]=[CH:29][CH:30]=[CH:31][CH:32]=3.[N:60]1([CH2:61][CH2:62][CH2:63][CH2:64][CH2:65][CH:66]([C:70]2=[CH:71][CH:72]=[CH:73][CH:74]=[CH:75]2)[C:67]([OH:69])=[O:68])[C:50]([CH3:49])=[N:51][C:52]([C:33]3=[CH:34][CH:35]=[CH:36][CH:37]=[CH:38]3)=[C:53]1[C:54]=4[CH:59]=[CH:58][CH:57]=[CH:56][CH:55]=4>>[N:15]1([CH2:14][CH2:13][CH2:12][CH2:11][CH2:10][CH:9]([C:33]2=[CH:34][CH:35]=[CH:36][CH:37]=[CH:38]2)[NH:8][C:7]([O:6][C:5]3=[C:3]([F:4])[CH:2]=[CH:1][CH:41]=[CH:40]3)=[O:39])[C:16]([CH3:17])=[N:18][C:19]([C:20]4=[CH:21][CH:22]=[CH:23][CH:24]=[CH:25]4)=[C:26]1[C:27]=5[CH:32]=[CH:31][CH:30]=[CH:29][CH:28]=5,nan,['Cc1nc(-c2ccccc2)c(-c2ccccc2)n1CCCCCCNC(=O)OCCCCCl.Cc1nc(-c2ccccc2)c(-c2ccccc2)n1CCCCCC(C(=O)O)c1ccccc1.CCN(CC)CC.Oc1ccccc1F>>Cc1nc(-c2ccccc2)c(-c2ccccc2)n1CCCCCC(NC(=O)Oc1ccccc1F)c1ccccc1'],[CH2:43]([CH3:42])[N:44]([CH2:45][CH3:46])[CH2:47][CH3:48].[CH:1]1=[CH:2][C:3](=[C:5]([CH:40]=[CH:41]1)[OH:6])[F:4].[NH:8]([C:7](=[O:39])[O:81][CH2:80][CH2:79][CH2:78][CH2:77][Cl:76])[CH2:9][CH2:10][CH2:11][CH2:12][CH2:13][CH2:14][N:15]1[C:16]([CH3:17])=[N:18][C:19]([C:20]2=[CH:21][CH:22]=[CH:23][CH:24]=[CH:25]2)=[C:26]1[C:27]=3[CH:28]=[CH:29][CH:30]=[CH:31][CH:32]=3.[N:60]1([CH2:61][CH2:62][CH2:63][CH2:64][CH2:65][CH:66]([C:70]2=[CH:71][CH:72]=[CH:73][CH:74]=[CH:75]2)[C:67]([OH:69])=[O:68])[C:50]([CH3:49])=[N:51][C:52]([C:33]3=[CH:34][CH:35]=[CH:36][CH:37]=[CH:38]3)=[C:53]1[C:54]=4[CH:59]=[CH:58][CH:57]=[CH:56][CH:55]=4>>[N:15]1([CH2:14][CH2:13][CH2:12][CH2:11][CH2:10][CH:9]([C:33]2=[CH:34][CH:35]=[CH:36][CH:37]=[CH:38]2)[NH:8][C:7]([O:6][C:5]3=[C:3]([F:4])[CH:2]=[CH:1][CH:41]=[CH:40]3)=[O:39])[C:16]([CH3:17])=[N:18][C:19]([C:20]4=[CH:21][CH:22]=[CH:23][CH:24]=[CH:25]4)=[C:26]1[C:27]=5[CH:32]=[CH:31][CH:30]=[CH:29][CH:28]=5.[CH2:43]([CH3:42])[N:44]([CH2:45][CH3:46])[CH2:47][CH3:48].[N:60]1([CH2:61][CH2:62][CH2:63][CH2:64][CH2:65][CH:66]([C:70]2=[CH:71][CH:72]=[CH:73][CH:74]=[CH:75]2)[C:67]([OH:69])=[O:68])[C:50]([CH3:49])=[N:51][C:52]([C:33]3=[CH:34][CH:35]=[CH:36][CH:37]=[CH:38]3)=[C:53]1[C:54]=4[CH:59]=[CH:58][CH:57]=[CH:56][CH:55]=4.Cl,False,False,unbalanced,
612,['golden_dataset_1705'],['golden_dataset'],[CH3:13][C:14]([CH3:15])=[O:16].[Cl:17][C:5]1([Cl:18])[C:3]([Cl:4])=[C:2]([Cl:1])[C:10]2([CH3:11])[O:12][CH:7]1[CH:8]=[CH:9]2.[OH2:6].[Na+:23].[O-:19][C:20](=[O:21])[OH:22]>>[CH3:11][C:10]12[C:2]([Cl:1])=[C:3]([Cl:4])[C:5](=[O:6])[CH:7]([CH:8]=[CH:9]1)[O:12]2,nan,['CC12C=CC(O1)C(Cl)(Cl)C(Cl)=C2Cl.O=C([O-])O.CC(C)=O.[Na+].O>>CC12C=CC(O1)C(=O)C(Cl)=C2Cl'],[CH3:13][C:14]([CH3:15])=[O:16].[Cl:17][C:5]1([Cl:18])[C:3]([Cl:4])=[C:2]([Cl:1])[C:10]2([CH3:11])[O:12][CH:7]1[CH:8]=[CH:9]2.[OH2:6].[Na+:23].[O-:19][C:20](=[O:21])[OH:22]>>[CH3:11][C:10]12[C:2]([Cl:1])=[C:3]([Cl:4])[C:5](=[O:6])[CH:7]([CH:8]=[CH:9]1)[O:12]2.[Cl-:17].[Na+].[CH3:13][C:14]([CH3:15])=[O:16].[Cl:18][Cl:4].[O:19]=[C:20]([OH:22])[OH:21],False,False,unbalanced,
613,['golden_dataset_1707'],['golden_dataset'],[CH:3]1=[C:2]([NH2:47])[CH:24]=[CH:23][C:5]([N+:45]([O-:46])=[O:44])=[CH:4]1.[CH:29]=1[CH:30]=[CH:31][C:26](=[CH:27][CH:28]=1)[NH2:25].[Cl:36][C:35]([Cl:37])([Cl:38])[O:34][C:33]([O:39][C:40]([Cl:41])([Cl:42])[Cl:43])=[O:32].[F:16][C:15]([F:17])([F:18])[O:14][C:13]=1[CH:19]=[CH:20][C:10]([N:9]2[C:7]([N:6]([C:53]3=[CH:52][CH:51]=[C:50]([N+:1]([O-:49])=[O:48])[CH:55]=[CH:54]3)[CH:22]=[N:21]2)=[O:8])=[CH:11][CH:12]=1>>[F:16][C:15]([F:17])([F:18])[O:14][C:13]=1[CH:19]=[CH:20][C:10]([N:9]2[C:7]([N:6]([CH:22]=[N:21]2)[C:53]3=[CH:54][CH:55]=[C:50]([NH2:1])[CH:51]=[CH:52]3)=[O:8])=[CH:11][CH:12]=1,[CH:3]1=[C:2]([NH2:47])[CH:24]=[CH:23][C:5]([N+:45]([O-:46])=[O:44])=[CH:4]1.[CH:29]=1[CH:30]=[CH:31][C:26](=[CH:27][CH:28]=1)[NH2:25].[Cl:36][C:35]([Cl:37])([Cl:38])[O:34][C:33]([O:39][C:40]([Cl:41])([Cl:42])[Cl:43])=[O:32].[F:16][C:15]([F:17])([F:18])[O:14][C:13]=1[CH:19]=[CH:20][C:10]([N:9]2[C:7]([N:6]([C:53]3=[CH:52][CH:51]=[C:50]([N+:1]([O-:49])=[O:48])[CH:55]=[CH:54]3)[CH:22]=[N:21]2)=[O:8])=[CH:11][CH:12]=1>>[F:16][C:15]([F:17])([F:18])[O:14][C:13]=1[CH:19]=[CH:20][C:10]([N:9]2[C:7]([N:6]([CH:22]=[N:21]2)[C:53]3=[CH:54][CH:55]=[C:50]([NH2:1])[CH:51]=[CH:52]3)=[O:8])=[CH:11][CH:12]=1.[NH2:25][c:26]1[cH:27][cH:28][cH:29][cH:30][cH:31]1.[O:32]=[C:33]([O:34][C:35]([Cl:36])([Cl:37])[Cl:38])[O:39][C:40]([Cl:41])([Cl:42])[Cl:43].[OH-:49].[OH2:48].[c:2]1([NH2:47])[cH:3][cH:4][c:5]([N+:45](=[O:44])[O-:46])[cH:23][cH:24]1,[],[CH:3]1=[C:2]([NH2:47])[CH:24]=[CH:23][C:5]([N+:45]([O-:46])=[O:44])=[CH:4]1.[CH:29]=1[CH:30]=[CH:31][C:26](=[CH:27][CH:28]=1)[NH2:25].[Cl:36][C:35]([Cl:37])([Cl:38])[O:34][C:33]([O:39][C:40]([Cl:41])([Cl:42])[Cl:43])=[O:32].[F:16][C:15]([F:17])([F:18])[O:14][C:13]=1[CH:19]=[CH:20][C:10]([N:9]2[C:7]([N:6]([C:53]3=[CH:52][CH:51]=[C:50]([N+:1]([O-:49])=[O:48])[CH:55]=[CH:54]3)[CH:22]=[N:21]2)=[O:8])=[CH:11][CH:12]=1>>[F:16][C:15]([F:17])([F:18])[O:14][C:13]=1[CH:19]=[CH:20][C:10]([N:9]2[C:7]([N:6]([CH:22]=[N:21]2)[C:53]3=[CH:54][CH:55]=[C:50]([NH2:1])[CH:51]=[CH:52]3)=[O:8])=[CH:11][CH:12]=1.O=C(O)C(Cl)(Cl)Cl.O=[N+]([O-])c1ccc(N)cc1.O=C(Cl)C(Cl)(Cl)Cl,False,False,unbalanced,
618,['golden_dataset_1713'],['golden_dataset'],[CH2:13]1[CH2:14][N:1]([C:24](=[O:23])[O:25][CH2:26][C:27]2=[CH:32][CH:31]=[CH:30][CH:29]=[CH:28]2)[CH2:9][C:10](=[O:11])[NH:12]1.[CH3:6][C:5]([CH3:8])([CH3:7])[O:4][C:2](=[O:3])[O:22][C:20]([O:19][C:16]([CH3:17])([CH3:18])[CH3:15])=[O:21]>>[CH3:6][C:5]([CH3:8])([CH3:7])[O:4][C:2]([N:1]1[CH2:14][CH2:13][NH:12][C:10](=[O:11])[CH2:9]1)=[O:3],[CH3:6][C:5]([CH3:8])([CH3:7])[O:4][C:2](=[O:3])[O:22][C:20]([O:19][C:16]([CH3:17])([CH3:18])[CH3:15])=[O:21].[CH2:13]1[CH2:14][N:1]([C:24](=[O:23])[O:25][CH2:26][C:27]2=[CH:32][CH:31]=[CH:30][CH:29]=[CH:28]2)[CH2:9][C:10](=[O:11])[NH:12]1>>[CH3:6][C:5]([CH3:8])([CH3:7])[O:4][C:2]([N:1]1[CH2:14][CH2:13][NH:12][C:10](=[O:11])[CH2:9]1)=[O:3].[O:21]=[C:20]=[O:22].[C:24](=[O:23])([O:25][CH2:26][C:27]1=[CH:32][CH:31]=[CH:30][CH:29]=[CH:28]1)[O:19][C:16]([CH3:17])([CH3:18])[CH3:15],[],[CH2:13]1[CH2:14][N:1]([C:24](=[O:23])[O:25][CH2:26][C:27]2=[CH:32][CH:31]=[CH:30][CH:29]=[CH:28]2)[CH2:9][C:10](=[O:11])[NH:12]1.[CH3:6][C:5]([CH3:8])([CH3:7])[O:4][C:2](=[O:3])[O:22][C:20]([O:19][C:16]([CH3:17])([CH3:18])[CH3:15])=[O:21]>>[CH3:6][C:5]([CH3:8])([CH3:7])[O:4][C:2]([N:1]1[CH2:14][CH2:13][NH:12][C:10](=[O:11])[CH2:9]1)=[O:3].[C:24](=[O:23])([O:25][CH2:26][C:27]1=[CH:32][CH:31]=[CH:30][CH:29]=[CH:28]1)[OH:33].[C:16]([CH3:17])([CH3:18])[CH3:15].[C:20](=[O:21])([OH:22])[OH:19],False,False,unbalanced,
619,['golden_dataset_1714'],['golden_dataset'],[CH3:26][C:25](=[O:27])[O:24][CH2:23][CH3:22].[CH3:19][CH:18]([CH3:20])[CH2:17][CH:4]([NH:5][C:6](=[O:7])[O:8][CH2:9][C:10]1=[N:11][CH:12]=[CH:13][CH:14]=[CH:15]1)[C:3](=[O:21])[O:2][CH3:1].[I:28][CH3:16].[H-:29].[Na+:30]>>[CH3:19][CH:18]([CH3:20])[CH2:17][CH:4]([N:5]([C:6](=[O:7])[O:8][CH2:9][C:10]1=[N:11][CH:12]=[CH:13][CH:14]=[CH:15]1)[CH3:16])[C:3](=[O:21])[O:2][CH3:1],nan,"['COC(=O)C(CC(C)C)NC(=O)OCc1ccccn1.CCOC(C)=O.CI.[Na+].[H-].O>>COC(=O)C(CC(C)C)N(C)C(=O)OCc1ccccn1.CC(=O)OCO.CI.[Na+].[H-]', 'COC(=O)C(CC(C)C)NC(=O)OCc1ccccn1.CCOC(C)=O.CI.[Na+].[H-]>>COC(=O)C(CC(C)C)N(C)C(=O)OCc1ccccn1.CC(=O)OCO.CI.[Na+].[H-]']",[CH3:26][C:25](=[O:27])[O:24][CH2:23][CH3:22].[CH3:19][CH:18]([CH3:20])[CH2:17][CH:4]([NH:5][C:6](=[O:7])[O:8][CH2:9][C:10]1=[N:11][CH:12]=[CH:13][CH:14]=[CH:15]1)[C:3](=[O:21])[O:2][CH3:1].[I:28][CH3:16].[H-:29].[Na+:30]>>[CH3:19][CH:18]([CH3:20])[CH2:17][CH:4]([N:5]([C:6](=[O:7])[O:8][CH2:9][C:10]1=[N:11][CH:12]=[CH:13][CH:14]=[CH:15]1)[CH3:16])[C:3](=[O:21])[O:2][CH3:1].[Na+:30].[I-:28].[CH3:26][C:25](=[O:27])[O:24][CH2:23][CH3:22],False,False,unbalanced,
621,['golden_dataset_1716'],['golden_dataset'],[C:7]([C:6]=1[CH:5]=[CH:4][CH:3]=[C:2]([OH:1])[CH:11]=1)([O:9][CH3:10])=[O:8].[CH:17]1=[CH:18][C:13](=[CH:14][CH:15]=[N:16]1)[CH2:12][OH:33].[CH:44]1=[CH:43][CH:42]=[CH:41][CH:40]=[C:39]1[P:38]([C:45]=2[CH:50]=[CH:49][CH:48]=[CH:47][CH:46]=2)[C:37]=3[CH:51]=[CH:52][CH:34]=[CH:35][CH:36]=3.[CH3:32][CH:30]([CH3:31])[O:29][C:27](=[O:28])[N:26]=[N:25][C:23]([O:22][CH:20]([CH3:19])[CH3:21])=[O:24]>>[C:2]1(=[CH:3][CH:4]=[CH:5][C:6](=[CH:11]1)[C:7]([O:9][CH3:10])=[O:8])[O:1][CH2:12][C:13]2=[CH:14][CH:15]=[N:16][CH:17]=[CH:18]2,[C:7]([C:6]=1[CH:5]=[CH:4][CH:3]=[C:2]([OH:1])[CH:11]=1)([O:9][CH3:10])=[O:8].[CH:17]1=[CH:18][C:13](=[CH:14][CH:15]=[N:16]1)[CH2:12][OH:33].[CH:44]1=[CH:43][CH:42]=[CH:41][CH:40]=[C:39]1[P:38]([C:45]=2[CH:50]=[CH:49][CH:48]=[CH:47][CH:46]=2)[C:37]=3[CH:51]=[CH:52][CH:34]=[CH:35][CH:36]=3.[CH3:32][CH:30]([CH3:31])[O:29][C:27](=[O:28])[N:26]=[N:25][C:23]([O:22][CH:20]([CH3:19])[CH3:21])=[O:24]>>[C:2]1(=[CH:3][CH:4]=[CH:5][C:6](=[CH:11]1)[C:7]([O:9][CH3:10])=[O:8])[O:1][CH2:12][C:13]2=[CH:14][CH:15]=[N:16][CH:17]=[CH:18]2.[CH3:19][CH:20]([CH3:21])[O:22][C:23](=[O:24])[N:25]=[N:26][C:27](=[O:28])[O:29][CH:30]([CH3:31])[CH3:32].[OH2:33].[cH:34]1[cH:35][cH:36][c:37]([P:38]([c:39]2[cH:40][cH:41][cH:42][cH:43][cH:44]2)[c:45]2[cH:46][cH:47][cH:48][cH:49][cH:50]2)[cH:51][cH:52]1,[],[C:7]([C:6]=1[CH:5]=[CH:4][CH:3]=[C:2]([OH:1])[CH:11]=1)([O:9][CH3:10])=[O:8].[CH:17]1=[CH:18][C:13](=[CH:14][CH:15]=[N:16]1)[CH2:12][OH:33].[CH:44]1=[CH:43][CH:42]=[CH:41][CH:40]=[C:39]1[P:38]([C:45]=2[CH:50]=[CH:49][CH:48]=[CH:47][CH:46]=2)[C:37]=3[CH:51]=[CH:52][CH:34]=[CH:35][CH:36]=3.[CH3:32][CH:30]([CH3:31])[O:29][C:27](=[O:28])[N:26]=[N:25][C:23]([O:22][CH:20]([CH3:19])[CH3:21])=[O:24]>>[C:2]1(=[CH:3][CH:4]=[CH:5][C:6](=[CH:11]1)[C:7]([O:9][CH3:10])=[O:8])[O:1][CH2:12][C:13]2=[CH:14][CH:15]=[N:16][CH:17]=[CH:18]2.[CH:44]1=[CH:43][CH:42]=[CH:41][CH:40]=[C:39]1[P:38]([C:45]=2[CH:50]=[CH:49][CH:48]=[CH:47][CH:46]=2)[C:37]=3[CH:51]=[CH:52][CH:34]=[CH:35][CH:36]=3.[CH3:32][CH:30]([CH3:31])[O:29][C:27](=[O:28])[N:26]=[N:25][C:23]([O:22][CH:20]([CH3:19])[CH3:21])=[O:24],False,False,unbalanced,
622,['golden_dataset_1717'],['golden_dataset'],[CH:43]1=[CH:42][CH:41]=[CH:40][CH:39]=[C:38]1[P:37]([C:36]=2[CH:50]=[CH:51][CH:33]=[CH:34][CH:35]=2)[C:44]=3[CH:49]=[CH:48][CH:47]=[CH:46][CH:45]=3.[CH:11]=1[C:2](=[CH:3][CH:4]=[C:5]([CH:10]=1)[C:6]([O:8][CH3:9])=[O:7])[OH:1].[CH3:18][CH:19]([CH3:20])[O:21][C:22](=[O:23])[N:24]=[N:25][C:26]([O:28][CH:29]([CH3:30])[CH3:31])=[O:27].[CH3:16][N:15]([CH3:17])[CH2:14][CH2:13][CH2:12][OH:32]>>[CH3:16][N:15]([CH3:17])[CH2:14][CH2:13][CH2:12][O:1][C:2]=1[CH:11]=[CH:10][C:5]([C:6]([O:8][CH3:9])=[O:7])=[CH:4][CH:3]=1,C=1C(=CC=C(C=1)C(OC)=O)O.CN(C)CCCO>>CN(C)CCCOC=1C=CC(C(OC)=O)=CC=1.O,[],[CH:43]1=[CH:42][CH:41]=[CH:40][CH:39]=[C:38]1[P:37]([C:36]=2[CH:50]=[CH:51][CH:33]=[CH:34][CH:35]=2)[C:44]=3[CH:49]=[CH:48][CH:47]=[CH:46][CH:45]=3.[CH:11]=1[C:2](=[CH:3][CH:4]=[C:5]([CH:10]=1)[C:6]([O:8][CH3:9])=[O:7])[OH:1].[CH3:18][CH:19]([CH3:20])[O:21][C:22](=[O:23])[N:24]=[N:25][C:26]([O:28][CH:29]([CH3:30])[CH3:31])=[O:27].[CH3:16][N:15]([CH3:17])[CH2:14][CH2:13][CH2:12][OH:32]>>[CH3:16][N:15]([CH3:17])[CH2:14][CH2:13][CH2:12][O:1][C:2]=1[CH:11]=[CH:10][C:5]([C:6]([O:8][CH3:9])=[O:7])=[CH:4][CH:3]=1.[CH3:18][CH:19]([CH3:20])[O:21][C:22](=[O:23])[N:24][N:25][C:26]([O:28][CH:29]([CH3:30])[CH3:31])=[O:27].[CH:43]1=[CH:42][CH:41]=[CH:40][CH:39]=[C:38]1[P:37]([C:36]=2[CH:50]=[CH:51][CH:33]=[CH:34][CH:35]=2)[C:44]=3[CH:49]=[CH:48][CH:47]=[CH:46][CH:45]=3.O,True,False,balanced,
624,['golden_dataset_1719'],['golden_dataset'],[CH3:39][C:38]([CH3:40])([CH3:41])[O:37][C:35](=[O:36])[NH:3][CH:4]([CH2:34][CH:32]([CH3:33])[CH3:31])[C:5]1=[N:6][C:7]([C:8](=[O:9])[O:10][CH2:11][CH3:12])=[CH:13][S:14]1.[CH3:29][CH:28]([CH3:30])[CH2:27][CH:15]([NH:16][C:17](=[O:18])[O:19][CH2:20][C:21]=1[CH:26]=[CH:25][CH:24]=[CH:23][CH:22]=1)[C:1](=[O:2])[OH:69].[CH3:42][CH:43]([CH3:44])[CH2:45][CH:46]([NH:47][C:48]([CH:50]([NH:55][C:56](=[O:57])[O:58][CH2:59][C:60]=1[CH:61]=[CH:62][CH:63]=[CH:64][CH:65]=1)[CH2:51][CH:52]([CH3:53])[CH3:54])=[O:49])[C:66]([OH:68])=[O:67]>>[CH3:29][CH:28]([CH3:30])[CH2:27][CH:15]([NH:16][C:17]([O:19][CH2:20][C:21]=1[CH:26]=[CH:25][CH:24]=[CH:23][CH:22]=1)=[O:18])[C:1](=[O:2])[NH:3][CH2:4][C:5]=2[S:14][CH:13]=[C:7]([N:6]=2)[C:8](=[O:9])[O:10][CH2:11][CH3:12],nan,['CC(C)CC(NC(=O)C(CC(C)C)NC(=O)OCc1ccccc1)C(=O)O.CCOC(=O)c1csc(C(CC(C)C)NC(=O)OC(C)(C)C)n1.CC(C)CC(NC(=O)OCc1ccccc1)C(=O)O>>CCOC(=O)c1csc(CNC(=O)C(CC(C)C)NC(=O)OCc2ccccc2)n1'],[CH3:39][C:38]([CH3:40])([CH3:41])[O:37][C:35](=[O:36])[NH:3][CH:4]([CH2:34][CH:32]([CH3:33])[CH3:31])[C:5]1=[N:6][C:7]([C:8](=[O:9])[O:10][CH2:11][CH3:12])=[CH:13][S:14]1.[CH3:29][CH:28]([CH3:30])[CH2:27][CH:15]([NH:16][C:17](=[O:18])[O:19][CH2:20][C:21]=1[CH:26]=[CH:25][CH:24]=[CH:23][CH:22]=1)[C:1](=[O:2])[OH:69].[CH3:42][CH:43]([CH3:44])[CH2:45][CH:46]([NH:47][C:48]([CH:50]([NH:55][C:56](=[O:57])[O:58][CH2:59][C:60]=1[CH:61]=[CH:62][CH:63]=[CH:64][CH:65]=1)[CH2:51][CH:52]([CH3:53])[CH3:54])=[O:49])[C:66]([OH:68])=[O:67]>>[CH3:29][CH:28]([CH3:30])[CH2:27][CH:15]([NH:16][C:17]([O:19][CH2:20][C:21]=1[CH:26]=[CH:25][CH:24]=[CH:23][CH:22]=1)=[O:18])[C:1](=[O:2])[NH:3][CH2:4][C:5]=2[S:14][CH:13]=[C:7]([N:6]=2)[C:8](=[O:9])[O:10][CH2:11][CH3:12].[CH3:39][C:38]([CH3:40])([CH3:41])[O:37][C:35](=[O:36])O.[CH3:42][CH:43]([CH3:44])[CH2:45][CH:46]([NH:47][C:48]([CH:50]([NH:55][C:56](=[O:57])[O:58][CH2:59][C:60]=1[CH:61]=[CH:62][CH:63]=[CH:64][CH:65]=1)[CH2:51][CH:52]([CH3:53])[CH3:54])=[O:49])[C:66]([OH:68])=[O:67].[CH3:33][CH:32]([CH3:31])[CH3:34],False,False,unbalanced,
626,['golden_dataset_1723'],['golden_dataset'],[C:3]=1([CH:8]=[CH:9][CH:10]=[C:11]([Cl:12])[C:2]=1[NH2:1])[C:4](=[O:5])[OH:22].[O:16]=[S:15](=[O:17])([O:14][CH3:13])[O:6][CH3:7].[K+:23].[K+:24].[O-:18][C:19]([O-:20])=[O:21]>>[C:4]([C:3]=1[CH:8]=[CH:9][CH:10]=[C:11]([Cl:12])[C:2]=1[NH2:1])([O:6][CH3:7])=[O:5],nan,['COS(=O)(=O)OC.Nc1c(Cl)cccc1C(=O)O.O=C([O-])[O-].[K+].[K+]>>COS(=O)(=O)OC.COC(=O)c1cccc(Cl)c1N.[OH-].[OH-].[K+].[K+].O'],[C:3]=1([CH:8]=[CH:9][CH:10]=[C:11]([Cl:12])[C:2]=1[NH2:1])[C:4](=[O:5])[OH:22].[O:16]=[S:15](=[O:17])([O:14][CH3:13])[O:6][CH3:7].[K+:23].[K+:24].[O-:18][C:19]([O-:20])=[O:21]>>[C:4]([C:3]=1[CH:8]=[CH:9][CH:10]=[C:11]([Cl:12])[C:2]=1[NH2:1])([O:6][CH3:7])=[O:5].[K+:23].[K+:24].[O-:18][S:15](=[O:16])(=[O:17])[O-:14].[O:21]=[C:19]=[O:20].[OH2:22],False,False,unbalanced,
627,['golden_dataset_1724'],['golden_dataset'],[C:3]=1([CH:8]=[CH:9][CH:10]=[C:11]([Cl:12])[C:2]=1[NH2:1])[C:4](=[O:5])[OH:29].[CH3:18][CH:17]([CH3:19])[CH2:16][C:14](=[O:15])[CH3:13].[O:23]=[S:22](=[O:24])([O:21][CH3:20])[O:6][CH3:7].[K+:30].[K+:31].[O-:25][C:26]([O-:27])=[O:28]>>[C:4]([C:3]=1[CH:8]=[CH:9][CH:10]=[C:11]([Cl:12])[C:2]=1[NH2:1])([O:6][CH3:7])=[O:5],nan,"['COS(=O)(=O)OC.CC(=O)CC(C)C.Nc1c(Cl)cccc1C(=O)O.O=C([O-])[O-].[K+].[K+]>>COS(=O)(=O)OC.CC(C)CC(=O)O.COC(=O)c1cccc(Cl)c1N.O=C([O-])[O-].[K+].[K+]', 'COS(=O)(=O)OC.CC(=O)CC(C)C.Nc1c(Cl)cccc1C(=O)O.O=C([O-])[O-].[K+].[K+].O>>COS(=O)(=O)OC.CC(C)CC(=O)O.COC(=O)c1cccc(Cl)c1N.O=C([O-])[O-].[K+].[K+]']",[C:3]=1([CH:8]=[CH:9][CH:10]=[C:11]([Cl:12])[C:2]=1[NH2:1])[C:4](=[O:5])[OH:29].[CH3:18][CH:17]([CH3:19])[CH2:16][C:14](=[O:15])[CH3:13].[O:23]=[S:22](=[O:24])([O:21][CH3:20])[O:6][CH3:7].[K+:30].[K+:31].[O-:25][C:26]([O-:27])=[O:28]>>[C:4]([C:3]=1[CH:8]=[CH:9][CH:10]=[C:11]([Cl:12])[C:2]=1[NH2:1])([O:6][CH3:7])=[O:5].[K+].[K+].[O-]S(=O)(=O)[O-].[O-]C(=O)[O-].[CH3:18][CH:17]([CH3:19])[CH2:16][C:14](=[O:15])[CH3:13],False,False,unbalanced,
628,['golden_dataset_1725'],['golden_dataset'],[C:4]([C:3]=1[CH:8]=[CH:9][CH:10]=[C:11]([Cl:12])[C:2]=1[NH2:1])([O:6][CH3:7])=[O:5].[OH2:15].[O:25]=[S:23](=[O:26])([OH:24])[OH:22].[OH:20][OH:13].[OH:21][OH:14].[Na+:27].[Na+:28].[O-:16][C:17](=[O:18])[OH:19].[OH-:29]>>[C:2]1(=[C:3]([C:4]([O:6][CH3:7])=[O:5])[CH:8]=[CH:9][CH:10]=[C:11]1[Cl:12])[N+:1](=[O:13])[O-:14],nan,['COC(=O)c1cccc(Cl)c1N.O=S(=O)(O)O.O=C([O-])O.[OH-].OO.OO.[Na+].[Na+].O>>COC(=O)c1cccc(Cl)c1[N+](=O)[O-].O=S(=O)(O)O.O=C([O-])O.[OH-].OO.OO.[Na+].[Na+]'],[C:4]([C:3]=1[CH:8]=[CH:9][CH:10]=[C:11]([Cl:12])[C:2]=1[NH2:1])([O:6][CH3:7])=[O:5].[O:25]=[S:23](=[O:26])([OH:24])[OH:22].[Na+:27].[Na+:28].[OH-:29]>>[C:2]1(=[C:3]([C:4]([O:6][CH3:7])=[O:5])[CH:8]=[CH:9][CH:10]=[C:11]1[Cl:12])[N+:1](=[O:13])[O-:14].[Na+:27].[Na+:28].[O:25]=[S:23](=[O:26])([O-:24])[O-:22].[OH2:24].[OH2:22],False,False,unbalanced,
636,['golden_dataset_1736'],['golden_dataset'],[CH2:16]([CH3:17])[N:15]([CH2:18][CH3:19])[CH2:14][CH3:13].[CH:24]1=[CH:25][CH:26]=[CH:27][C:22](=[CH:23]1)[P:21]([C:28]2=[CH:33][CH:32]=[CH:31][CH:30]=[CH:29]2)(=[O:20])[N:11]=[N+:10]=[N-:9].[O:8]=[C:7]([OH:34])[C:6]1=[C:4]([Cl:5])[N:3]=[C:2]([Cl:1])[S:12]1>>[N+:10](=[N:9][C:7](=[O:8])[C:6]1=[C:4]([Cl:5])[N:3]=[C:2]([Cl:1])[S:12]1)=[N-:11],nan,['CCN(CC)CC.[N-]=[N+]=NP(=O)(c1ccccc1)c1ccccc1.O=C(O)c1sc(Cl)nc1Cl>>[N-]=[N+]=NC(=O)c1sc(Cl)nc1Cl'],[CH2:16]([CH3:17])[N:15]([CH2:18][CH3:19])[CH2:14][CH3:13].[CH:24]1=[CH:25][CH:26]=[CH:27][C:22](=[CH:23]1)[P:21]([C:28]2=[CH:33][CH:32]=[CH:31][CH:30]=[CH:29]2)(=[O:20])[N:11]=[N+:10]=[N-:9].[O:8]=[C:7]([OH:34])[C:6]1=[C:4]([Cl:5])[N:3]=[C:2]([Cl:1])[S:12]1>>[N+:10](=[N:9][C:7](=[O:8])[C:6]1=[C:4]([Cl:5])[N:3]=[C:2]([Cl:1])[S:12]1)=[N-:11].[CH:24]1=[CH:25][CH:26]=[CH:27][C:22](=[CH:23]1)[P:21](=[O:20])([OH])[C:28]2=[CH:33][CH:32]=[CH:31][CH:30]=[CH:29]2.CC(C)N(CC)CC,False,False,unbalanced,
637,['golden_dataset_1737'],['golden_dataset'],[CH2:1]([C:2]1=[CH:3][CH:4]=[CH:5][CH:6]=[CH:7]1)[N:8]2[CH2:16][CH2:15][C:13](=[O:14])[CH:10]([CH2:9]2)[CH3:11].[CH3:17][C:18]([CH3:19])([CH3:20])[O-:21].[I:22][CH3:12].[K+:23]>>[CH3:11][C:10]1([CH3:12])[CH2:9][N:8]([CH2:16][CH2:15][C:13]1=[O:14])[CH2:1][C:2]2=[CH:3][CH:4]=[CH:5][CH:6]=[CH:7]2,[CH2:1]([C:2]1=[CH:3][CH:4]=[CH:5][CH:6]=[CH:7]1)[N:8]2[CH2:16][CH2:15][C:13](=[O:14])[CH:10]([CH2:9]2)[CH3:11].[I:22][CH3:12].[CH3:17][C:18]([CH3:19])([CH3:20])[O-:21]>>[I-:22].[CH3:11][C:10]1([CH3:12])[CH2:9][N:8]([CH2:16][CH2:15][C:13]1=[O:14])[CH2:1][C:2]2=[CH:3][CH:4]=[CH:5][CH:6]=[CH:7]2.[CH3:17][C:18]([CH3:19])([CH3:20])[OH:21],[],[CH2:1]([C:2]1=[CH:3][CH:4]=[CH:5][CH:6]=[CH:7]1)[N:8]2[CH2:16][CH2:15][C:13](=[O:14])[CH:10]([CH2:9]2)[CH3:11].[CH3:17][C:18]([CH3:19])([CH3:20])[O-:21].[I:22][CH3:12].[K+:23]>>[CH3:11][C:10]1([CH3:12])[CH2:9][N:8]([CH2:16][CH2:15][C:13]1=[O:14])[CH2:1][C:2]2=[CH:3][CH:4]=[CH:5][CH:6]=[CH:7]2.[CH3:17][C:18]([CH3:19])([CH3:20])[OH:21].[K+:23].[I-:22],True,False,balanced,
638,['golden_dataset_1738'],['golden_dataset'],[CH2:1]([C:2]1=[CH:3][CH:4]=[CH:5][CH:6]=[CH:7]1)[N:8]2[CH2:16][CH2:14][C:12](=[O:13])[CH:10]([CH2:9]2)[CH3:11].[CH3:17][CH:18]([CH3:19])[N-:20][CH:21]([CH3:22])[CH3:23].[I:24][CH3:15].[Li+:25]>>[CH3:11][CH:10]1[CH2:9][N:8]([CH2:16][CH:14]([CH3:15])[C:12]1=[O:13])[CH2:1][C:2]=2[CH:7]=[CH:6][CH:5]=[CH:4][CH:3]=2,nan,"['CC1CN(Cc2ccccc2)CCC1=O.CC(C)[N-]C(C)C.CI.[Li+]>>CC1CN(Cc2ccccc2)CC(C)C1=O.CC(C)[N-]C(C)O.CI.[Li+]', 'CC1CN(Cc2ccccc2)CCC1=O.CC(C)[N-]C(C)C.CI.[Li+].O>>CC1CN(Cc2ccccc2)CC(C)C1=O.CC(C)[N-]C(C)O.CI.[Li+]']",[CH2:1]([C:2]1=[CH:3][CH:4]=[CH:5][CH:6]=[CH:7]1)[N:8]2[CH2:16][CH2:14][C:12](=[O:13])[CH:10]([CH2:9]2)[CH3:11].[CH3:17][CH:18]([CH3:19])[N-:20][CH:21]([CH3:22])[CH3:23].[I:24][CH3:15].[Li+:25]>>[CH3:11][CH:10]1[CH2:9][N:8]([CH2:16][CH:14]([CH3:15])[C:12]1=[O:13])[CH2:1][C:2]=2[CH:7]=[CH:6][CH:5]=[CH:4][CH:3]=2.[CH3:17][CH:18]([CH3:19])[NH:20][CH:21]([CH3:22])[CH3:23].[Li+].[I-],True,False,balanced,
643,['golden_dataset_1743'],['golden_dataset'],[CH2:33]1[CH2:34][N+:29]2([CH2:30][CH2:31][N+:32]1([CH2:35][CH2:36]2)[F:1])[CH2:28][Cl:27].[CH3:17][C:16]([CH3:18])([CH3:19])[O:15][C:14]([C:13]1=[CH:21][N:22]=[C:23]([CH:2]=[C:3]1[NH:4][C:5]2=[C:6]([CH:8]=[C:9]([Br:10])[CH:11]=[CH:12]2)[Cl:7])[NH2:24])=[O:20].[CH3:25][OH:26].[F:37][B-:38]([F:40])([F:41])[F:39].[F:42][B-:43]([F:44])([F:45])[F:46]>>[CH3:17][C:16]([CH3:18])([CH3:19])[O:15][C:14]([C:13]1=[CH:21][N:22]=[C:23]([C:2]([F:1])=[C:3]1[NH:4][C:5]2=[C:6]([Cl:7])[CH:8]=[C:9]([CH:11]=[CH:12]2)[Br:10])[NH2:24])=[O:20],C1C[N+]2(CC[N+]1(CC2)F)CCl.CC(C)(C)OC(C1=CN=C(C=C1NC2=C(C=C(Br)C=C2)Cl)N)=O.CO.F[B-](F)(F)F.F[B-](F)(F)F>>CC(C)(C)OC(C1=CN=C(C(F)=C1NC2=C(Cl)C=C(C=C2)Br)N)=O.CO.ClC[N+]12CC[NH+](CC1)CC2.F[B-](F)(F)F.F[B-](F)(F)F,[],[CH2:33]1[CH2:34][N+:29]2([CH2:30][CH2:31][N+:32]1([CH2:35][CH2:36]2)[F:1])[CH2:28][Cl:27].[CH3:17][C:16]([CH3:18])([CH3:19])[O:15][C:14]([C:13]1=[CH:21][N:22]=[C:23]([CH:2]=[C:3]1[NH:4][C:5]2=[C:6]([CH:8]=[C:9]([Br:10])[CH:11]=[CH:12]2)[Cl:7])[NH2:24])=[O:20].[CH3:25][OH:26].[F:37][B-:38]([F:40])([F:41])[F:39].[F:42][B-:43]([F:44])([F:45])[F:46]>>[CH3:17][C:16]([CH3:18])([CH3:19])[O:15][C:14]([C:13]1=[CH:21][N:22]=[C:23]([C:2]([F:1])=[C:3]1[NH:4][C:5]2=[C:6]([Cl:7])[CH:8]=[C:9]([CH:11]=[CH:12]2)[Br:10])[NH2:24])=[O:20].[CH3:25][OH:26].[F:37][B:38]([F:40])([F:41])[F:39].[F:42][B:43]([F:44])([F:45])[F:46].[Cl:27][CH2:28][CH2:33][CH2:34][N:29]1[CH2:30][CH2:31][N:32]([CH2:35][CH2:36]1)[CH2:28][Cl:27],False,False,unbalanced,
645,['golden_dataset_1745'],['golden_dataset'],[CH2:37]([CH3:36])[N:38]([CH2:41][CH3:42])[CH2:39][CH3:40].[CH:28]([O:27][CH2:1][CH2:2][O:3][NH2:4])=[CH2:29].[C:58]12=[CH:59][CH:60]=[CH:61][CH:62]=[C:63]1[N:55]([OH:54])[N:56]=[N:57]2.[CH2:30]1[CH2:31][CH:32]1[CH2:33][O:34][NH:35][C:5](=[O:6])[C:7]=2[C:13](=[C:11]([C:10]3=[C:9]([C:25]([CH3:26])=[N:24][O:23]3)[CH:8]=2)[F:12])[NH:14][C:15]=4[CH:22]=[CH:21][C:19](=[CH:18][C:16]=4[Cl:17])[Br:20].[CH3:52][N:51]([CH3:53])[CH2:50][CH2:49][CH2:48][N:47]=[C:46]=[N:45][CH2:44][CH3:43]>>[CH:28]([O:27][CH2:1][CH2:2][O:3][NH:4][C:5](=[O:6])[C:7]=1[C:13](=[C:11]([C:10]2=[C:9]([C:25]([CH3:26])=[N:24][O:23]2)[CH:8]=1)[F:12])[NH:14][C:15]=3[CH:22]=[CH:21][C:19]([Br:20])=[CH:18][C:16]=3[Cl:17])=[CH2:29],nan,['Cc1noc2c(F)c(Nc3ccc(Br)cc3Cl)c(C(=O)NOCC3CC3)cc12.CCN=C=NCCCN(C)C.C=COCCON.CCN(CC)CC.On1nnc2ccccc21>>C=COCCONC(=O)c1cc2c(C)noc2c(F)c1Nc1ccc(Br)cc1Cl'],[CH2:37]([CH3:36])[N:38]([CH2:41][CH3:42])[CH2:39][CH3:40].[CH:28]([O:27][CH2:1][CH2:2][O:3][NH2:4])=[CH2:29].[C:58]12=[CH:59][CH:60]=[CH:61][CH:62]=[C:63]1[N:55]([OH:54])[N:56]=[N:57]2.[CH2:30]1[CH2:31][CH:32]1[CH2:33][O:34][NH:35][C:5](=[O:6])[C:7]=2[C:13](=[C:11]([C:10]3=[C:9]([C:25]([CH3:26])=[N:24][O:23]3)[CH:8]=2)[F:12])[NH:14][C:15]=4[CH:22]=[CH:21][C:19](=[CH:18][C:16]=4[Cl:17])[Br:20].[CH3:52][N:51]([CH3:53])[CH2:50][CH2:49][CH2:48][N:47]=[C:46]=[N:45][CH2:44][CH3:43]>>[CH:28]([O:27][CH2:1][CH2:2][O:3][NH:4][C:5](=[O:6])[C:7]=1[C:13](=[C:11]([C:10]2=[C:9]([C:25]([CH3:26])=[N:24][O:23]2)[CH:8]=1)[F:12])[NH:14][C:15]=3[CH:22]=[CH:21][C:19]([Br:20])=[CH:18][C:16]=3[Cl:17])=[CH2:29].[CH2:37]([CH3:36])[N:38]([CH2:41][CH3:42])[CH2:39][CH3:40].[C:58]12=[CH:59][CH:60]=[CH:61][CH:62]=[C:63]1[N:55]([OH:54])[N:56]=[N:57]2.[CH3:52][N:51]([CH3:53])[CH2:50][CH2:49][CH2:48][N:47]=[C:46]=[N:45][CH2:44][CH3:43],False,False,unbalanced,
646,['golden_dataset_1746'],['golden_dataset'],[CH2:36]([CH3:35])[OH:37].[C:42]1([C:43]=2[C:48]([C:49](=[O:50])[N:28]1[CH2:27][CH2:26][O:25][CH2:24][CH2:23][O:22][CH2:21][CH2:20][O:19][CH2:18][CH2:17][C:16](=[O:29])[NH:15][C:14]=3[CH:13]=[CH:12][CH:11]=[C:10]([CH:9]4[C:7]5=[CH:8][C:2]([Cl:1])=[CH:3][C:4]([Cl:5])=[C:6]5[CH2:34][N:32]([CH2:31]4)[CH3:33])[CH:30]=3)=[CH:47][CH:46]=[CH:45][CH:44]=2)=[O:41].[NH2:38][NH2:39].[OH2:40]>>[Cl:1][C:2]1=[CH:3][C:4](=[C:6]2[CH2:34][N:32]([CH2:31][CH:9]([C:7]2=[CH:8]1)[C:10]=3[CH:30]=[C:14]([CH:13]=[CH:12][CH:11]=3)[NH:15][C:16](=[O:29])[CH2:17][CH2:18][O:19][CH2:20][CH2:21][O:22][CH2:23][CH2:24][O:25][CH2:26][CH2:27][NH2:28])[CH3:33])[Cl:5],C(C)O.C1(C=2C(C(=O)N1CCOCCOCCOCCC(=O)NC=3C=CC=C(C4C5=CC(Cl)=CC(Cl)=C5CN(C4)C)C=3)=CC=CC=2)=O.NN.O.O.O>>ClC1=CC(=C2CN(CC(C2=C1)C=3C=C(C=CC=3)NC(=O)CCOCCOCCOCCN)C)Cl.O=C(O)c1ccccc1C(=O)O.C(C)O.NN.O,[],[CH2:36]([CH3:35])[OH:37].[C:42]1([C:43]=2[C:48]([C:49](=[O:50])[N:28]1[CH2:27][CH2:26][O:25][CH2:24][CH2:23][O:22][CH2:21][CH2:20][O:19][CH2:18][CH2:17][C:16](=[O:29])[NH:15][C:14]=3[CH:13]=[CH:12][CH:11]=[C:10]([CH:9]4[C:7]5=[CH:8][C:2]([Cl:1])=[CH:3][C:4]([Cl:5])=[C:6]5[CH2:34][N:32]([CH2:31]4)[CH3:33])[CH:30]=3)=[CH:47][CH:46]=[CH:45][CH:44]=2)=[O:41].[NH2:38][NH2:39].[OH2:40]>>[Cl:1][C:2]1=[CH:3][C:4](=[C:6]2[CH2:34][N:32]([CH2:31][CH:9]([C:7]2=[CH:8]1)[C:10]=3[CH:30]=[C:14]([CH:13]=[CH:12][CH:11]=3)[NH:15][C:16](=[O:29])[CH2:17][CH2:18][O:19][CH2:20][CH2:21][O:22][CH2:23][CH2:24][O:25][CH2:26][CH2:27][NH2:28])[CH3:33])[Cl:5].O=C1CCCC1.O=C1CCCC1,False,False,unbalanced,
649,['golden_dataset_1749'],['golden_dataset'],[NH2:12][NH2:13].[OH2:14].[O:5]([CH2:6][CH3:7])[P:4]([O:8][CH2:9][CH3:10])(=[O:11])[CH2:3][CH2:2][N:1]1[C:16](=[O:15])[C:17]2=[CH:18][CH:19]=[CH:20][CH:21]=[C:22]2[C:23]1=[O:24]>>[CH2:6]([O:5][P:4]([O:8][CH2:9][CH3:10])([CH2:3][CH2:2][NH2:1])=[O:11])[CH3:7],[OH2:14].[O:5]([CH2:6][CH3:7])[P:4]([O:8][CH2:9][CH3:10])(=[O:11])[CH2:3][CH2:2][N:1]1[C:16](=[O:15])[C:17]2=[CH:18][CH:19]=[CH:20][CH:21]=[C:22]2[C:23]1=[O:24].[NH2:12][NH2:13]>>[CH2:6]([O:5][P:4]([O:8][CH2:9][CH3:10])([CH2:3][CH2:2][NH2:1])=[O:11])[CH3:7].O=C1c2ccccc2C(=O)N1O.N,[],[NH2:12][NH2:13].[OH2:14].[O:5]([CH2:6][CH3:7])[P:4]([O:8][CH2:9][CH3:10])(=[O:11])[CH2:3][CH2:2][N:1]1[C:16](=[O:15])[C:17]2=[CH:18][CH:19]=[CH:20][CH:21]=[C:22]2[C:23]1=[O:24]>>[CH2:6]([O:5][P:4]([O:8][CH2:9][CH3:10])([CH2:3][CH2:2][NH2:1])=[O:11])[CH3:7].O=C1NC(=O)c2ccccc21,False,False,unbalanced,
652,['golden_dataset_1753'],['golden_dataset'],[CH3:22][C:23]([CH3:24])([CH3:25])[O:26][C:27]([NH:3][CH2:4][C:5]=1[CH:18]=[N:17][C:13](=[C:7]([C:8]([O:10][CH2:11][CH3:12])=[O:9])[CH:6]=1)[CH:14]([F:16])[F:15])=[O:28].[CH3:20][CH:19]([CH3:21])[C:1]([Cl:38])=[O:2].[CH3:33][CH:32]([CH3:34])[N:31]([CH:35]([CH3:36])[CH3:37])[CH2:30][CH3:29]>>[CH3:20][CH:19]([CH3:21])[C:1]([NH:3][CH2:4][C:5]=1[CH:18]=[N:17][C:13]([CH:14]([F:16])[F:15])=[C:7]([C:8]([O:10][CH2:11][CH3:12])=[O:9])[CH:6]=1)=[O:2],CC(C)(C)OC(NCC=1C=NC(=C(C(OCC)=O)C=1)C(F)F)=O.CC(C)C(Cl)=O>>CC(C)(C)OC(=O)Cl.CC(C)C(NCC=1C=NC(C(F)F)=C(C(OCC)=O)C=1)=O,[],[CH3:22][C:23]([CH3:24])([CH3:25])[O:26][C:27]([NH:3][CH2:4][C:5]=1[CH:18]=[N:17][C:13](=[C:7]([C:8]([O:10][CH2:11][CH3:12])=[O:9])[CH:6]=1)[CH:14]([F:16])[F:15])=[O:28].[CH3:20][CH:19]([CH3:21])[C:1]([Cl:38])=[O:2].[CH3:33][CH:32]([CH3:34])[N:31]([CH:35]([CH3:36])[CH3:37])[CH2:30][CH3:29]>>[CH3:20][CH:19]([CH3:21])[C:1]([NH:3][CH2:4][C:5]=1[CH:18]=[N:17][C:13]([CH:14]([F:16])[F:15])=[C:7]([C:8]([O:10][CH2:11][CH3:12])=[O:9])[CH:6]=1)=[O:2].[CH3:22][C:23]([CH3:24])([CH3:25])[O:26][C:27]([Cl:38])=[O:28].[CH3:33][CH:32]([CH3:34])[N:31]([CH:35]([CH3:36])[CH3:37])[CH2:30][CH3:29],True,False,balanced,
655,['golden_dataset_1756'],['golden_dataset'],[CH3:7][C:6](=[O:5])[O:8][C:9]1=[C:10]2[O:29][C:27]([Br:28])=[C:12]([C:13](=[O:26])[C:14]3=[CH:15][C:16](=[C:19]([O:20][CH3:21])[C:22](=[CH:25]3)[O:23][CH3:24])[O:17][CH3:18])[C:11]2=[CH:30][CH:31]=[C:32]1[O:33][CH3:34].[OH:3][B:2]([OH:4])[CH3:1].[Cl-:39].[NH4+:40].[Na+:41].[O-:35][C:36](=[O:37])[OH:38]>>[C:16]=1([CH:15]=[C:14]([C:13](=[O:26])[C:12]2=[C:27]([CH3:1])[O:29][C:10]=3[C:9]([OH:8])=[C:32]([O:33][CH3:34])[CH:31]=[CH:30][C:11]2=3)[CH:25]=[C:22]([C:19]=1[O:20][CH3:21])[O:23][CH3:24])[O:17][CH3:18],[Na+:41].[CH3:7][C:6](=[O:5])[O:8][C:9]1=[C:10]2[O:29][C:27]([Br:28])=[C:12]([C:13](=[O:26])[C:14]3=[CH:15][C:16](=[C:19]([O:20][CH3:21])[C:22](=[CH:25]3)[O:23][CH3:24])[O:17][CH3:18])[C:11]2=[CH:30][CH:31]=[C:32]1[O:33][CH3:34].O.[O-:35][C:36](=[O:37])[OH:38].[OH:3][B:2]([OH:4])[CH3:1].[Cl-:39].[NH4+:40]>>[C:36](=[O:37])=[O:35].[CH3:7][C:6](=[O:5])[OH].[B:2]([OH:3])([OH:4])[OH:38].[NH4+].[C:16]=1([CH:15]=[C:14]([C:13](=[O:26])[C:12]2=[C:27]([CH3:1])[O:29][C:10]=3[C:9]([OH:8])=[C:32]([O:33][CH3:34])[CH:31]=[CH:30][C:11]2=3)[CH:25]=[C:22]([C:19]=1[O:20][CH3:21])[O:23][CH3:24])[O:17][CH3:18].[Cl-].[Na+].[Br-:28],[],[CH3:7][C:6](=[O:5])[O:8][C:9]1=[C:10]2[O:29][C:27]([Br:28])=[C:12]([C:13](=[O:26])[C:14]3=[CH:15][C:16](=[C:19]([O:20][CH3:21])[C:22](=[CH:25]3)[O:23][CH3:24])[O:17][CH3:18])[C:11]2=[CH:30][CH:31]=[C:32]1[O:33][CH3:34].[OH:3][B:2]([OH:4])[CH3:1].[Cl-:39].[NH4+:40].[Na+:41].[O-:35][C:36](=[O:37])[OH:38]>>[C:16]=1([CH:15]=[C:14]([C:13](=[O:26])[C:12]2=[C:27]([CH3:1])[O:29][C:10]=3[C:9]([OH:8])=[C:32]([O:33][CH3:34])[CH:31]=[CH:30][C:11]2=3)[CH:25]=[C:22]([C:19]=1[O:20][CH3:21])[O:23][CH3:24])[O:17][CH3:18].Br.[Na+].[Cl-].[NH4+].[OH-].[OH-].O=C(O)O.B(O)O,False,False,unbalanced,
656,['golden_dataset_1757'],['golden_dataset'],[CH3:6][C:5]([CH3:8])([CH3:7])[O:4][C:3]([CH2:2][CH2:10][C:11]([OH:13])=[O:12])=[O:9].[CH3:16][CH:15]([CH3:14])[N-:17][CH:18]([CH3:19])[CH3:20].[I:21][CH3:1].[Li+:22]>>[CH3:6][C:5]([CH3:8])([CH3:7])[O:4][C:3](=[O:9])[CH:2]([CH2:10][C:11]([OH:13])=[O:12])[CH3:1],nan,"['CC(C)(C)OC(=O)CCC(=O)O.CC(C)[N-]C(C)C.CI.[Li+]>>CC(CC(=O)O)C(=O)OC(C)(C)C.CC(C)[N-]C(C)O.CI.[Li+]', 'CC(C)(C)OC(=O)CCC(=O)O.CC(C)[N-]C(C)C.CI.[Li+].O>>CC(CC(=O)O)C(=O)OC(C)(C)C.CC(C)[N-]C(C)O.CI.[Li+]']",[CH3:6][C:5]([CH3:8])([CH3:7])[O:4][C:3]([CH2:2][CH2:10][C:11]([OH:13])=[O:12])=[O:9].[CH3:16][CH:15]([CH3:14])[N-:17][CH:18]([CH3:19])[CH3:20].[I:21][CH3:1].[Li+:22]>>[CH3:6][C:5]([CH3:8])([CH3:7])[O:4][C:3](=[O:9])[CH:2]([CH2:10][C:11]([OH:13])=[O:12])[CH3:1].[CH3:16][CH:15]([CH3:14])[NH:17][CH:18]([CH3:19])[CH3:20].[Li:22][I:21],True,False,balanced,
671,['golden_dataset_1774'],['golden_dataset'],[CH2:16]1[CH2:15][CH:14]([CH2:27][CH2:26][N:17]1[C:18]=2[N:25]=[CH:24][C:21]([CH2:22][CH3:23])=[CH:20][N:19]=2)[CH:13]3[CH:12]([CH2:28]3)[CH:8]([O:7][CH2:6][C:5]4=[CH:4][CH:3]=[C:2]([CH:30]=[CH:29]4)[Br:1])[CH2:9][OH:10].[CH3:33][Si:32]([CH3:34])([CH3:31])[N-:35][Si:36]([CH3:37])([CH3:38])[CH3:39].[I:40][CH3:11].[Na+:41]>>[CH2:16]1[CH2:15][CH:14]([CH2:27][CH2:26][N:17]1[C:18]=2[N:25]=[CH:24][C:21]([CH2:22][CH3:23])=[CH:20][N:19]=2)[CH:13]3[CH2:28][CH:12]3[CH:8]([CH2:9][O:10][CH3:11])[O:7][CH2:6][C:5]=4[CH:29]=[CH:30][C:2](=[CH:3][CH:4]=4)[Br:1],nan,"['CCc1cnc(N2CCC(C3CC3C(CO)OCc3ccc(Br)cc3)CC2)nc1.C[Si](C)(C)[N-][Si](C)(C)C.CI.[Na+].O>>CCc1cnc(N2CCC(C3CC3C(COC)OCc3ccc(Br)cc3)CC2)nc1.C[Si](C)(C)[N-][Si](C)(C)O.CI.[Na+]', 'CCc1cnc(N2CCC(C3CC3C(CO)OCc3ccc(Br)cc3)CC2)nc1.C[Si](C)(C)[N-][Si](C)(C)C.CI.[Na+]>>CCc1cnc(N2CCC(C3CC3C(COC)OCc3ccc(Br)cc3)CC2)nc1.C[Si](C)(C)[N-][Si](C)(C)O.CI.[Na+]']",[CH2:16]1[CH2:15][CH:14]([CH2:27][CH2:26][N:17]1[C:18]=2[N:25]=[CH:24][C:21]([CH2:22][CH3:23])=[CH:20][N:19]=2)[CH:13]3[CH:12]([CH2:28]3)[CH:8]([O:7][CH2:6][C:5]4=[CH:4][CH:3]=[C:2]([CH:30]=[CH:29]4)[Br:1])[CH2:9][OH:10].[CH3:33][Si:32]([CH3:34])([CH3:31])[N-:35][Si:36]([CH3:37])([CH3:38])[CH3:39].[I:40][CH3:11].[Na+:41]>>[CH2:16]1[CH2:15][CH:14]([CH2:27][CH2:26][N:17]1[C:18]=2[N:25]=[CH:24][C:21]([CH2:22][CH3:23])=[CH:20][N:19]=2)[CH:13]3[CH2:28][CH:12]3[CH:8]([CH2:9][O:10][CH3:11])[O:7][CH2:6][C:5]=4[CH:29]=[CH:30][C:2](=[CH:3][CH:4]=4)[Br:1].[CH3:33][Si:32]([CH3:34])([CH3:31])[N:35][Si:36]([CH3:37])([CH3:38])[CH3:39].[Na+:41].[I-:40],False,False,unbalanced,
672,['golden_dataset_1775'],['golden_dataset'],[CH2:40]1[CH2:41][CH:42]([CH2:48][CH2:49][N:39]1[C:38]2=[N:37][CH:36]=[C:35]([CH:51]=[N:50]2)[CH:33]([CH3:32])[CH3:34])[CH:43]3[CH:45]([CH2:44]3)[CH2:46][OH:47].[CH2:9]1[CH2:10][CH:11]([CH2:28][CH2:29][N:8]1[C:7]2=[N:6][CH:5]=[C:4]([CH:31]=[N:30]2)[CH:1]([CH3:2])[CH3:3])[CH:12]3[CH:13]([CH2:14][I:52])[CH2:27]3.[O:23]=[S:21](=[O:24])([CH3:22])[C:20]1=[CH:19][CH:18]=[C:17]([CH2:16][OH:15])[CH:26]=[CH:25]1>>[CH2:10]1[CH2:9][N:8]([CH2:29][CH2:28][CH:11]1[CH:12]2[CH2:27][CH:13]2[CH2:14][O:15][CH2:16][C:17]=3[CH:26]=[CH:25][C:20]([S:21](=[O:24])(=[O:23])[CH3:22])=[CH:19][CH:18]=3)[C:7]=4[N:30]=[CH:31][C:4](=[CH:5][N:6]=4)[CH:1]([CH3:2])[CH3:3],C1CC(CCN1C2=NC=C(C=N2)C(C)C)C3C(C3)CO.C1CC(CCN1C2=NC=C(C=N2)C(C)C)C3C(CI)C3.O=S(=O)(C)C1=CC=C(CO)C=C1>>C1CN(CCC1C2CC2COCC=3C=CC(S(=O)(=O)C)=CC=3)C=4N=CC(=CN=4)C(C)C.CC(C)c1cnc(N2CCC(C3CC3CI)CC2)nc1.O,[],[CH2:40]1[CH2:41][CH:42]([CH2:48][CH2:49][N:39]1[C:38]2=[N:37][CH:36]=[C:35]([CH:51]=[N:50]2)[CH:33]([CH3:32])[CH3:34])[CH:43]3[CH:45]([CH2:44]3)[CH2:46][OH:47].[CH2:9]1[CH2:10][CH:11]([CH2:28][CH2:29][N:8]1[C:7]2=[N:6][CH:5]=[C:4]([CH:31]=[N:30]2)[CH:1]([CH3:2])[CH3:3])[CH:12]3[CH:13]([CH2:14][I:52])[CH2:27]3.[O:23]=[S:21](=[O:24])([CH3:22])[C:20]1=[CH:19][CH:18]=[C:17]([CH2:16][OH:15])[CH:26]=[CH:25]1>>[CH2:10]1[CH2:9][N:8]([CH2:29][CH2:28][CH:11]1[CH:12]2[CH2:27][CH:13]2[CH2:14][O:15][CH2:16][C:17]=3[CH:26]=[CH:25][C:20]([S:21](=[O:24])(=[O:23])[CH3:22])=[CH:19][CH:18]=3)[C:7]=4[N:30]=[CH:31][C:4](=[CH:5][N:6]=4)[CH:1]([CH3:2])[CH3:3].[CH2:40]1[CH2:41][CH:42]([CH2:48][CH2:49][N:39]1[C:38]2=[N:37][CH:36]=[C:35]([CH:51]=[N:50]2)[CH:33]([CH3:32])[CH3:34])[CH:43]3[CH:45]([CH2:44]3)[CH2:46][OH:47].[I-:52],False,False,unbalanced,
674,['golden_dataset_1777'],['golden_dataset'],[CH2:17]([CH3:16])[N:18]([CH2:19][CH3:20])[CH2:21][CH3:22].[CH2:9]1[CH2:10][C:11](=[O:12])[N:6]([C:7]1=[O:8])[O:5][C:4]([O:30][N:29]2[C:24]([CH2:25][CH2:26][C:27]2=[O:28])=[O:23])=[O:13].[CH2:14]1[CH2:15][CH:1]1[CH2:2][OH:3]>>[CH2:9]1[CH2:10][C:11](=[O:12])[N:6]([C:7]1=[O:8])[O:5][C:4](=[O:13])[O:3][CH2:2][CH:1]2[CH2:14][CH2:15]2,C(C)N(CC)CC.C1CC(=O)N(C1=O)OC(ON2C(CCC2=O)=O)=O.C1CC1CO.[H].[H]>>C1CC(=O)N(C1=O)OC(=O)OCC2CC2.CCN(CC)CC.O.O=C1CCC(=O)N1,[],[CH2:17]([CH3:16])[N:18]([CH2:19][CH3:20])[CH2:21][CH3:22].[CH2:9]1[CH2:10][C:11](=[O:12])[N:6]([C:7]1=[O:8])[O:5][C:4]([O:30][N:29]2[C:24]([CH2:25][CH2:26][C:27]2=[O:28])=[O:23])=[O:13].[CH2:14]1[CH2:15][CH:1]1[CH2:2][OH:3]>>[CH2:9]1[CH2:10][C:11](=[O:12])[N:6]([C:7]1=[O:8])[O:5][C:4](=[O:13])[O:3][CH2:2][CH:1]2[CH2:14][CH2:15]2.O=C1CCC(=O)N1O.CCN(CC)CC,True,False,balanced,
677,['golden_dataset_1780'],['golden_dataset'],[CH2:33]1[CH2:34][N+:27]2([CH2:32][CH2:31][N+:30]1([CH2:29][CH2:28]2)[F:24])[CH2:26][Cl:25].[CH3:18][C:17]([CH3:19])([CH3:20])[O:16][CH:10]([C:9]=1[C:21]([CH3:22])=[CH:23][C:4]=2[N:3]=[C:2]([Br:1])[S:6][C:5]=2[C:7]=1[OH:8])[C:11](=[O:12])[O:13][CH2:14][CH3:15].[F:35][B-:36]([F:37])([F:38])[F:39].[F:40][B-:41]([F:42])([F:43])[F:44]>>[CH3:18][C:17]([CH3:19])([CH3:20])[O:16][CH:10]([C:11](=[O:12])[O:13][CH2:14][CH3:15])[C:9]1=[C:7]([OH:8])[C:5]2=[C:4]([C:23]([F:24])=[C:21]1[CH3:22])[N:3]=[C:2]([Br:1])[S:6]2,[CH2:33]1[CH2:34][N+:27]2([CH2:32][CH2:31][N+:30]1([CH2:29][CH2:28]2)[F:24])[CH2:26][Cl:25].[CH3:18][C:17]([CH3:19])([CH3:20])[O:16][CH:10]([C:9]=1[C:21]([CH3:22])=[CH:23][C:4]=2[N:3]=[C:2]([Br:1])[S:6][C:5]=2[C:7]=1[OH:8])[C:11](=[O:12])[O:13][CH2:14][CH3:15].[F:35][B-:36]([F:37])([F:38])[F:39].[F:40][B-:41]([F:42])([F:43])[F:44]>>[CH3:18][C:17]([CH3:19])([CH3:20])[O:16][CH:10]([C:11](=[O:12])[O:13][CH2:14][CH3:15])[C:9]1=[C:7]([OH:8])[C:5]2=[C:4]([C:23]([F:24])=[C:21]1[CH3:22])[N:3]=[C:2]([Br:1])[S:6]2.[Cl:25][CH2:26][N+:27]12[CH2:28][CH2:29][NH+:30]([CH2:31][CH2:32]1)[CH2:33][CH2:34]2.[F:35][B-:36]([F:37])([F:38])[F:39].[F:40][B-:41]([F:42])([F:43])[F:44],[],[CH2:33]1[CH2:34][N+:27]2([CH2:32][CH2:31][N+:30]1([CH2:29][CH2:28]2)[F:24])[CH2:26][Cl:25].[CH3:18][C:17]([CH3:19])([CH3:20])[O:16][CH:10]([C:9]=1[C:21]([CH3:22])=[CH:23][C:4]=2[N:3]=[C:2]([Br:1])[S:6][C:5]=2[C:7]=1[OH:8])[C:11](=[O:12])[O:13][CH2:14][CH3:15].[F:35][B-:36]([F:37])([F:38])[F:39].[F:40][B-:41]([F:42])([F:43])[F:44]>>[CH3:18][C:17]([CH3:19])([CH3:20])[O:16][CH:10]([C:11](=[O:12])[O:13][CH2:14][CH3:15])[C:9]1=[C:7]([OH:8])[C:5]2=[C:4]([C:23]([F:24])=[C:21]1[CH3:22])[N:3]=[C:2]([Br:1])[S:6]2.C1CN2CCN1CC2.Cl,False,False,unbalanced,
678,['golden_dataset_1781'],['golden_dataset'],[CH3:12][C:11]([CH3:13])([CH3:14])[O:10][CH:9]([CH2:8][O:7][C:1]([C:2]([CH3:3])([CH3:4])[CH3:5])=[O:6])[C:15]=1[C:26](=[CH:25][C:19]2=[C:18]([S:24][C:22](=[O:23])[NH:20]2)[C:16]=1[Br:17])[CH3:27].[CH3:28][C:29]([CH3:30])([CH3:31])[O-:32].[I:33][CH3:21].[K+:34]>>[CH3:12][C:11]([CH3:13])([CH3:14])[O:10][CH:9]([CH2:8][O:7][C:1]([C:2]([CH3:3])([CH3:4])[CH3:5])=[O:6])[C:15]1=[C:16]([Br:17])[C:18]2=[C:19]([N:20]([C:22]([S:24]2)=[O:23])[CH3:21])[CH:25]=[C:26]1[CH3:27],CC(C)(C)OC(COC(C(C)(C)C)=O)C=1C(=CC2=C(SC(=O)N2)C=1Br)C.IC>>[I-].[H+].CC(C)(C)OC(COC(C(C)(C)C)=O)C1=C(Br)C2=C(N(C(S2)=O)C)C=C1C,"['Cc1cc2[nH]c(=O)sc2c(Br)c1C(COC(=O)C(C)(C)C)OC(C)(C)C.CC(C)(C)[O-].CI.[K+].O>>Cc1cc2c(sc(=O)n2C)c(Br)c1C(COC(=O)C(C)(C)C)OC(C)(C)C.CC(C)([O-])O.CI.[K+]', 'Cc1cc2[nH]c(=O)sc2c(Br)c1C(COC(=O)C(C)(C)C)OC(C)(C)C.CC(C)(C)[O-].CI.[K+]>>Cc1cc2c(sc(=O)n2C)c(Br)c1C(COC(=O)C(C)(C)C)OC(C)(C)C.CC(C)([O-])O.CI.[K+]']",[CH3:12][C:11]([CH3:13])([CH3:14])[O:10][CH:9]([CH2:8][O:7][C:1]([C:2]([CH3:3])([CH3:4])[CH3:5])=[O:6])[C:15]=1[C:26](=[CH:25][C:19]2=[C:18]([S:24][C:22](=[O:23])[NH:20]2)[C:16]=1[Br:17])[CH3:27].[CH3:28][C:29]([CH3:30])([CH3:31])[O-:32].[I:33][CH3:21].[K+:34]>>[CH3:12][C:11]([CH3:13])([CH3:14])[O:10][CH:9]([CH2:8][O:7][C:1]([C:2]([CH3:3])([CH3:4])[CH3:5])=[O:6])[C:15]1=[C:16]([Br:17])[C:18]2=[C:19]([N:20]([C:22]([S:24]2)=[O:23])[CH3:21])[CH:25]=[C:26]1[CH3:27].[CH3:28][C:29]([CH3:30])([CH3:31])[O:32][I:33].[K+:34],False,False,unbalanced,
682,['golden_dataset_1786'],['golden_dataset'],[CH:22]1=[CH:21][C:18]([O:19][CH3:20])=[C:15]([O:16][CH3:17])[CH:14]=[C:13]1[CH2:12][N:11]2[C:23]3=[N:24][C:2]([NH2:1])=[N:3][C:4]([Cl:5])=[C:6]3[NH:7][C:9]2=[O:10].[CH3:25][N:26]([CH3:27])[CH:28]=[O:29].[I:30][CH3:8].[K+:35].[K+:36].[O-:33][C:32]([O-:31])=[O:34]>>[N:3]1=[C:2]([N:24]=[C:23]2[C:6]([N:7]([C:9](=[O:10])[N:11]2[CH2:12][C:13]=3[CH:22]=[CH:21][C:18]([O:19][CH3:20])=[C:15]([O:16][CH3:17])[CH:14]=3)[CH3:8])=[C:4]1[Cl:5])[NH2:1],C1=CC(OC)=C(OC)C=C1CN2C3=NC(N)=NC(Cl)=C3NC2=O.CN(C)C=O.IC.[K+].[K+].[O-]C([O-])=O>>N1=C(N=C2C(N(C(=O)N2CC=3C=CC(OC)=C(OC)C=3)C)=C1Cl)N.CI.CNC=O.O=C([O-])[O-].[K+].[K+],['COc1ccc(Cn2c(=O)[nH]c3c(Cl)nc(N)nc32)cc1OC.CN(C)C=O.O=C([O-])[O-].CI.[K+].[K+]>>COc1ccc(Cn2c(=O)n(C)c3c(Cl)nc(N)nc32)cc1OC.O=C([O-])[O-].CNC=O.CI.[K+].[K+]'],[CH:22]1=[CH:21][C:18]([O:19][CH3:20])=[C:15]([O:16][CH3:17])[CH:14]=[C:13]1[CH2:12][N:11]2[C:23]3=[N:24][C:2]([NH2:1])=[N:3][C:4]([Cl:5])=[C:6]3[NH:7][C:9]2=[O:10].[CH3:25][N:26]([CH3:27])[CH:28]=[O:29].[I:30][CH3:8].[K+:35].[K+:36].[O-:33][C:32]([O-:31])=[O:34]>>[N:3]1=[C:2]([N:24]=[C:23]2[C:6]([N:7]([C:9](=[O:10])[N:11]2[CH2:12][C:13]=3[CH:22]=[CH:21][C:18]([O:19][CH3:20])=[C:15]([O:16][CH3:17])[CH:14]=3)[CH3:8])=[C:4]1[Cl:5])[NH2:1].CN(C)C=O.[I-].[K+].[K+],False,False,unbalanced,
683,['golden_dataset_1787'],['golden_dataset'],[CH:28]1=[CH:29][C:30]([F:31])=[CH:32][CH:33]=[C:27]1[OH:1].[OH2:45].[O:40]=[S:39](=[O:41])([O:42][CH2:2][CH2:3][N:4]1[CH:13]2[N:12]([C:26]=3[C:15]([N:16]([CH:18]=[N:19][C:20]=3[C:21]4=[CH:22][CH:23]=[CH:24][O:25]4)[NH2:17])=[N:14]2)[N:7]([CH2:8][CH:9]5[CH2:10][CH2:11]5)[C:5]1=[O:6])[C:38]=6[CH:43]=[CH:44][C:35](=[CH:36][CH:37]=6)[CH3:34].[K+:50].[K+:51].[O-:48][C:47]([O-:46])=[O:49]>>[CH2:10]1[CH2:11][CH:9]1[CH2:8][N:7]2[N:12]3[C:26]=4[C:15]([N:16]([CH:18]=[N:19][C:20]=4[C:21]5=[CH:22][CH:23]=[CH:24][O:25]5)[NH2:17])=[N:14][CH:13]3[N:4]([CH2:3][CH2:2][O:1][C:27]=6[CH:28]=[CH:29][C:30](=[CH:32][CH:33]=6)[F:31])[C:5]2=[O:6],C1=CC(F)=CC=C1O.O.O=S(=O)(OCCN1C2N(C=3C(N(C=NC=3C4=CC=CO4)N)=N2)N(CC5CC5)C1=O)C=6C=CC(=CC=6)C.[K+].[K+].[O-]C([O-])=O.[H].[H]>>C1CC1CN2N3C=4C(N(C=NC=4C5=CC=CO5)N)=NC3N(CCOC=6C=CC(=CC=6)F)C2=O.Cc1ccc([SH](=O)=O)cc1.O.O.O=C([O-])[O-].[K+].[K+],[],[CH:28]1=[CH:29][C:30]([F:31])=[CH:32][CH:33]=[C:27]1[OH:1].[OH2:45].[O:40]=[S:39](=[O:41])([O:42][CH2:2][CH2:3][N:4]1[CH:13]2[N:12]([C:26]=3[C:15]([N:16]([CH:18]=[N:19][C:20]=3[C:21]4=[CH:22][CH:23]=[CH:24][O:25]4)[NH2:17])=[N:14]2)[N:7]([CH2:8][CH:9]5[CH2:10][CH2:11]5)[C:5]1=[O:6])[C:38]=6[CH:43]=[CH:44][C:35](=[CH:36][CH:37]=6)[CH3:34].[K+:50].[K+:51].[O-:48][C:47]([O-:46])=[O:49]>>[CH2:10]1[CH2:11][CH:9]1[CH2:8][N:7]2[N:12]3[C:26]=4[C:15]([N:16]([CH:18]=[N:19][C:20]=4[C:21]5=[CH:22][CH:23]=[CH:24][O:25]5)[NH2:17])=[N:14][CH:13]3[N:4]([CH2:3][CH2:2][O:1][C:27]=6[CH:28]=[CH:29][C:30](=[CH:32][CH:33]=6)[F:31])[C:5]2=[O:6].O=S(=O)([O-])c1ccc(C)cc1.[K+].[K+].[OH-],False,False,unbalanced,
685,['golden_dataset_1789'],['golden_dataset'],[CH2:48]([CH3:47])[N:49]([CH2:50][CH3:51])[CH2:52][CH3:53].[CH2:23]1[CH2:24][CH:25]([CH2:36][CH2:37][NH:22]1)[N:26]2[C:27](=[O:28])[NH:29][C:30]=3[N:31]=[CH:32][CH:33]=[CH:34][C:35]2=3.[C:12]=1([CH:17]=[CH:16][CH:15]=[CH:14][CH:13]=1)[CH:11]2[CH2:10][N:5]([CH2:6][CH2:7][O:8][CH3:9])[C:3](=[O:4])[CH:2]([CH2:19][CH2:18]2)[NH2:1].[CH3:42][CH:41]([CH3:43])[N:40]([CH:44]([CH3:45])[CH3:46])[CH2:39][CH3:38].[ClH:54].[ClH:55].[N+:61]([O-:62])(=[O:60])[C:63]1=[CH:64][CH:65]=[C:66]([O:67][C:20]([Cl:68])=[O:21])[CH:69]=[CH:70]1.[Na+:71].[Na+:72].[O-:56][C:57]([O-:58])=[O:59]>>[CH2:23]1[CH2:24][CH:25]([CH2:36][CH2:37][N:22]1[C:20](=[O:21])[NH:1][CH:2]2[CH2:19][CH2:18][CH:11]([CH2:10][N:5]([C:3]2=[O:4])[CH2:6][CH2:7][O:8][CH3:9])[C:12]=3[CH:17]=[CH:16][CH:15]=[CH:14][CH:13]=3)[N:26]4[C:27](=[O:28])[NH:29][C:30]=5[N:31]=[CH:32][CH:33]=[CH:34][C:35]4=5,C=1(C=CC=CC=1)C2CN(CCOC)C(=O)C(CC2)N.[N+]([O-])(=O)C1=CC=C(OC(Cl)=O)C=C1.C1CC(CCN1)N2C(=O)NC=3N=CC=CC2=3>>Cl.C1CC(CCN1C(=O)NC2CCC(CN(C2=O)CCOC)C=3C=CC=CC=3)N4C(=O)NC=5N=CC=CC4=5.O=[N+]([O-])c1ccc(O)cc1,[],[CH2:48]([CH3:47])[N:49]([CH2:50][CH3:51])[CH2:52][CH3:53].[CH2:23]1[CH2:24][CH:25]([CH2:36][CH2:37][NH:22]1)[N:26]2[C:27](=[O:28])[NH:29][C:30]=3[N:31]=[CH:32][CH:33]=[CH:34][C:35]2=3.[C:12]=1([CH:17]=[CH:16][CH:15]=[CH:14][CH:13]=1)[CH:11]2[CH2:10][N:5]([CH2:6][CH2:7][O:8][CH3:9])[C:3](=[O:4])[CH:2]([CH2:19][CH2:18]2)[NH2:1].[CH3:42][CH:41]([CH3:43])[N:40]([CH:44]([CH3:45])[CH3:46])[CH2:39][CH3:38].[ClH:54].[ClH:55].[N+:61]([O-:62])(=[O:60])[C:63]1=[CH:64][CH:65]=[C:66]([O:67][C:20]([Cl:68])=[O:21])[CH:69]=[CH:70]1.[Na+:71].[Na+:72].[O-:56][C:57]([O-:58])=[O:59]>>[CH2:23]1[CH2:24][CH:25]([CH2:36][CH2:37][N:22]1[C:20](=[O:21])[NH:1][CH:2]2[CH2:19][CH2:18][CH:11]([CH2:10][N:5]([C:3]2=[O:4])[CH2:6][CH2:7][O:8][CH3:9])[C:12]=3[CH:17]=[CH:16][CH:15]=[CH:14][CH:13]=3)[N:26]4[C:27](=[O:28])[NH:29][C:30]=5[N:31]=[CH:32][CH:33]=[CH:34][C:35]4=5.[CH2:48]([CH3:47])[N:49]([CH2:50][CH3:51])[CH2:52][CH3:53].[CH3:42][CH:41]([CH3:43])[N:40]([CH:44]([CH3:45])[CH3:46])[CH2:39][CH3:38].[Na+].[Na+].[Cl-].[Cl-].[Cl-].[O-][C]([O-])=[O].[N+]([O-])(=O)[C]1=[CH][CH]=[C]([O-])[CH]=[CH]1.[H+].[H+].[H+].[H+].[H+].[H+].[H+].[H+].[H+].[H+].[H+].[H+].[H+].[H+].[H+].[H+].[H+].[H+].[H+].[H+].[H+].[H+].[H+].[H+].[H+].[H+].[H+].[H+].[H+].[H+].[H+].[H+].[H+].[H+].[H+].[H+].[H+].[H+].[H+].[H+].[H+].[H+],False,False,unbalanced,
686,['golden_dataset_1790'],['golden_dataset'],[CH3:12][C:11]([CH3:13])([CH3:14])[O:10][C:9](=[O:15])[NH:8][CH:7]1[C:16]([N:18]([CH2:24][CH:4]([C:3]2=[C:2]([C:28](=[CH:27][CH:26]=[CH:25]2)[F:29])[F:1])[CH2:5][CH2:6]1)[CH2:19][CH2:20][S:21][CH3:22])=[O:17].[O:23]=[I:38](=[O:40])(=[O:39])[O-:37].[Na+:34].[Na+:35].[Na+:36].[O-:32][C:31]([O-:30])=[O:33]>>[CH3:12][C:11]([CH3:13])([CH3:14])[O:10][C:9](=[O:15])[NH:8][CH:7]1[CH2:6][CH2:5][CH:4]([C:3]2=[C:2]([C:28](=[CH:27][CH:26]=[CH:25]2)[F:29])[F:1])[CH2:24][N:18]([CH2:19][CH2:20][S:21](=[O:23])[CH3:22])[C:16]1=[O:17],CC(C)(C)OC(=O)NC1C(N(CC(C2=C(C(=CC=C2)F)F)CC1)CCSC)=O.[O]>>CC(C)(C)OC(=O)NC1CCC(C2=C(C(=CC=C2)F)F)CN(CCS(=O)C)C1=O,[],[CH3:12][C:11]([CH3:13])([CH3:14])[O:10][C:9](=[O:15])[NH:8][CH:7]1[C:16]([N:18]([CH2:24][CH:4]([C:3]2=[C:2]([C:28](=[CH:27][CH:26]=[CH:25]2)[F:29])[F:1])[CH2:5][CH2:6]1)[CH2:19][CH2:20][S:21][CH3:22])=[O:17].[O:23]=[I:38](=[O:40])(=[O:39])[O-:37].[Na+:34].[Na+:35].[Na+:36].[O-:32][C:31]([O-:30])=[O:33]>>[CH3:12][C:11]([CH3:13])([CH3:14])[O:10][C:9](=[O:15])[NH:8][CH:7]1[CH2:6][CH2:5][CH:4]([C:3]2=[C:2]([C:28](=[CH:27][CH:26]=[CH:25]2)[F:29])[F:1])[CH2:24][N:18]([CH2:19][CH2:20][S:21](=[O:23])[CH3:22])[C:16]1=[O:17].[O:40]=[I:38](=[O:39])[O-:37].[Na+:34].[Na+:35].[Na+:36].[O-:32][C:31]([O-:30])=[O:33],True,False,balanced,
687,['golden_dataset_1791'],['golden_dataset'],[CH3:13][C:12]([CH3:14])([CH3:15])[O:11][C:9](=[O:10])[O:32][C:30]([O:29][C:26]([CH3:25])([CH3:27])[CH3:28])=[O:31].[O:35]([C:34]([NH:8][CH:7]1[CH2:6][CH:5]=[C:4]([C:3]=2[CH:20]=[CH:21][CH:22]=[C:23]([F:24])[C:2]=2[F:1])[CH2:19][NH:18][C:16]1=[O:17])=[O:33])[CH2:36][C:37]3=[CH:38][CH:39]=[CH:40][CH:41]=[CH:42]3>>[CH3:13][C:12]([CH3:14])([CH3:15])[O:11][C:9]([NH:8][CH:7]1[CH2:6][CH2:5][CH:4]([CH2:19][NH:18][C:16]1=[O:17])[C:3]2=[C:2]([F:1])[C:23]([F:24])=[CH:22][CH:21]=[CH:20]2)=[O:10],nan,['O=C(NC1CC=C(c2cccc(F)c2F)CNC1=O)OCc1ccccc1.CC(C)(C)OC(=O)OC(=O)OC(C)(C)C>>CC(C)(C)OC(=O)NC1CCC(c2cccc(F)c2F)CNC1=O'],[CH3:13][C:12]([CH3:14])([CH3:15])[O:11][C:9](=[O:10])[O:32][C:30]([O:29][C:26]([CH3:25])([CH3:27])[CH3:28])=[O:31].[O:35]([C:34]([NH:8][CH:7]1[CH2:6][CH:5]=[C:4]([C:3]=2[CH:20]=[CH:21][CH:22]=[C:23]([F:24])[C:2]=2[F:1])[CH2:19][NH:18][C:16]1=[O:17])=[O:33])[CH2:36][C:37]3=[CH:38][CH:39]=[CH:40][CH:41]=[CH:42]3>>[CH3:13][C:12]([CH3:14])([CH3:15])[O:11][C:9]([NH:8][CH:7]1[CH2:6][CH2:5][CH:4]([CH2:19][NH:18][C:16]1=[O:17])[C:3]2=[C:2]([F:1])[C:23]([F:24])=[CH:22][CH:21]=[CH:20]2)=[O:10].O=C(O)C(O)C1=CC=CC=C1.CC(C)(C)O,False,False,unbalanced,
689,['golden_dataset_1793'],['golden_dataset'],[CH:12]=1[CH2:13][CH:14]([NH:15][C:32]([O:33][CH2:34][C:35]=2[CH:40]=[CH:39][CH:38]=[CH:37][CH:36]=2)=[O:31])[C:2]([NH:3][CH2:4][C:5]=1[C:6]=3[CH:11]=[CH:10][CH:9]=[CH:8][CH:7]=3)=[O:1].[CH3:20][C:19]([CH3:21])([CH3:22])[O:18][C:16](=[O:17])[O:30][C:28]([O:27][C:24]([CH3:25])([CH3:26])[CH3:23])=[O:29]>>[CH3:20][C:19]([CH3:21])([CH3:22])[O:18][C:16]([NH:15][CH:14]1[C:2](=[O:1])[NH:3][CH2:4][CH:5]([CH2:12][CH2:13]1)[C:6]2=[CH:7][CH:8]=[CH:9][CH:10]=[CH:11]2)=[O:17],nan,['CC(C)(C)OC(=O)OC(=O)OC(C)(C)C.O=C(NC1CC=C(c2ccccc2)CNC1=O)OCc1ccccc1>>CC(C)(C)OC(=O)NC1CCC(c2ccccc2)CNC1=O'],[CH:12]=1[CH2:13][CH:14]([NH:15][C:32]([O:33][CH2:34][C:35]=2[CH:40]=[CH:39][CH:38]=[CH:37][CH:36]=2)=[O:31])[C:2]([NH:3][CH2:4][C:5]=1[C:6]=3[CH:11]=[CH:10][CH:9]=[CH:8][CH:7]=3)=[O:1].[CH3:20][C:19]([CH3:21])([CH3:22])[O:18][C:16](=[O:17])[O:30][C:28]([O:27][C:24]([CH3:25])([CH3:26])[CH3:23])=[O:29]>>[CH3:20][C:19]([CH3:21])([CH3:22])[O:18][C:16]([NH:15][CH:14]1[C:2](=[O:1])[NH:3][CH2:4][CH:5]([CH2:12][CH2:13]1)[C:6]2=[CH:7][CH:8]=[CH:9][CH:10]=[CH:11]2)=[O:17].C1=CC=CC=C1.CC(C)(C)OC(=O)OC(=O)OC(C)(C)C,False,False,unbalanced,
690,['golden_dataset_1794'],['golden_dataset'],[CH2:33]([CH3:34])[N:30]([CH2:29][CH3:28])[CH2:31][CH3:32].[CH:55]1=[CH:54][C:40](=[CH:39][CH:38]=[CH:37]1)[C:41]2=[CH:42][PH:43][C:44](=[C:47]2[C:48]=3[CH:53]=[CH:52][CH:51]=[CH:50][CH:49]=3)[N:45]=[N+:46]=[N-:1].[CH3:5][C:4]([CH3:6])([CH3:7])[OH:3].[OH2:35].[O:8]=[C:2]([OH:36])[C:9]=1[N:27]2[N:26]=[CH:25][CH:24]=[C:15]([C:16]3=[C:17]([CH3:18])[CH:19]=[C:20]([CH3:21])[CH:22]=[CH:23]3)[C:14]2=[N:13][C:10]=1[CH2:11][CH3:12]>>[CH3:5][C:4]([CH3:6])([CH3:7])[O:3][C:2]([NH:1][C:9]=1[N:27]2[C:14](=[N:13][C:10]=1[CH2:11][CH3:12])[C:15](=[CH:24][CH:25]=[N:26]2)[C:16]=3[CH:23]=[CH:22][C:20]([CH3:21])=[CH:19][C:17]=3[CH3:18])=[O:8],nan,['CCc1nc2c(-c3ccc(C)cc3C)ccnn2c1C(=O)O.CCN(CC)CC.CC(C)(C)O.[N-]=[N+]=Nc1[pH]cc(-c2ccccc2)c1-c1ccccc1.O>>CCc1nc2c(-c3ccc(C)cc3C)ccnn2c1NC(=O)OC(C)(C)C'],[CH2:33]([CH3:34])[N:30]([CH2:29][CH3:28])[CH2:31][CH3:32].[CH:55]1=[CH:54][C:40](=[CH:39][CH:38]=[CH:37]1)[C:41]2=[CH:42][PH:43][C:44](=[C:47]2[C:48]=3[CH:53]=[CH:52][CH:51]=[CH:50][CH:49]=3)[N:45]=[N+:46]=[N-:1].[CH3:5][C:4]([CH3:6])([CH3:7])[OH:3].[OH2:35].[O:8]=[C:2]([OH:36])[C:9]=1[N:27]2[N:26]=[CH:25][CH:24]=[C:15]([C:16]3=[C:17]([CH3:18])[CH:19]=[C:20]([CH3:21])[CH:22]=[CH:23]3)[C:14]2=[N:13][C:10]=1[CH2:11][CH3:12]>>[CH3:5][C:4]([CH3:6])([CH3:7])[O:3][C:2]([NH:1][C:9]=1[N:27]2[C:14](=[N:13][C:10]=1[CH2:11][CH3:12])[C:15](=[CH:24][CH:25]=[N:26]2)[C:16]=3[CH:23]=[CH:22][C:20]([CH3:21])=[CH:19][C:17]=3[CH3:18])=[O:8].[CH:55]1=[CH:54][C:40](=[CH:39][CH:38]=[CH:37]1)[C:41]2=[CH:42][PH:43](=[O:35])[C:44](=[C:47]2[C:48]=3[CH:53]=[CH:52][CH:51]=[CH:50][CH:49]=3)[NH2:45].[CH2:33]([CH3:34])[NH:30][CH2:29][CH3:28].[CH2:31]([CH3:32])[CH3:34],False,False,unbalanced,
693,['golden_dataset_1802'],['golden_dataset'],[CH2:19]([CH2:20][CH2:21][CH2:22][CH2:23][CH2:24][CH2:25][CH3:26])[O:18][CH:17]=[CH2:16].[CH2:34]([CH2:35][CH2:36][CH2:37][OH:38])[CH2:33][CH2:32][CH2:31][CH3:30].[CH2:4]([CH2:3][CH2:2][CH2:1][O:9][C:10](=[O:11])[CH3:15])[CH2:5][CH2:6][CH2:7][CH3:8].[CH3:13][C:12]([O:29][CH:28]=[CH2:27])=[O:14].[Na+:43].[Na+:44].[O-:41][C:40]([O-:39])=[O:42]>>[CH2:4]([CH2:3][CH2:2][CH2:1][O:9][CH:10]([CH3:15])[O:11][C:12](=[O:14])[CH3:13])[CH2:5][CH2:6][CH2:7][CH3:8],nan,['CCCCCCCCOC(C)=O.C=COCCCCCCCC.CCCCCCCCO.C=COC(C)=O.O=C([O-])[O-].[Na+].[Na+]>>CCCCCCCCOC(C)OC(C)=O.CCCCCCCCO.CCCCCCO.C=COC(C)=O.O=C([O-])[O-].C=CO.[Na+].[Na+]'],[CH2:19]([CH2:20][CH2:21][CH2:22][CH2:23][CH2:24][CH2:25][CH3:26])[O:18][CH:17]=[CH2:16].[CH2:34]([CH2:35][CH2:36][CH2:37][OH:38])[CH2:33][CH2:32][CH2:31][CH3:30].[CH2:4]([CH2:3][CH2:2][CH2:1][O:9][C:10](=[O:11])[CH3:15])[CH2:5][CH2:6][CH2:7][CH3:8].[CH3:13][C:12]([O:29][CH:28]=[CH2:27])=[O:14].[Na+:43].[Na+:44].[O-:41][C:40]([O-:39])=[O:42]>>[CH2:4]([CH2:3][CH2:2][CH2:1][O:9][CH:10]([CH3:15])[O:11][C:12](=[O:14])[CH3:13])[CH2:5][CH2:6][CH2:7][CH3:8].[CH2:19]([CH2:20][CH2:21][CH2:22][CH2:23][CH2:24][CH2:25][CH3:26])[O:18][CH:17]=[CH2:16].[CH2:34]([CH2:35][CH2:36][CH2:37][OH:38])[CH2:33][CH2:32][CH2:31][CH3:30].[Na+:43].[Na+:44].[O-:41][C:40]([O-:39])=[O:42],False,False,unbalanced,
700,['golden_dataset_1810'],['golden_dataset'],[CH2:13]([CH3:14])[OH:38].[C:4]=12[CH:3]=[C:2]([Br:1])[CH:20]=[CH:19][C:5]=1[N:6]([CH3:7])[C:8]3=[C:9]([CH2:10][C:11]2=[O:12])[CH:15]=[CH:16][CH:17]=[CH:18]3.[O:33]=[S:32](=[O:34])([C:31]=1[CH:30]=[CH:29][C:28](=[CH:37][CH:36]=1)[CH3:27])[OH:35].[O-:25][CH:24]([O-:26])[O:23][CH2:22][CH3:21]>>[CH:10]=1[C:9]=2[CH:15]=[CH:16][CH:17]=[CH:18][C:8]=2[N:6]([CH3:7])[C:5]=3[CH:19]=[CH:20][C:2]([Br:1])=[CH:3][C:4]=3[C:11]=1[O:12][CH2:13][CH3:14],nan,['CN1c2ccccc2CC(=O)c2cc(Br)ccc21.CCOC([O-])[O-].Cc1ccc(S(=O)(=O)O)cc1.CCO>>CCOC1=Cc2ccccc2N(C)c2ccc(Br)cc21'],[CH2:13]([CH3:14])[OH:38].[C:4]=12[CH:3]=[C:2]([Br:1])[CH:20]=[CH:19][C:5]=1[N:6]([CH3:7])[C:8]3=[C:9]([CH2:10][C:11]2=[O:12])[CH:15]=[CH:16][CH:17]=[CH:18]3.[O:33]=[S:32](=[O:34])([C:31]=1[CH:30]=[CH:29][C:28](=[CH:37][CH:36]=1)[CH3:27])[OH:35].[O-:25][CH:24]([O-:26])[O:23][CH2:22][CH3:21]>>[CH:10]=1[C:9]=2[CH:15]=[CH:16][CH:17]=[CH:18][C:8]=2[N:6]([CH3:7])[C:5]=3[CH:19]=[CH:20][C:2]([Br:1])=[CH:3][C:4]=3[C:11]=1[O:12][CH2:13][CH3:14].[O:33]=[S:32](=[O:34])([C:31]=1[CH:30]=[CH:29][C:28](=[CH:37][CH:36]=1)[CH3:27])[OH:35].[O-:25][CH:24]([O-:26])[O:23][CH2:22][CH3:21].[OH-:38],False,False,unbalanced,
701,['golden_dataset_1811'],['golden_dataset'],[CH3:16][Li:31].[F:19][C:18]([F:20])([F:21])[C:17]=1[C:15]([Br:27])=[CH:14][C:13]2=[C:12]([CH:22]=1)[N:11]3[CH:24]([CH2:26][N:8]([CH2:9][CH:10]3[CH2:23]2)[C:6](=[O:7])[O:5][C:1]([CH3:2])([CH3:3])[CH3:4])[CH3:25].[I:29][CH3:28].[OH2:30]>>[CH3:2][C:1]([CH3:3])([CH3:4])[O:5][C:6](=[O:7])[N:8]1[CH2:26][CH:24]([CH3:25])[N:11]2[CH:10]([CH2:23][C:13]3=[C:12]2[CH:22]=[C:17]([C:18]([F:19])([F:20])[F:21])[C:15](=[CH:14]3)[CH3:16])[CH2:9]1,[H][H].FC(F)(F)C=1C(Br)=CC2=C(C=1)N3C(CN(CC3C2)C(=O)OC(C)(C)C)C.IC>>[I-].[Br-].CC(C)(C)OC(=O)N1CC(C)N2C(CC3=C2C=C(C(F)(F)F)C(=C3)C)C1.[H+].[H+],['CC1CN(C(=O)OC(C)(C)C)CC2Cc3cc(Br)c(C(F)(F)F)cc3N12.[Li]C.CI.O>>Cc1cc2c(cc1C(F)(F)F)N1C(C)CN(C(=O)OC(C)(C)C)CC1C2.[Li]Br.CI.O'],[CH3:16][Li:31].[F:19][C:18]([F:20])([F:21])[C:17]=1[C:15]([Br:27])=[CH:14][C:13]2=[C:12]([CH:22]=1)[N:11]3[CH:24]([CH2:26][N:8]([CH2:9][CH:10]3[CH2:23]2)[C:6](=[O:7])[O:5][C:1]([CH3:2])([CH3:3])[CH3:4])[CH3:25].[I:29][CH3:28].[OH2:30]>>[CH3:2][C:1]([CH3:3])([CH3:4])[O:5][C:6](=[O:7])[N:8]1[CH2:26][CH:24]([CH3:25])[N:11]2[CH:10]([CH2:23][C:13]3=[C:12]2[CH:22]=[C:17]([C:18]([F:19])([F:20])[F:21])[C:15](=[CH:14]3)[CH3:16])[CH2:9]1.Br[Li].[I-].[CH3:28][CH3:29],False,False,unbalanced,
703,['golden_dataset_1814'],['golden_dataset'],[C:20]([CH3:21])([Cl:29])=[O:22].[CH3:27][N:26]([CH3:28])[C:24]([CH3:23])=[O:25].[NH:2]([C:3]=1[CH:19]=[CH:18][CH:17]=[C:5]([C:6]=2[S:12][C:11]=3[CH:13]=[CH:14][CH:15]=[CH:16][C:10]=3[C:8](=[O:9])[N:7]=2)[N:4]=1)[CH3:1]>>[CH3:21][C:20](=[O:22])[N:2]([CH3:1])[C:3]=1[CH:19]=[CH:18][CH:17]=[C:5]([C:6]=2[S:12][C:11]=3[CH:13]=[CH:14][CH:15]=[CH:16][C:10]=3[C:8](=[O:9])[N:7]=2)[N:4]=1,nan,['CC(=O)N(C)C.CC(=O)Cl.CNc1cccc(-c2nc(=O)c3ccccc3s2)n1>>CC(=O)N(C)c1cccc(-c2nc(=O)c3ccccc3s2)n1.CC(=O)Cl.CNC'],[C:20]([CH3:21])([Cl:29])=[O:22].[CH3:27][N:26]([CH3:28])[C:24]([CH3:23])=[O:25].[NH:2]([C:3]=1[CH:19]=[CH:18][CH:17]=[C:5]([C:6]=2[S:12][C:11]=3[CH:13]=[CH:14][CH:15]=[CH:16][C:10]=3[C:8](=[O:9])[N:7]=2)[N:4]=1)[CH3:1]>>[CH3:21][C:20](=[O:22])[N:2]([CH3:1])[C:3]=1[CH:19]=[CH:18][CH:17]=[C:5]([C:6]=2[S:12][C:11]=3[CH:13]=[CH:14][CH:15]=[CH:16][C:10]=3[C:8](=[O:9])[N:7]=2)[N:4]=1.CCN(CC)C(C)=O.[Cl-].[NH4+],False,False,unbalanced,
705,['golden_dataset_1819'],['golden_dataset'],[CH2:33]([CH2:32][CH3:31])[CH2:34][N+:35]([CH2:40][CH2:41][CH2:42][CH3:43])([CH2:36][CH2:37][CH2:38][CH3:39])[CH2:44][CH2:45][CH2:46][CH3:47].[CH:64]1=[CH:63][CH:68]=[CH:67][N:66]=[CH:65]1.[F:59][C:58]([F:60])([F:61])[C:56](=[O:55])[O:57][C:25]([C:26]([F:27])([F:28])[F:29])=[O:30].[F:15][C:14]([F:16])([F:17])[C:13]([C:18]([F:21])([F:19])[F:20])([O:22][Si:50]([CH2:49][CH3:48])([CH2:51][CH3:52])[CH2:53][CH3:54])[CH:12]1[CH2:11][CH2:10][CH:9]([CH2:24][CH2:23]1)[NH:8][CH2:1][C:2]=2[CH:7]=[CH:6][CH:5]=[CH:4][CH:3]=2.[F-:62]>>[F:15][C:14]([F:16])([F:17])[C:13]([C:18]([F:21])([F:19])[F:20])([OH:22])[CH:12]1[CH2:11][CH2:10][CH:9]([CH2:24][CH2:23]1)[N:8]([C:25](=[O:30])[C:26]([F:27])([F:28])[F:29])[CH2:1][C:2]2=[CH:3][CH:4]=[CH:5][CH:6]=[CH:7]2,nan,['CC[Si](CC)(CC)OC(C1CCC(NCc2ccccc2)CC1)(C(F)(F)F)C(F)(F)F.CCCC[N+](CCCC)(CCCC)CCCC.O=C(OC(=O)C(F)(F)F)C(F)(F)F.[F-].c1ccncc1>>O=C(N(Cc1ccccc1)C1CCC(C(O)(C(F)(F)F)C(F)(F)F)CC1)C(F)(F)F'],[CH2:33]([CH2:32][CH3:31])[CH2:34][N+:35]([CH2:40][CH2:41][CH2:42][CH3:43])([CH2:36][CH2:37][CH2:38][CH3:39])[CH2:44][CH2:45][CH2:46][CH3:47].[CH:64]1=[CH:63][CH:68]=[CH:67][N:66]=[CH:65]1.[F:59][C:58]([F:60])([F:61])[C:56](=[O:55])[O:57][C:25]([C:26]([F:27])([F:28])[F:29])=[O:30].[F:15][C:14]([F:16])([F:17])[C:13]([C:18]([F:21])([F:19])[F:20])([O:22][Si:50]([CH2:49][CH3:48])([CH2:51][CH3:52])[CH2:53][CH3:54])[CH:12]1[CH2:11][CH2:10][CH:9]([CH2:24][CH2:23]1)[NH:8][CH2:1][C:2]=2[CH:7]=[CH:6][CH:5]=[CH:4][CH:3]=2.[F-:62]>>[F:15][C:14]([F:16])([F:17])[C:13]([C:18]([F:21])([F:19])[F:20])([OH:22])[CH:12]1[CH2:11][CH2:10][CH:9]([CH2:24][CH2:23]1)[N:8]([C:25](=[O:30])[C:26]([F:27])([F:28])[F:29])[CH2:1][C:2]2=[CH:3][CH:4]=[CH:5][CH:6]=[CH:7]2.CC[Si](CC)(CC)F.CCCC[N+](CCCC)(CCCC)CCCC.[F-],False,False,unbalanced,
713,['golden_dataset_1828'],['golden_dataset'],[CH2:19]([CH3:18])[Zn:20][CH2:2][CH3:3].[CH2:14]([CH2:15][CH2:16][CH3:17])[CH2:13][CH3:12].[CH3:21][N:22]([CH3:23])[CH2:24][CH2:25][OH:26].[O:9]=[C:7]([C:6]1=[CH:5][CH:4]=[C:1]([N:11]=[CH:10]1)[Cl:27])[CH3:8]>>[C:1]=1([N:11]=[CH:10][C:6](=[CH:5][CH:4]=1)[C:7](=[O:9])[CH3:8])[CH2:2][CH3:3],nan,['CN(C)CCO.CCCCCC.CC[Zn]CC.CC(=O)c1ccc(Cl)nc1>>CN(C)CCO.CCc1ccc(C(C)=O)cn1.CC[Zn]CC.CCCCCl'],[CH2:19]([CH3:18])[Zn:20][CH2:2][CH3:3].[CH2:14]([CH2:15][CH2:16][CH3:17])[CH2:13][CH3:12].[CH3:21][N:22]([CH3:23])[CH2:24][CH2:25][OH:26].[O:9]=[C:7]([C:6]1=[CH:5][CH:4]=[C:1]([N:11]=[CH:10]1)[Cl:27])[CH3:8]>>[C:1]=1([N:11]=[CH:10][C:6](=[CH:5][CH:4]=1)[C:7](=[O:9])[CH3:8])[CH2:2][CH3:3].CCCC.CC[Zn]Cl.CCN(C)CCO,False,False,unbalanced,
718,['golden_dataset_1834'],['golden_dataset'],[CH2:36]([CH2:35][CH2:34][Li:33])[CH3:37].[C:11]1(=[CH:10][CH:9]=[C:8]([CH:15]=[CH:14]1)[C:7](=[O:16])[NH:6][C:5]=2[CH:17]=[CH:18][CH:19]=[CH:20][C:4]=2[CH:3]=[O:21])[O:12][CH3:13].[CH:28]=1[C:27](=[N:32][CH:31]=[CH:30][CH:29]=1)[Br:26].[CH:25]=1[N:1]=[C:2]([Li:38])[CH:22]=[CH:23][CH:24]=1>>[C:11]1(=[CH:10][CH:9]=[C:8]([CH:15]=[CH:14]1)[C:7](=[O:16])[NH:6][C:5]=2[CH:17]=[CH:18][CH:19]=[CH:20][C:4]=2[CH:3]([OH:21])[C:2]=3[CH:22]=[CH:23][CH:24]=[CH:25][N:1]=3)[O:12][CH3:13],C(CC[Li])C.C1(=CC=C(C=C1)C(=O)NC=2C=CC=CC=2C=O)OC.C=1C(=NC=CC=1)Br.C=1N=C([Li])C=CC=1.[H].[H]>>C1(=CC=C(C=C1)C(=O)NC=2C=CC=CC=2C(O)C=3C=CC=CN=3)OC.Br.[Li][CH2]CCC.[Li][c]1ccccn1,['COc1ccc(C(=O)Nc2ccccc2C=O)cc1.[Li]CCCC.[Li]c1ccccn1.Brc1ccccn1>>COc1ccc(C(=O)Nc2ccccc2C(O)c2ccccn2)cc1.[Li]CCCC.[Li]c1ccccn1.Br'],[CH2:36]([CH2:35][CH2:34][Li:33])[CH3:37].[C:11]1(=[CH:10][CH:9]=[C:8]([CH:15]=[CH:14]1)[C:7](=[O:16])[NH:6][C:5]=2[CH:17]=[CH:18][CH:19]=[CH:20][C:4]=2[CH:3]=[O:21])[O:12][CH3:13].[CH:28]=1[C:27](=[N:32][CH:31]=[CH:30][CH:29]=1)[Br:26].[CH:25]=1[N:1]=[C:2]([Li:38])[CH:22]=[CH:23][CH:24]=1>>[C:11]1(=[CH:10][CH:9]=[C:8]([CH:15]=[CH:14]1)[C:7](=[O:16])[NH:6][C:5]=2[CH:17]=[CH:18][CH:19]=[CH:20][C:4]=2[CH:3]([OH:21])[C:2]=3[CH:22]=[CH:23][CH:24]=[CH:25][N:1]=3)[O:12][CH3:13].Br.CCCCC.[Li]C1=CC=CC=N1,False,False,unbalanced,
724,['golden_dataset_1845'],['golden_dataset'],[F:23][C:22]([F:24])([F:25])[C:21]=1[CH:20]=[CH:19][C:7]([C:8]=2[CH:18]=[C:14]([CH:13]=[CH:12][C:9]=2[O:10][CH3:11])[CH:15]([CH3:16])[CH3:17])=[C:6]([CH2:5][N:4]([C:3](=[O:41])[O:2][CH3:1])[CH2:27][C:28]3=[CH:29][C:30](=[CH:34][C:35]([C:36]([F:37])([F:38])[F:39])=[CH:40]3)[C:31]#[N:32])[CH:26]=1.[OH2:42].[OH:33][OH:43].[K+:44].[K+:45].[O-:48][C:47]([O-:46])=[O:49]>>[F:37][C:36]([F:38])([F:39])[C:35]1=[CH:40][C:28]([CH2:27][N:4]([CH2:5][C:6]2=[C:7]([CH:19]=[CH:20][C:21]([C:22]([F:24])([F:25])[F:23])=[CH:26]2)[C:8]=3[CH:18]=[C:14]([CH:13]=[CH:12][C:9]=3[O:10][CH3:11])[CH:15]([CH3:16])[CH3:17])[C:3](=[O:41])[O:2][CH3:1])=[CH:29][C:30]([C:31](=[O:33])[NH2:32])=[CH:34]1,[F:23][C:22]([F:24])([F:25])[C:21]=1[CH:20]=[CH:19][C:7]([C:8]=2[CH:18]=[C:14]([CH:13]=[CH:12][C:9]=2[O:10][CH3:11])[CH:15]([CH3:16])[CH3:17])=[C:6]([CH2:5][N:4]([C:3](=[O:41])[O:2][CH3:1])[CH2:27][C:28]3=[CH:29][C:30](=[CH:34][C:35]([C:36]([F:37])([F:38])[F:39])=[CH:40]3)[C:31]#[N:32])[CH:26]=1.[OH2:42].[OH:33][OH:43].[K+:44].[K+:45].[O-:48][C:47]([O-:46])=[O:49].[H+]>>[F:37][C:36]([F:38])([F:39])[C:35]1=[CH:40][C:28]([CH2:27][N:4]([CH2:5][C:6]2=[C:7]([CH:19]=[CH:20][C:21]([C:22]([F:24])([F:25])[F:23])=[CH:26]2)[C:8]=3[CH:18]=[C:14]([CH:13]=[CH:12][C:9]=3[O:10][CH3:11])[CH:15]([CH3:16])[CH3:17])[C:3](=[O:41])[O:2][CH3:1])=[CH:29][C:30]([C:31](=[O:33])[NH2:32])=[CH:34]1.O[C:47]([O-:48])=[O:49].[K+:44].[K+:45].[OH:33][OH:43],[],[F:23][C:22]([F:24])([F:25])[C:21]=1[CH:20]=[CH:19][C:7]([C:8]=2[CH:18]=[C:14]([CH:13]=[CH:12][C:9]=2[O:10][CH3:11])[CH:15]([CH3:16])[CH3:17])=[C:6]([CH2:5][N:4]([C:3](=[O:41])[O:2][CH3:1])[CH2:27][C:28]3=[CH:29][C:30](=[CH:34][C:35]([C:36]([F:37])([F:38])[F:39])=[CH:40]3)[C:31]#[N:32])[CH:26]=1.[OH2:42].[OH:33][OH:43].[K+:44].[K+:45].[O-:48][C:47]([O-:46])=[O:49]>>[F:37][C:36]([F:38])([F:39])[C:35]1=[CH:40][C:28]([CH2:27][N:4]([CH2:5][C:6]2=[C:7]([CH:19]=[CH:20][C:21]([C:22]([F:24])([F:25])[F:23])=[CH:26]2)[C:8]=3[CH:18]=[C:14]([CH:13]=[CH:12][C:9]=3[O:10][CH3:11])[CH:15]([CH3:16])[CH3:17])[C:3](=[O:41])[O:2][CH3:1])=[CH:29][C:30]([C:31](=[O:33])[NH2:32])=[CH:34]1.[K+].[K+].[O-][C]([O-])=[O].[OH-].[OH-].[CH2]O,False,False,unbalanced,
730,['golden_dataset_446'],['golden_dataset'],[CH2:18]1[C:6]([CH2:5][O:4][C:2]([CH3:1])=[O:3])=[C:7]([C:8](=[O:9])[OH:10])[N:11]2[C:12](=[O:13])[CH:14]([CH:16]2[S:17]1)[NH2:15].[Cl:42][C:41]([Cl:43])([Cl:44])[CH2:40][O:39][C:37](=[O:38])[NH:36][C:35]=1[S:34][CH:33]=[C:32]([N:45]=1)[CH:22]([C:20]([OH:21])=[O:19])[NH:23][C:24]([O:26][CH2:27][C:28]([Cl:29])([Cl:30])[Cl:31])=[O:25].[Na:46]>>[Cl:29][C:28]([Cl:30])([Cl:31])[CH2:27][O:26][C:24]([NH:23][CH:22]([C:20](=[O:19])[NH:15][CH:14]1[CH:16]2[N:11]([C:7]([C:8]([O-:10])=[O:9])=[C:6]([CH2:5][O:4][C:2](=[O:3])[CH3:1])[CH2:18][S:17]2)[C:12]1=[O:13])[C:32]=3[N:45]=[C:35]([NH:36][C:37](=[O:38])[O:39][CH2:40][C:41]([Cl:42])([Cl:43])[Cl:44])[S:34][CH:33]=3)=[O:25],[CH2:18]1[C:6]([CH2:5][O:4][C:2]([CH3:1])=[O:3])=[C:7]([C:8](=[O:9])[OH:10])[N:11]2[C:12](=[O:13])[CH:14]([CH:16]2[S:17]1)[NH2:15].[Cl:42][C:41]([Cl:43])([Cl:44])[CH2:40][O:39][C:37](=[O:38])[NH:36][C:35]=1[S:34][CH:33]=[C:32]([N:45]=1)[CH:22]([C:20]([OH:21])=[O:19])[NH:23][C:24]([O:26][CH2:27][C:28]([Cl:29])([Cl:30])[Cl:31])=[O:25].[Na:46]>>[Cl:29][C:28]([Cl:30])([Cl:31])[CH2:27][O:26][C:24]([NH:23][CH:22]([C:20](=[O:19])[NH:15][CH:14]1[CH:16]2[N:11]([C:7]([C:8]([O-:10])=[O:9])=[C:6]([CH2:5][O:4][C:2](=[O:3])[CH3:1])[CH2:18][S:17]2)[C:12]1=[O:13])[C:32]=3[N:45]=[C:35]([NH:36][C:37](=[O:38])[O:39][CH2:40][C:41]([Cl:42])([Cl:43])[Cl:44])[S:34][CH:33]=3)=[O:25].[Na:46].[OH2:21].[H+],[],[CH2:18]1[C:6]([CH2:5][O:4][C:2]([CH3:1])=[O:3])=[C:7]([C:8](=[O:9])[OH:10])[N:11]2[C:12](=[O:13])[CH:14]([CH:16]2[S:17]1)[NH2:15].[Cl:42][C:41]([Cl:43])([Cl:44])[CH2:40][O:39][C:37](=[O:38])[NH:36][C:35]=1[S:34][CH:33]=[C:32]([N:45]=1)[CH:22]([C:20]([OH:21])=[O:19])[NH:23][C:24]([O:26][CH2:27][C:28]([Cl:29])([Cl:30])[Cl:31])=[O:25].[Na:46]>>[Cl:29][C:28]([Cl:30])([Cl:31])[CH2:27][O:26][C:24]([NH:23][CH:22]([C:20](=[O:19])[NH:15][CH:14]1[CH:16]2[N:11]([C:7]([C:8]([O-:10])=[O:9])=[C:6]([CH2:5][O:4][C:2](=[O:3])[CH3:1])[CH2:18][S:17]2)[C:12]1=[O:13])[C:32]=3[N:45]=[C:35]([NH:36][C:37](=[O:38])[O:39][CH2:40][C:41]([Cl:42])([Cl:43])[Cl:44])[S:34][CH:33]=3)=[O:25].[OH-:47].[Na+].[H+].[H+].[H+],False,False,unbalanced,
737,['golden_dataset_514'],['golden_dataset'],[OH2:17].[OH2:18].[OH2:19].[O:9]1[CH2:8][CH2:7][S:6][CH:5]=[C:4]1[CH2:3][C:2]([NH:10][CH:11]2[CH2:12][NH:13][C:14]2=[O:15])=[O:1].[SH2:20].[Na:16]>>[O:18]=[S:20](=[O:19])([O-:17])[N:13]1[C:14]([CH:11]([NH:10][C:2]([CH2:3][C:4]2=[CH:5][S:6][CH2:7][CH2:8][O:9]2)=[O:1])[CH2:12]1)=[O:15],nan,['O=C(CC1=CSCCO1)NC1CNC1=O.[Na].S.O.O.O>>O=C(CC1=CSCCO1)NC1CN(S(=O)(=O)[O-])C1=O'],[OH2:17].[OH2:18].[OH2:19].[O:9]1[CH2:8][CH2:7][S:6][CH:5]=[C:4]1[CH2:3][C:2]([NH:10][CH:11]2[CH2:12][NH:13][C:14]2=[O:15])=[O:1].[SH2:20].[Na:16]>>[O:18]=[S:20](=[O:19])([O-:17])[N:13]1[C:14]([CH:11]([NH:10][C:2]([CH2:3][C:4]2=[CH:5][S:6][CH2:7][CH2:8][O:9]2)=[O:1])[CH2:12]1)=[O:15].[Na+].[OH-],False,False,unbalanced,
746,['golden_dataset_893'],['golden_dataset'],[CH2:22]1[CH2:23][CH:21]1[C:20]#[C:19][C:18]=2[C:13](=[CH:14][CH:15]=[CH:16][CH:17]=2)[N+:11](=[O:12])[O-:10].[F:7][C:6]([F:8])([Br:9])[C:4]([O:3][CH2:2][CH3:1])=[O:5]>>[F:7][C:6]([F:8])([C:20]1([NH:11][C:13]=2[C:18](=[CH:17][CH:16]=[CH:15][CH:14]=2)[C:19]1=[O:12])[CH:21]3[CH2:22][CH2:23]3)[C:4]([O:3][CH2:2][CH3:1])=[O:5],[CH2:22]1[CH2:23][CH:21]1[C:20]#[C:19][C:18]=2[C:13](=[CH:14][CH:15]=[CH:16][CH:17]=2)[N+:11](=[O:12])[O-:10].[F:7][C:6]([F:8])([Br:9])[C:4]([O:3][CH2:2][CH3:1])=[O:5].[H].[H]>>[F:7][C:6]([F:8])([C:20]1([NH:11][C:13]=2[C:18](=[CH:17][CH:16]=[CH:15][CH:14]=2)[C:19]1=[O:12])[CH:21]3[CH2:22][CH2:23]3)[C:4]([O:3][CH2:2][CH3:1])=[O:5].[Br:9][OH:10],[],[CH2:22]1[CH2:23][CH:21]1[C:20]#[C:19][C:18]=2[C:13](=[CH:14][CH:15]=[CH:16][CH:17]=2)[N+:11](=[O:12])[O-:10].[F:7][C:6]([F:8])([Br:9])[C:4]([O:3][CH2:2][CH3:1])=[O:5]>>[F:7][C:6]([F:8])([C:20]1([NH:11][C:13]=2[C:18](=[CH:17][CH:16]=[CH:15][CH:14]=2)[C:19]1=[O:12])[CH:21]3[CH2:22][CH2:23]3)[C:4]([O:3][CH2:2][CH3:1])=[O:5].Br,False,False,unbalanced,
749,['golden_dataset_1026'],['golden_dataset'],[CH:10]=1[CH:9]=[CH:8][CH:7]=[C:6]2[N:2]([CH3:1])[C:3]=3[S:14][CH2:13][CH2:12][C:11](=[CH:15][O:16][C:17]=4[C:18]([Br:19])=[CH:20][CH:21]=[CH:22][CH:23]=4)[C:4]=3[C:5]=12>>[CH:20]1=[CH:21][CH:22]=[CH:23][C:17]2=[C:18]1[CH2:15][C:11]3([O:16]2)[CH2:12][CH2:13][S:14][C:3]=4[N:2]([CH3:1])[C:6]=5[C:5](=[CH:10][CH:9]=[CH:8][CH:7]=5)[C:4]3=4,[H].[H].[CH:10]=1[CH:9]=[CH:8][CH:7]=[C:6]2[N:2]([CH3:1])[C:3]=3[S:14][CH2:13][CH2:12][C:11](=[CH:15][O:16][C:17]=4[C:18]([Br:19])=[CH:20][CH:21]=[CH:22][CH:23]=4)[C:4]=3[C:5]=12>>[CH:20]1=[CH:21][CH:22]=[CH:23][C:17]2=[C:18]1[CH2:15][C:11]3([O:16]2)[CH2:12][CH2:13][S:14][C:3]=4[N:2]([CH3:1])[C:6]=5[C:5](=[CH:10][CH:9]=[CH:8][CH:7]=5)[C:4]3=4.[BrH:19],[],[CH:10]=1[CH:9]=[CH:8][CH:7]=[C:6]2[N:2]([CH3:1])[C:3]=3[S:14][CH2:13][CH2:12][C:11](=[CH:15][O:16][C:17]=4[C:18]([Br:19])=[CH:20][CH:21]=[CH:22][CH:23]=4)[C:4]=3[C:5]=12>>[CH:20]1=[CH:21][CH:22]=[CH:23][C:17]2=[C:18]1[CH2:15][C:11]3([O:16]2)[CH2:12][CH2:13][S:14][C:3]=4[N:2]([CH3:1])[C:6]=5[C:5](=[CH:10][CH:9]=[CH:8][CH:7]=5)[C:4]3=4.[Br-],False,False,unbalanced,
765,['golden_dataset_1167'],['golden_dataset'],[CH2:24]1[C:12]([CH2:11][O:10][C:8]([CH3:7])=[O:9])=[C:13]([C:14](=[O:15])[OH:16])[N:17]2[C:18](=[O:19])[CH:20]([CH:22]2[S:23]1)[NH2:21].[CH2:1]=[C:2]1[CH2:3][C:4]([O:6]1)=[O:5]>>[CH2:24]1[C:12]([CH2:11][O:10][C:8]([CH3:7])=[O:9])=[C:13]([C:14](=[O:15])[OH:16])[N:17]2[CH:22]([CH:20]([C:18]2=[O:19])[NH:21][C:4]([CH2:3][C:2]([CH2:1][Br:25])=[O:6])=[O:5])[S:23]1,nan,['CC(=O)OCC1=C(C(=O)O)N2C(=O)C(N)C2SC1.C=C1CC(=O)O1>>CC(=O)OCC1=C(C(=O)O)N2C(=O)C(NC(=O)CC(=O)CBr)C2SC1'],[CH2:24]1[C:12]([CH2:11][O:10][C:8]([CH3:7])=[O:9])=[C:13]([C:14](=[O:15])[OH:16])[N:17]2[C:18](=[O:19])[CH:20]([CH:22]2[S:23]1)[NH2:21].[CH2:1]=[C:2]1[CH2:3][C:4]([O:6]1)=[O:5].[BrH:25]>>[CH2:24]1[C:12]([CH2:11][O:10][C:8]([CH3:7])=[O:9])=[C:13]([C:14](=[O:15])[OH:16])[N:17]2[CH:22]([CH:20]([C:18]2=[O:19])[NH:21][C:4]([CH2:3][C:2]([CH2:1][Br:25])=[O:6])=[O:5])[S:23]1,False,False,unbalanced,
767,['golden_dataset_1170'],['golden_dataset'],[Cl:15][C:14]([Cl:16])([Cl:17])[CH2:13][O:12][C:10](=[O:11])[CH2:9][O:8][N:7]=[C:6]([C:4]([O:3][CH2:2][CH3:1])=[O:5])[C:18](=[O:20])[CH3:19]>>[Cl:15][C:14]([Cl:16])([Cl:17])[CH2:13][O:12][C:10](=[O:11])[CH2:9][O:8][N:7]=[C:6]([C:18](=[O:20])[CH2:19][Cl:21])[C:4](=[O:5])[O:3][CH2:2][CH3:1],Cl.[Cl:15][C:14]([Cl:16])([Cl:17])[CH2:13][O:12][C:10](=[O:11])[CH2:9][O:8][N:7]=[C:6]([C:4]([O:3][CH2:2][CH3:1])=[O:5])[C:18](=[O:20])[CH3:19].[O]>>[Cl:15][C:14]([Cl:16])([Cl:17])[CH2:13][O:12][C:10](=[O:11])[CH2:9][O:8][N:7]=[C:6]([C:18](=[O:20])[CH2:19][Cl:21])[C:4](=[O:5])[O:3][CH2:2][CH3:1].O,[],[Cl:15][C:14]([Cl:16])([Cl:17])[CH2:13][O:12][C:10](=[O:11])[CH2:9][O:8][N:7]=[C:6]([C:4]([O:3][CH2:2][CH3:1])=[O:5])[C:18](=[O:20])[CH3:19].[Cl:21]>>[Cl:15][C:14]([Cl:16])([Cl:17])[CH2:13][O:12][C:10](=[O:11])[CH2:9][O:8][N:7]=[C:6]([C:18](=[O:20])[CH2:19][Cl:22])[C:4](=[O:5])[O:3][CH2:2][CH3:1].[H:23][Cl:21],False,False,unbalanced,
770,['golden_dataset_1178'],['golden_dataset'],[C:12]1([C:17]([N+:18](=[O:19])[O-:20])=[CH:16][NH:15][CH:14]=[CH:13]1)=[O:11].[CH:7]=1[CH:6]=[CH:5][C:4](=[C:9]([F:10])[CH:8]=1)[C:2]([Cl:3])=[O:1]>>[O:1]=[C:2]([NH:18][C:17]=1[C:12]([CH:13]=[CH:14][NH:15][CH:16]=1)=[O:11])[C:4]2=[C:9]([F:10])[CH:8]=[CH:7][CH:6]=[CH:5]2,[C:12]1([C:17]([N+:18](=[O:19])[O-:20])=[CH:16][NH:15][CH:14]=[CH:13]1)=[O:11].[CH:7]=1[CH:6]=[CH:5][C:4](=[C:9]([F:10])[CH:8]=1)[C:2]([Cl:3])=[O:1].[H].[H].[H].[H].[H].[H]>>Cl.O.O.[O:1]=[C:2]([NH:18][C:17]=1[C:12]([CH:13]=[CH:14][NH:15][CH:16]=1)=[O:11])[C:4]2=[C:9]([F:10])[CH:8]=[CH:7][CH:6]=[CH:5]2,[],[C:12]1([C:17]([N+:18](=[O:19])[O-:20])=[CH:16][NH:15][CH:14]=[CH:13]1)=[O:11].[CH:7]=1[CH:6]=[CH:5][C:4](=[C:9]([F:10])[CH:8]=1)[C:2]([Cl:3])=[O:1]>>[O:1]=[C:2]([NH:18][C:17]=1[C:12]([CH:13]=[CH:14][NH:15][CH:16]=1)=[O:11])[C:4]2=[C:9]([F:10])[CH:8]=[CH:7][CH:6]=[CH:5]2.Cl.O,False,False,unbalanced,
771,['golden_dataset_1179'],['golden_dataset'],[C:9]=1([CH:8]=[C:6]([OH:7])[C:5]2=[C:12]([N:11]=1)[CH2:13][CH:2]([CH3:1])[CH2:3][CH2:4]2)[OH:10]>>[C:12]=12[N:11]=[C:9]([OH:10])[C:8](=[C:6]([OH:7])[C:5]=1[CH2:4][CH2:3][CH:2]([CH3:1])[CH2:13]2)[N+:14]([O-:15])=[O:16],[N+](=O)([O-])[O-].[C:9]=1([CH:8]=[C:6]([OH:7])[C:5]2=[C:12]([N:11]=1)[CH2:13][CH:2]([CH3:1])[CH2:3][CH2:4]2)[OH:10]>>[OH:17].[C:12]=12[N:11]=[C:9]([OH:10])[C:8](=[C:6]([OH:7])[C:5]=1[CH2:4][CH2:3][CH:2]([CH3:1])[CH2:13]2)[N+:14]([O-:15])=[O:16],['CC1CCc2c(O)cc(O)nc2C1>>CC1CCc2c(nc(O)c([N+](=O)[O-])c2O)C1'],[C:9]=1([CH:8]=[C:6]([OH:7])[C:5]2=[C:12]([N:11]=1)[CH2:13][CH:2]([CH3:1])[CH2:3][CH2:4]2)[OH:10].[O-][N+](=O)[O-]>>[C:12]=12[N:11]=[C:9]([OH:10])[C:8](=[C:6]([OH:7])[C:5]=1[CH2:4][CH2:3][CH:2]([CH3:1])[CH2:13]2)[N+:14]([O-:15])=[O:16].O,False,False,unbalanced,
774,['golden_dataset_1183'],['golden_dataset'],[CH:8]1=[C:7]([N+:6]=2[N:5]3[CH2:13][CH2:14][CH2:15][O:16][C:4]3=[CH:3][C:2]=2[CH3:1])[CH:12]=[CH:11][CH:10]=[CH:9]1.[CH2:22]1[CH2:21][N:20]([CH2:25][CH2:24][NH:23]1)[CH:19]=[O:18].[Cl-:17]>>[CH2:22]1[CH2:21][N:20]([CH2:25][CH2:24][N:23]1[CH2:15][CH2:14][CH2:13][N:5]2[C:4](=[O:16])[CH2:3][CH:2]([N:6]2[C:7]=3[CH:12]=[CH:11][CH:10]=[CH:9][CH:8]=3)[CH3:1])[CH:19]=[O:18],nan,['O=CN1CCNCC1.Cc1cc2n([n+]1-c1ccccc1)CCCO2.[Cl-]>>CC1CC(=O)N(CCCN2CCN(C=O)CC2)N1c1ccccc1'],[CH:8]1=[C:7]([N+:6]=2[N:5]3[CH2:13][CH2:14][CH2:15][O:16][C:4]3=[CH:3][C:2]=2[CH3:1])[CH:12]=[CH:11][CH:10]=[CH:9]1.[CH2:22]1[CH2:21][N:20]([CH2:25][CH2:24][NH:23]1)[CH:19]=[O:18].[Cl-:17]>>[CH2:22]1[CH2:21][N:20]([CH2:25][CH2:24][N:23]1[CH2:15][CH2:14][CH2:13][N:5]2[C:4](=[O:16])[CH2:3][CH:2]([N:6]2[C:7]=3[CH:12]=[CH:11][CH:10]=[CH:9][CH:8]=3)[CH3:1])[CH:19]=[O:18].[Cl-:17],False,False,unbalanced,
779,['golden_dataset_1198'],['golden_dataset'],[CH2:8]([CH:7]1[N:3]([CH2:2][CH3:1])[CH2:4][CH2:5][CH2:6]1)[CH2:9][O:10][C:11]=2[C:18](=[C:16]([Cl:17])[CH:15]=[C:13]([Cl:14])[CH:12]=2)[O:19][CH3:20]>>[Cl:17][C:16]1=[C:18]([O:19][CH3:20])[C:11]([O:10][CH2:9][CH2:8][CH:7]2[N:3]([CH2:4][CH2:5][C:6]2=[O:21])[CH2:2][CH3:1])=[CH:12][C:13]([Cl:14])=[CH:15]1,[O].[CH2:8]([CH:7]1[N:3]([CH2:2][CH3:1])[CH2:4][CH2:5][CH2:6]1)[CH2:9][O:10][C:11]=2[C:18](=[C:16]([Cl:17])[CH:15]=[C:13]([Cl:14])[CH:12]=2)[O:19][CH3:20].[O:21]>>O.[Cl:17][C:16]1=[C:18]([O:19][CH3:20])[C:11]([O:10][CH2:9][CH2:8][CH:7]2[N:3]([CH2:4][CH2:5][C:6]2=[O:21])[CH2:2][CH3:1])=[CH:12][C:13]([Cl:14])=[CH:15]1,[],[CH2:8]([CH:7]1[N:3]([CH2:2][CH3:1])[CH2:4][CH2:5][CH2:6]1)[CH2:9][O:10][C:11]=2[C:18](=[C:16]([Cl:17])[CH:15]=[C:13]([Cl:14])[CH:12]=2)[O:19][CH3:20].[O:21]>>[Cl:17][C:16]1=[C:18]([O:19][CH3:20])[C:11]([O:10][CH2:9][CH2:8][CH:7]2[N:3]([CH2:4][CH2:5][C:6]2=[O:21])[CH2:2][CH3:1])=[CH:12][C:13]([Cl:14])=[CH:15]1,False,False,unbalanced,
780,['golden_dataset_1199'],['golden_dataset'],[CH:4]1=[C:5]([C:6](=[O:7])[OH:8])[S:9][C:2](=[CH:3]1)[CH3:1]>>[CH:4]1=[C:5]([C:6](=[O:7])[OH:8])[S:9][C:2]([CH:1]=[O:10])=[CH:3]1,[O:11].[O].[CH:4]1=[C:5]([C:6](=[O:7])[OH:8])[S:9][C:2](=[CH:3]1)[CH3:1]>>[CH:4]1=[C:5]([C:6](=[O:7])[OH:8])[S:9][C:2]([CH:1]=[O:10])=[CH:3]1.[OH2:11],[],[CH:4]1=[C:5]([C:6](=[O:7])[OH:8])[S:9][C:2](=[CH:3]1)[CH3:1].[O:11]>>[CH:4]1=[C:5]([C:6](=[O:7])[OH:8])[S:9][C:2]([CH:1]=[O:10])=[CH:3]1.[H:12][H:13],True,False,balanced,
781,['golden_dataset_1202'],['golden_dataset'],[NH2:8][C:7](=[O:9])[P:4](=[O:6])([O:3][CH2:2][CH3:1])[O-:5].[NH4+:10]>>[O-:13][C:7](=[O:9])[P:4](=[O:6])([O:3][CH2:2][CH3:1])[O-:5],[OH-:11].[NH2:8][C:7](=[O:9])[P:4](=[O:6])([O:3][CH2:2][CH3:1])[O-:5]>>[O-:13][C:7](=[O:9])[P:4](=[O:6])([O:3][CH2:2][CH3:1])[O-:5].[NH3:12],[],[NH2:8][C:7](=[O:9])[P:4](=[O:6])([O:3][CH2:2][CH3:1])[O-:5].[NH4+:10].[OH-:11]>>[O-:13][C:7](=[O:9])[P:4](=[O:6])([O:3][CH2:2][CH3:1])[O-:5].[NH4+:10].[NH3:12],True,False,balanced,
794,['golden_dataset_1237'],['golden_dataset'],[CH3:31][C:30]([CH3:32])([CH3:33])[S:28](=[O:29])[N:27]=[CH:26][C:25]1=[CH:34][CH:35]=[CH:36][C:23]2=[C:24]1[C:20](=[CH:21][N:22]2[S:37](=[O:38])(=[O:39])[C:40]=3[CH:46]=[CH:45][C:43]([CH3:44])=[CH:42][CH:41]=3)[CH2:19][CH2:18][O:17][S:14](=[O:16])(=[O:15])[C:11]=4[CH:12]=[CH:13][C:8](=[CH:9][CH:10]=4)[CH3:7].[CH3:1][C:2]([CH3:3])=[CH:4][Mg:5][Br:6]>>[CH3:31][C:30]([CH3:32])([CH3:33])[S:28](=[O:29])[NH:27][CH:26]([CH:4]=[C:2]([CH3:1])[CH3:3])[C:25]=1[CH:34]=[CH:35][CH:36]=[C:23]2[N:22]([CH:21]=[C:20]([C:24]=12)[CH2:19][CH2:18][O:17][S:14](=[O:16])(=[O:15])[C:11]3=[CH:12][CH:13]=[C:8]([CH:9]=[CH:10]3)[CH3:7])[S:37](=[O:38])(=[O:39])[C:40]4=[CH:46][CH:45]=[C:43]([CH3:44])[CH:42]=[CH:41]4,[CH3:31][C:30]([CH3:32])([CH3:33])[S:28](=[O:29])[N:27]=[CH:26][C:25]1=[CH:34][CH:35]=[CH:36][C:23]2=[C:24]1[C:20](=[CH:21][N:22]2[S:37](=[O:38])(=[O:39])[C:40]=3[CH:46]=[CH:45][C:43]([CH3:44])=[CH:42][CH:41]=3)[CH2:19][CH2:18][O:17][S:14](=[O:16])(=[O:15])[C:11]=4[CH:12]=[CH:13][C:8](=[CH:9][CH:10]=4)[CH3:7].[CH3:1][C:2]([CH3:3])=[CH:4][Mg:5][Br:6].O>>[CH3:31][C:30]([CH3:32])([CH3:33])[S:28](=[O:29])[NH:27][CH:26]([CH:4]=[C:2]([CH3:1])[CH3:3])[C:25]=1[CH:34]=[CH:35][CH:36]=[C:23]2[N:22]([CH:21]=[C:20]([C:24]=12)[CH2:19][CH2:18][O:17][S:14](=[O:16])(=[O:15])[C:11]3=[CH:12][CH:13]=[C:8]([CH:9]=[CH:10]3)[CH3:7])[S:37](=[O:38])(=[O:39])[C:40]4=[CH:46][CH:45]=[C:43]([CH3:44])[CH:42]=[CH:41]4.O[Mg:5][Br:6],[],[CH3:31][C:30]([CH3:32])([CH3:33])[S:28](=[O:29])[N:27]=[CH:26][C:25]1=[CH:34][CH:35]=[CH:36][C:23]2=[C:24]1[C:20](=[CH:21][N:22]2[S:37](=[O:38])(=[O:39])[C:40]=3[CH:46]=[CH:45][C:43]([CH3:44])=[CH:42][CH:41]=3)[CH2:19][CH2:18][O:17][S:14](=[O:16])(=[O:15])[C:11]=4[CH:12]=[CH:13][C:8](=[CH:9][CH:10]=4)[CH3:7].[CH3:1][C:2]([CH3:3])=[CH:4][Mg:5][Br:6]>>[CH3:31][C:30]([CH3:32])([CH3:33])[S:28](=[O:29])[NH:27][CH:26]([CH:4]=[C:2]([CH3:1])[CH3:3])[C:25]=1[CH:34]=[CH:35][CH:36]=[C:23]2[N:22]([CH:21]=[C:20]([C:24]=12)[CH2:19][CH2:18][O:17][S:14](=[O:16])(=[O:15])[C:11]3=[CH:12][CH:13]=[C:8]([CH:9]=[CH:10]3)[CH3:7])[S:37](=[O:38])(=[O:39])[C:40]4=[CH:46][CH:45]=[C:43]([CH3:44])[CH:42]=[CH:41]4.[Br-].[Mg+2],False,False,unbalanced,
799,['golden_dataset_1247'],['golden_dataset'],[CH:7]1=[C:8]([C:3](=[CH:4][C:5]([N+:10]([O-:11])=[O:12])=[CH:6]1)[O:2][CH3:1])[CH3:9]>>[O:13]=[C:9]([OH:14])[C:8]1=[CH:7][CH:6]=[C:5]([N+:10]([O-:11])=[O:12])[CH:4]=[C:3]1[O:2][CH3:1],[CH:7]1=[C:8]([C:3](=[CH:4][C:5]([N+:10]([O-:11])=[O:12])=[CH:6]1)[O:2][CH3:1])[CH3:9].[O].[O:13]=[O:14]>>[O:13]=[C:9]([OH:14])[C:8]1=[CH:7][CH:6]=[C:5]([N+:10]([O-:11])=[O:12])[CH:4]=[C:3]1[O:2][CH3:1].O,[],[CH:7]1=[C:8]([C:3](=[CH:4][C:5]([N+:10]([O-:11])=[O:12])=[CH:6]1)[O:2][CH3:1])[CH3:9].[O:15]=[O:16]>>[O:13]=[C:9]([OH:14])[C:8]1=[CH:7][CH:6]=[C:5]([N+:10]([O-:11])=[O:12])[CH:4]=[C:3]1[O:2][CH3:1],False,False,unbalanced,
800,['golden_dataset_1248'],['golden_dataset'],[O:11]=[C:9]([OH:10])[C:8]1=[CH:7][CH:6]=[C:5]([N+:12]([O-:13])=[O:14])[CH:4]=[C:3]1[O:2][CH3:1]>>[N+:12]([O-:13])([C:5]=1[CH:4]=[C:3]([C:8](=[CH:7][CH:6]=1)[C:9]([Cl:15])=[O:11])[O:2][CH3:1])=[O:14],O=C(O)C1=CC=C([N+]([O-])=O)C=C1OC.[H+].[Cl-]>>[N+]([O-])(C=1C=C(C(=CC=1)C(Cl)=O)OC)=O.O,[],[O:11]=[C:9]([OH:10])[C:8]1=[CH:7][CH:6]=[C:5]([N+:12]([O-:13])=[O:14])[CH:4]=[C:3]1[O:2][CH3:1].[Cl:15]>>[N+:12]([O-:13])([C:5]=1[CH:4]=[C:3]([C:8](=[CH:7][CH:6]=1)[C:9]([Cl:15])=[O:11])[O:2][CH3:1])=[O:14].[OH:10][H:16],False,False,unbalanced,
803,['golden_dataset_1253'],['golden_dataset'],[C:24]1(=[CH:25][CH:26]=[CH:27][C:28]([CH:29]=[O:30])=[C:31]1[Cl:32])[Cl:23].[CH3:7][C:6](=[O:8])[CH2:5][C:3](=[O:4])[O:2][CH3:1].[O:18]=[C:17]([CH2:19][C:20](=[O:22])[CH3:21])[O:16][CH2:15][O:14][C:12](=[O:13])[CH2:11][CH2:10][CH3:9]>>[C:19]=1([CH:29]([C:28]=2[CH:27]=[CH:26][CH:25]=[C:24]([Cl:23])[C:31]=2[Cl:32])[C:5](=[C:6]([CH3:7])[NH:33][C:20]=1[CH3:21])[C:3](=[O:4])[O:2][CH3:1])[C:17]([O:16][CH2:15][O:14][C:12]([CH2:11][CH2:10][CH3:9])=[O:13])=[O:18],[O:18]=[C:17]([CH2:19][C:20](=[O:22])[CH3:21])[O:16][CH2:15][O:14][C:12](=[O:13])[CH2:11][CH2:10][CH3:9].[CH3:7][C:6](=[O:8])[CH2:5][C:3](=[O:4])[O:2][CH3:1].[OH-].[O].[NH4+].[C:24]1(=[CH:25][CH:26]=[CH:27][C:28]([CH:29]=[O:30])=[C:31]1[Cl:32])[Cl:23]>>[C:19]=1([CH:29]([C:28]=2[CH:27]=[CH:26][CH:25]=[C:24]([Cl:23])[C:31]=2[Cl:32])[C:5](=[C:6]([CH3:7])[NH:33][C:20]=1[CH3:21])[C:3](=[O:4])[O:2][CH3:1])[C:17]([O:16][CH2:15][O:14][C:12]([CH2:11][CH2:10][CH3:9])=[O:13])=[O:18].[O:30].O.O.O.O,[],[C:24]1(=[CH:25][CH:26]=[CH:27][C:28]([CH:29]=[O:30])=[C:31]1[Cl:32])[Cl:23].[CH3:7][C:6](=[O:8])[CH2:5][C:3](=[O:4])[O:2][CH3:1].[O:18]=[C:17]([CH2:19][C:20](=[O:22])[CH3:21])[O:16][CH2:15][O:14][C:12](=[O:13])[CH2:11][CH2:10][CH3:9].[NH4+].[Cl-]>>[C:19]=1([CH:29]([C:28]=2[CH:27]=[CH:26][CH:25]=[C:24]([Cl:23])[C:31]=2[Cl:32])[C:5](=[C:6]([CH3:7])[NH:33][C:20]=1[CH3:21])[C:3](=[O:4])[O:2][CH3:1])[C:17]([O:16][CH2:15][O:14][C:12]([CH2:11][CH2:10][CH3:9])=[O:13])=[O:18].O.O.O,False,False,unbalanced,
808,['golden_dataset_1267'],['golden_dataset'],[CH2:15]1[CH2:14][N:13]([CH2:18][CH2:17][NH:16]1)[C:11]2=[N:12][C:5]([NH:4][C:2](=[O:3])[CH3:1])=[CH:6][CH:7]=[C:8]2[N+:9]#[N:10]>>[CH2:15]1[CH2:14][N:13]([CH2:18][CH2:17][NH:16]1)[C:11]=2[C:8](=[CH:7][CH:6]=[C:5]([NH:4][C:2](=[O:3])[CH3:1])[N:12]=2)[F:19],C1CN(CCN1)C2=NC(NC(=O)C)=CC=C2[N+]#N.[F-].[H+]>>N#[NH+].C1CN(CCN1)C=2C(=CC=C(NC(=O)C)N=2)F,[],[CH2:15]1[CH2:14][N:13]([CH2:18][CH2:17][NH:16]1)[C:11]2=[N:12][C:5]([NH:4][C:2](=[O:3])[CH3:1])=[CH:6][CH:7]=[C:8]2[N+:9]#[N:10].[F-]>>[CH2:15]1[CH2:14][N:13]([CH2:18][CH2:17][NH:16]1)[C:11]=2[C:8](=[CH:7][CH:6]=[C:5]([NH:4][C:2](=[O:3])[CH3:1])[N:12]=2)[F:19].[N-]=[N+]=[N-],False,False,unbalanced,
812,['golden_dataset_1283'],['golden_dataset'],[O:11]=[C:10]1[C:8]([NH:7][C:6]=2[C:13](=[CH:14][C:3]([O:2][CH3:1])=[CH:4][CH:5]=2)[NH:12]1)=[O:9]>>[C:10]1([Cl:16])=[N:12][C:13]2=[CH:14][C:3](=[CH:4][CH:5]=[C:6]2[N:7]=[C:8]1[Cl:15])[O:2][CH3:1],O=C1C(NC=2C(=CC(OC)=CC=2)N1)=O.[H+].[H+].[Cl-].[Cl-]>>C1(Cl)=NC2=CC(=CC=C2N=C1Cl)OC.O.O,[],[O:11]=[C:10]1[C:8]([NH:7][C:6]=2[C:13](=[CH:14][C:3]([O:2][CH3:1])=[CH:4][CH:5]=2)[NH:12]1)=[O:9].O=P(Cl)(Cl)Cl>>[C:10]1([Cl:16])=[N:12][C:13]2=[CH:14][C:3](=[CH:4][CH:5]=[C:6]2[N:7]=[C:8]1[Cl:15])[O:2][CH3:1].O=P(=O)(O)O,False,False,unbalanced,
818,['golden_dataset_1310'],['golden_dataset'],[CH:6]=1[CH:7]=[CH:8][C:3](=[CH:4][CH:5]=1)[CH:2]=[O:1].[O:22]=[S:21](=[O:23])([C:24]=1[CH:30]=[CH:29][C:27]([CH3:28])=[CH:26][CH:25]=1)[NH:20][N:19]=[C:17]([CH3:18])[C:14]2=[CH:13][CH:12]=[C:11]([CH:16]=[CH:15]2)[O:10][CH3:9]>>[CH:15]1=[C:14]([CH:13]=[CH:12][C:11](=[CH:16]1)[O:10][CH3:9])[C:17](=[CH2:18])[CH:2]([OH:1])[C:3]=2[CH:4]=[CH:5][CH:6]=[CH:7][CH:8]=2.[O:23]=[S:21](=[O:31])([C:24]=1[CH:30]=[CH:29][C:27]([CH3:28])=[CH:26][CH:25]=1)[O-:22],[CH:6]=1[CH:7]=[CH:8][C:3](=[CH:4][CH:5]=1)[CH:2]=[O:1].[O:22]=[S:21](=[O:23])([C:24]=1[CH:30]=[CH:29][C:27]([CH3:28])=[CH:26][CH:25]=1)[NH:20][N:19]=[C:17]([CH3:18])[C:14]2=[CH:13][CH:12]=[C:11]([CH:16]=[CH:15]2)[O:10][CH3:9].O>>[O:23]=[S:21](=[O:31])([C:24]=1[CH:30]=[CH:29][C:27]([CH3:28])=[CH:26][CH:25]=1)[O-:22].[CH:15]1=[C:14]([CH:13]=[CH:12][C:11](=[CH:16]1)[O:10][CH3:9])[C:17](=[CH2:18])[CH:2]([OH:1])[C:3]=2[CH:4]=[CH:5][CH:6]=[CH:7][CH:8]=2.[NH2+:20][NH:19],[],[CH:6]=1[CH:7]=[CH:8][C:3](=[CH:4][CH:5]=1)[CH:2]=[O:1].[O:22]=[S:21](=[O:23])([C:24]=1[CH:30]=[CH:29][C:27]([CH3:28])=[CH:26][CH:25]=1)[NH:20][N:19]=[C:17]([CH3:18])[C:14]2=[CH:13][CH:12]=[C:11]([CH:16]=[CH:15]2)[O:10][CH3:9]>>[CH:15]1=[C:14]([CH:13]=[CH:12][C:11](=[CH:16]1)[O:10][CH3:9])[C:17](=[CH2:18])[CH:2]([OH:1])[C:3]=2[CH:4]=[CH:5][CH:6]=[CH:7][CH:8]=2.[O:23]=[S:21](=[O:31])([C:24]=1[CH:30]=[CH:29][C:27]([CH3:28])=[CH:26][CH:25]=1)[O-:22].[NH4+:32],False,False,unbalanced,
821,['golden_dataset_1333'],['golden_dataset'],[Br:18][Mg:17][C:16]1=[CH:15][C:14]2=[CH:13][CH:12]=[C:11]([CH:22]=[C:21]2[CH:20]=[CH:19]1)[O:10][CH3:9].[Br:8][Mg:7][O:6][C:4](=[O:5])[CH:2]([Br:3])[CH3:1]>>[OH:6][C:4](=[O:5])[CH:2]([C:16]1=[CH:15][C:14]2=[CH:13][CH:12]=[C:11]([CH:22]=[C:21]2[CH:20]=[CH:19]1)[O:10][CH3:9])[CH3:1],[Br:8][Mg:7][O:6][C:4](=[O:5])[CH:2]([Br:3])[CH3:1].[Br:18][Mg:17][C:16]1=[CH:15][C:14]2=[CH:13][CH:12]=[C:11]([CH:22]=[C:21]2[CH:20]=[CH:19]1)[O:10][CH3:9].[H+]>>[Br-].[Br-].[Br-].[Mg+2].[Mg+2].[OH:6][C:4](=[O:5])[CH:2]([C:16]1=[CH:15][C:14]2=[CH:13][CH:12]=[C:11]([CH:22]=[C:21]2[CH:20]=[CH:19]1)[O:10][CH3:9])[CH3:1],[],[Br:18][Mg:17][C:16]1=[CH:15][C:14]2=[CH:13][CH:12]=[C:11]([CH:22]=[C:21]2[CH:20]=[CH:19]1)[O:10][CH3:9].[Br:8][Mg:7][O:6][C:4](=[O:5])[CH:2]([Br:3])[CH3:1]>>[OH:6][C:4](=[O:5])[CH:2]([C:16]1=[CH:15][C:14]2=[CH:13][CH:12]=[C:11]([CH:22]=[C:21]2[CH:20]=[CH:19]1)[O:10][CH3:9])[CH3:1].[Br-].[Br-].[Mg+2].[Mg+2],False,False,unbalanced,
823,['golden_dataset_1350'],['golden_dataset'],[CH:2](=[O:1])[NH:3][C:4]=1[CH:9]=[CH:8][CH:7]=[CH:6][CH:5]=1>>[O:11]=[S:14](=[O:12])([Cl:10])[O:13][C:7]1=[CH:6][CH:5]=[C:4]([NH:3][CH:2]=[O:1])[CH:9]=[CH:8]1,O=S(=O)(O)Cl.[O].[CH:2](=[O:1])[NH:3][C:4]=1[CH:9]=[CH:8][CH:7]=[CH:6][CH:5]=1>>[O:11]=[S:14](=[O:12])([Cl:10])[O:13][C:7]1=[CH:6][CH:5]=[C:4]([NH:3][CH:2]=[O:1])[CH:9]=[CH:8]1.O,[],[CH:2](=[O:1])[NH:3][C:4]=1[CH:9]=[CH:8][CH:7]=[CH:6][CH:5]=1.O=S(=O)(Cl)Cl>>[O:11]=[S:14](=[O:12])([Cl:10])[O:13][C:7]1=[CH:6][CH:5]=[C:4]([NH:3][CH:2]=[O:1])[CH:9]=[CH:8]1.Cl,False,False,unbalanced,
825,['golden_dataset_1359'],['golden_dataset'],[CH2:13]1[CH:12]([C:17](=[O:18])[CH:16]=[CH:15][CH2:14]1)[CH3:11].[O:6]1[CH2:7][CH2:8][CH2:9][O:10][CH:5]1[CH2:4][CH2:3][Mg:2][Br:1]>>[CH2:7]1[O:6][CH:5]([O:10][CH2:9][CH2:8]1)[CH2:4][CH2:3][CH:15]2[CH2:14][CH2:13][CH:12]([C:17]([CH2:16]2)=[O:18])[CH3:11],[CH2:13]1[CH:12]([C:17](=[O:18])[CH:16]=[CH:15][CH2:14]1)[CH3:11].[O:6]1[CH2:7][CH2:8][CH2:9][O:10][CH:5]1[CH2:4][CH2:3][Mg:2][Br:1].O>>[CH2:7]1[O:6][CH:5]([O:10][CH2:9][CH2:8]1)[CH2:4][CH2:3][CH:15]2[CH2:14][CH2:13][CH:12]([C:17]([CH2:16]2)=[O:18])[CH3:11].O[Mg:2][Br:1],[],[CH2:13]1[CH:12]([C:17](=[O:18])[CH:16]=[CH:15][CH2:14]1)[CH3:11].[O:6]1[CH2:7][CH2:8][CH2:9][O:10][CH:5]1[CH2:4][CH2:3][Mg:2][Br:1].[H][H]>>[CH2:7]1[O:6][CH:5]([O:10][CH2:9][CH2:8]1)[CH2:4][CH2:3][CH:15]2[CH2:14][CH2:13][CH:12]([C:17]([CH2:16]2)=[O:18])[CH3:11].Br[Mg][Mg]Br,False,False,unbalanced,
828,['golden_dataset_1376'],['golden_dataset'],[C:22]12([CH:24]=[O:25])[C:16]([CH3:17])([CH2:18][CH:19]3[O:20][CH:21]13)[CH2:15][CH2:14][CH:13]([C:11](=[CH2:12])[CH3:10])[CH2:23]2.[CH3:1][O:2][P:3]([O:5][CH3:6])([CH:7]=[N+:8]=[N-:9])=[O:4]>>[CH3:1][O:2][P:3]([O:5][CH3:6])([O-:25])=[O:4].[O:20]1[CH:19]2[CH2:18][C:16]3([C:22]([CH2:23][CH:13]([CH2:14][CH2:15]3)[C:11](=[CH2:12])[CH3:10])([C:24]#[CH:7])[CH:21]12)[CH3:17],nan,['C=C(C)C1CCC2(C)CC3OC3C2(C=O)C1.COP(=O)(C=[N+]=[N-])OC>>C#CC12CC(C(=C)C)CCC1(C)CC1OC12.COP(=O)([O-])OC'],[C:22]12([CH:24]=[O:25])[C:16]([CH3:17])([CH2:18][CH:19]3[O:20][CH:21]13)[CH2:15][CH2:14][CH:13]([C:11](=[CH2:12])[CH3:10])[CH2:23]2.[CH3:1][O:2][P:3]([O:5][CH3:6])([CH:7]=[N+:8]=[N-:9])=[O:4]>>[CH3:1][O:2][P:3]([O:5][CH3:6])([O-:25])=[O:4].[O:20]1[CH:19]2[CH2:18][C:16]3([C:22]([CH2:23][CH:13]([CH2:14][CH2:15]3)[C:11](=[CH2:12])[CH3:10])([C:24]#[CH:7])[CH:21]12)[CH3:17].[N-:9]=[N+8]=[CH:7]N,False,False,unbalanced,
831,['golden_dataset_1623'],['golden_dataset'],[O:12]=[S:11](=[O:13])([NH:14][CH:15]1[CH:19]([CH:20]([O:28][C:16]1=[O:18])[CH2:21][S:22][C:23]=2[S:27][CH:26]=[CH:25][N:24]=2)[O:29][CH2:30][C:31]3=[CH:32][CH:33]=[CH:34][CH:35]=[CH:36]3)[C:10]=4[CH:37]=[CH:38][C:7](=[CH:8][CH:9]=4)[C:6]5=[CH:5][CH:4]=[C:3]([CH:40]=[CH:39]5)[O:2][CH3:1].[Li+:41].[OH-:17]>>[O:12]=[S:11](=[O:13])([C:10]=1[CH:37]=[CH:38][C:7](=[CH:8][CH:9]=1)[C:6]2=[CH:5][CH:4]=[C:3]([CH:40]=[CH:39]2)[O:2][CH3:1])[NH:14][CH:15]([C:16](=[O:18])[OH:17])[CH:19]([CH:20]([CH2:21][S:22][C:23]3=[N:24][CH:25]=[CH:26][S:27]3)[OH:28])[O:29][CH2:30][C:31]=4[CH:36]=[CH:35][CH:34]=[CH:33][CH:32]=4,[OH-].O=S(=O)(NC1C(C(OC1=O)CSC=2SC=CN=2)OCC3=CC=CC=C3)C=4C=CC(=CC=4)C5=CC=C(C=C5)OC.[H+]>>O=S(=O)(C=1C=CC(=CC=1)C2=CC=C(C=C2)OC)NC(C(=O)O)C(C(CSC3=NC=CS3)O)OCC=4C=CC=CC=4,[],[O:12]=[S:11](=[O:13])([NH:14][CH:15]1[CH:19]([CH:20]([O:28][C:16]1=[O:18])[CH2:21][S:22][C:23]=2[S:27][CH:26]=[CH:25][N:24]=2)[O:29][CH2:30][C:31]3=[CH:32][CH:33]=[CH:34][CH:35]=[CH:36]3)[C:10]=4[CH:37]=[CH:38][C:7](=[CH:8][CH:9]=4)[C:6]5=[CH:5][CH:4]=[C:3]([CH:40]=[CH:39]5)[O:2][CH3:1].[Li+:41].[OH-:17]>>[O:12]=[S:11](=[O:13])([C:10]=1[CH:37]=[CH:38][C:7](=[CH:8][CH:9]=1)[C:6]2=[CH:5][CH:4]=[C:3]([CH:40]=[CH:39]2)[O:2][CH3:1])[NH:14][CH:15]([C:16](=[O:18])[O-:17])[CH:19]([CH:20]([CH2:21][S:22][C:23]3=[N:24][CH:25]=[CH:26][S:27]3)[OH:28])[O:29][CH2:30][C:31]=4[CH:36]=[CH:35][CH:34]=[CH:33][CH:32]=4.[Li+:41],True,False,balanced,
838,['golden_dataset_490'],['golden_dataset'],[CH4:31].[CH2:14]1[CH2:15][N:16]([CH2:29][CH2:30][CH:13]1[N:12]2[CH2:11][CH2:10][N:3]([C:4]=3[CH:9]=[CH:8][CH:7]=[CH:6][CH:5]=3)[C:2]2=[O:1])[CH2:17][CH:18]([OH:19])[CH2:20][O:21][C:22]=4[C:27](=[N:26][CH:25]=[CH:24][N:23]=4)[Cl:28].[OH2:32]>>[CH2:15]1[CH2:14][CH:13]([CH2:30][CH2:29][N:16]1[CH2:17][CH:18]([OH:19])[CH2:20][O:21][C:22]=2[N:23]=[CH:24][CH:25]=[N:26][C:27]=2[O:32][CH3:31])[N:12]3[C:2](=[O:1])[N:3]([CH2:10][CH2:11]3)[C:4]4=[CH:9][CH:8]=[CH:7][CH:6]=[CH:5]4,nan,['O=C1N(c2ccccc2)CCN1C1CCN(CC(O)COc2nccnc2Cl)CC1.O.C>>COc1nccnc1OCC(O)CN1CCC(N2CCN(c3ccccc3)C2=O)CC1.Cl'],[CH4:31].[CH2:14]1[CH2:15][N:16]([CH2:29][CH2:30][CH:13]1[N:12]2[CH2:11][CH2:10][N:3]([C:4]=3[CH:9]=[CH:8][CH:7]=[CH:6][CH:5]=3)[C:2]2=[O:1])[CH2:17][CH:18]([OH:19])[CH2:20][O:21][C:22]=4[C:27](=[N:26][CH:25]=[CH:24][N:23]=4)[Cl:28].[OH2:32]>>[CH2:15]1[CH2:14][CH:13]([CH2:30][CH2:29][N:16]1[CH2:17][CH:18]([OH:19])[CH2:20][O:21][C:22]=2[N:23]=[CH:24][CH:25]=[N:26][C:27]=2[O:32][CH3:31])[N:12]3[C:2](=[O:1])[N:3]([CH2:10][CH2:11]3)[C:4]4=[CH:9][CH:8]=[CH:7][CH:6]=[CH:5]4.[Cl:28][H:33][H:34][H:35],True,False,balanced,
839,['golden_dataset_496'],['golden_dataset'],[CH4:23].[CH2:9]1[CH2:10][CH:11]([CH2:19][CH2:20][CH:8]1[CH:7]2[CH2:21][CH2:22][CH:4]([CH2:5][CH2:6]2)[CH2:3][CH2:2][CH3:1])[C:12]=3[CH:18]=[CH:17][C:15](=[CH:14][CH:13]=3)[Br:16].[NH3:24]>>[CH2:9]1[CH2:10][CH:11]([CH2:19][CH2:20][CH:8]1[CH:7]2[CH2:21][CH2:22][CH:4]([CH2:5][CH2:6]2)[CH2:3][CH2:2][CH3:1])[C:12]3=[CH:18][CH:17]=[C:15]([C:23]#[N:24])[CH:14]=[CH:13]3,nan,['CCCC1CCC(C2CCC(c3ccc(Br)cc3)CC2)CC1.N.C>>CCCC1CCC(C2CCC(c3ccc(C#N)cc3)CC2)CC1.Br'],[CH4:23].[CH2:9]1[CH2:10][CH:11]([CH2:19][CH2:20][CH:8]1[CH:7]2[CH2:21][CH2:22][CH:4]([CH2:5][CH2:6]2)[CH2:3][CH2:2][CH3:1])[C:12]=3[CH:18]=[CH:17][C:15](=[CH:14][CH:13]=3)[Br:16].[NH3:24]>>[CH2:9]1[CH2:10][CH:11]([CH2:19][CH2:20][CH:8]1[CH:7]2[CH2:21][CH2:22][CH:4]([CH2:5][CH2:6]2)[CH2:3][CH2:2][CH3:1])[C:12]3=[CH:18][CH:17]=[C:15]([C:23]#[N:24])[CH:14]=[CH:13]3.[NH4+].[Br-],False,False,unbalanced,
840,['golden_dataset_502'],['golden_dataset'],[CH2:13]([CH2:14][K:11])[Br:12].[O-:6][P:5]([O:8][CH2:9][CH3:10])(=[S:7])[S:4][CH2:3][CH2:2][CH3:1]>>[CH2:13]([Br:12])[CH2:14][S:7][P:5]([O:8][CH2:9][CH3:10])(=[O:6])[S:4][CH2:3][CH2:2][CH3:1],nan,['CCCSP([O-])(=S)OCC.[K]CCBr>>CCCSP(=O)(OCC)SCCBr.[KH]'],[CH2:13]([CH2:14][K:11])[Br:12].[O-:6][P:5]([O:8][CH2:9][CH3:10])(=[S:7])[S:4][CH2:3][CH2:2][CH3:1]>>[CH2:13]([Br:12])[CH2:14][S:7][P:5]([O:8][CH2:9][CH3:10])(=[O:6])[S:4][CH2:3][CH2:2][CH3:1].[K+].[Br-],False,False,unbalanced,
841,['golden_dataset_515'],['golden_dataset'],[CH4:18].[CH4:19].[NH3:20].[O:8]=[S:7](=[O:9])([C:6]1=[CH:11][C:12]2=[C:13]([C:4]([C:2]([OH:3])=[O:1])=[CH:5]1)[O:14][CH2:15][CH2:16][CH2:17]2)[Cl:10]>>[CH3:18][N:20]([CH3:19])[S:7](=[O:8])(=[O:9])[C:6]1=[CH:5][C:4](=[C:13]2[O:14][CH2:15][CH2:16][CH2:17][C:12]2=[CH:11]1)[C:2]([OH:3])=[O:1],C.C.N.O=S(=O)(C1=CC2=C(C(C(O)=O)=C1)OCCC2)Cl.[O].[O]>>CN(C)S(=O)(=O)C1=CC(=C2OCCCC2=C1)C(O)=O.Cl.O.O,['O=C(O)c1cc(S(=O)(=O)Cl)cc2c1OCCC2.N.C.C>>CN(C)S(=O)(=O)c1cc2c(c(C(=O)O)c1)OCCC2.Cl'],[CH4:18].[CH4:19].[NH3:20].[O:8]=[S:7](=[O:9])([C:6]1=[CH:11][C:12]2=[C:13]([C:4]([C:2]([OH:3])=[O:1])=[CH:5]1)[O:14][CH2:15][CH2:16][CH2:17]2)[Cl:10]>>[CH3:18][N:20]([CH3:19])[S:7](=[O:8])(=[O:9])[C:6]1=[CH:5][C:4](=[C:13]2[O:14][CH2:15][CH2:16][CH2:17][C:12]2=[CH:11]1)[C:2]([OH:3])=[O:1].[H]Cl,False,False,unbalanced,
844,['golden_dataset_647'],['golden_dataset'],[CH3:16][C:15]1([CH3:17])[CH:14]2[C:22]([CH3:23])([CH2:21][CH2:20][CH:18]1[OH:19])[C:24]=3[C:11]([CH2:12][CH2:13]2)=[CH:10][C:9](=[C:8]([C:25]=3[O:26][CH3:27])[O:7][CH3:6])[CH:28]([CH3:29])[CH3:30].[Cl:1][P:2]([Cl:3])([Cl:4])=[O:5]>>[CH3:16][C:15]1([CH3:17])[CH:14]2[C:22]([C:24]=3[C:11]([CH2:12][CH2:13]2)=[CH:10][C:9](=[C:8]([C:25]=3[O:26][CH3:27])[O:7][CH3:6])[CH:28]([CH3:29])[CH3:30])([CH2:21][CH:20]=[CH:18]1)[CH3:23],CC1(C)C2C(C)(CCC1O)C=3C(CC2)=CC(=C(C=3OC)OC)C(C)C.ClP(Cl)(Cl)=O>>CC1(C)C2C(C=3C(CC2)=CC(=C(C=3OC)OC)C(C)C)(CC=C1)C.O.O=P(Cl)(Cl)Cl,[],[CH3:16][C:15]1([CH3:17])[CH:14]2[C:22]([CH3:23])([CH2:21][CH2:20][CH:18]1[OH:19])[C:24]=3[C:11]([CH2:12][CH2:13]2)=[CH:10][C:9](=[C:8]([C:25]=3[O:26][CH3:27])[O:7][CH3:6])[CH:28]([CH3:29])[CH3:30].[Cl:1][P:2]([Cl:3])([Cl:4])=[O:5]>>[CH3:16][C:15]1([CH3:17])[CH:14]2[C:22]([C:24]=3[C:11]([CH2:12][CH2:13]2)=[CH:10][C:9](=[C:8]([C:25]=3[O:26][CH3:27])[O:7][CH3:6])[CH:28]([CH3:29])[CH3:30])([CH2:21][CH:20]=[CH:18]1)[CH3:23].O=P(Cl)(Cl)Cl.[OH-].[H+],True,False,balanced,
845,['golden_dataset_718'],['golden_dataset'],[CH2:13]1[CH2:14][NH:15][CH2:16][CH2:17][N:12]1[C:10]=2[C:8](=[CH:7][CH:6]=[C:5]([NH:4][C:2](=[O:3])[CH3:1])[N:11]=2)[NH2:9].[NH3:18]>>[CH2:14]1[CH2:13][N:12]([CH2:17][CH2:16][NH:15]1)[C:10]2=[N:11][C:5]([NH:4][C:2](=[O:3])[CH3:1])=[CH:6][CH:7]=[C:8]2[N+:9]#[N:18],nan,['CC(=O)Nc1ccc(N)c(N2CCNCC2)n1.N>>CC(=O)Nc1ccc([N+]#N)c(N2CCNCC2)n1'],[CH2:13]1[CH2:14][NH:15][CH2:16][CH2:17][N:12]1[C:10]=2[C:8](=[CH:7][CH:6]=[C:5]([NH:4][C:2](=[O:3])[CH3:1])[N:11]=2)[NH2:9].[NH3:18]>>[CH2:14]1[CH2:13][N:12]([CH2:17][CH2:16][NH:15]1)[C:10]2=[N:11][C:5]([NH:4][C:2](=[O:3])[CH3:1])=[CH:6][CH:7]=[C:8]2[N+:9]#[N:18].[NH4+],False,False,unbalanced,
846,['golden_dataset_827'],['golden_dataset'],[O:9]=[CH:8][C:7]=1[C:2]([SH:1])=[CH:3][CH:4]=[CH:5][CH:6]=1.[O:10]=[S:11](=[O:12])([CH:13]=[CH:14][C:15]1=[CH:16][CH:17]=[CH:18][CH:19]=[CH:20]1)[C:21]=2[N:25]([C:26]3=[CH:27][CH:28]=[CH:29][CH:30]=[CH:31]3)[N:24]=[N:23][N:22]=2>>[CH:13]1=[CH:8][C:7]=2[CH:6]=[CH:5][CH:4]=[CH:3][C:2]=2[S:1][CH:14]1[C:15]3=[CH:16][CH:17]=[CH:18][CH:19]=[CH:20]3.[C:26]=1([CH:27]=[CH:28][CH:29]=[CH:30][CH:31]=1)[N:25]2[C:21](=[O:9])[NH:22][N:23]=[N:24]2,[O:10]=[S:11](=[O:12])([CH:13]=[CH:14][C:15]1=[CH:16][CH:17]=[CH:18][CH:19]=[CH:20]1)[C:21]=2[N:25]([C:26]3=[CH:27][CH:28]=[CH:29][CH:30]=[CH:31]3)[N:24]=[N:23][N:22]=2.OO.[O:9]=[CH:8][C:7]=1[C:2]([SH:1])=[CH:3][CH:4]=[CH:5][CH:6]=1>>[C:26]=1([CH:27]=[CH:28][CH:29]=[CH:30][CH:31]=1)[N:25]2[C:21](=[O:9])[NH:22][N:23]=[N:24]2.O=S(=O)(O)O.[CH:13]1=[CH:8][C:7]=2[CH:6]=[CH:5][CH:4]=[CH:3][C:2]=2[S:1][CH:14]1[C:15]3=[CH:16][CH:17]=[CH:18][CH:19]=[CH:20]3,[],[O:9]=[CH:8][C:7]=1[C:2]([SH:1])=[CH:3][CH:4]=[CH:5][CH:6]=1.[O:10]=[S:11](=[O:12])([CH:13]=[CH:14][C:15]1=[CH:16][CH:17]=[CH:18][CH:19]=[CH:20]1)[C:21]=2[N:25]([C:26]3=[CH:27][CH:28]=[CH:29][CH:30]=[CH:31]3)[N:24]=[N:23][N:22]=2>>[CH:13]1=[CH:8][C:7]=2[CH:6]=[CH:5][CH:4]=[CH:3][C:2]=2[S:1][CH:14]1[C:15]3=[CH:16][CH:17]=[CH:18][CH:19]=[CH:20]3.[C:26]=1([CH:27]=[CH:28][CH:29]=[CH:30][CH:31]=1)[N:25]2[C:21](=[O:9])[NH:22][N:23]=[N:24]2.O=S(=O)(O)O,False,False,unbalanced,
848,['golden_dataset_931'],['golden_dataset'],[O:16]=[C:15]([C:17]1=[CH:18][CH:19]=[CH:20][CH:21]=[CH:22]1)[CH3:14].[O:3]=[S:2](=[O:4])([C:5]=1[NH:9][C:8]=2[C:7](=[CH:13][CH:12]=[CH:11][CH:10]=2)[N:6]=1)[CH3:1]>>[C:17]1(=[CH:18][CH:19]=[CH:20][CH:21]=[CH:22]1)[C:15](=[CH2:1])[CH3:14].[CH:11]1=[CH:12][CH:13]=[C:7]2[C:8]([NH:9][C:5]([NH:6]2)=[O:16])=[CH:10]1,nan,['CS(=O)(=O)c1nc2ccccc2[nH]1.CC(=O)c1ccccc1>>O=c1[nH]c2ccccc2[nH]1.C=C(C)c1ccccc1'],[O:16]=[C:15]([C:17]1=[CH:18][CH:19]=[CH:20][CH:21]=[CH:22]1)[CH3:14].[O:3]=[S:2](=[O:4])([C:5]=1[NH:9][C:8]=2[C:7](=[CH:13][CH:12]=[CH:11][CH:10]=2)[N:6]=1)[CH3:1]>>[C:17]1(=[CH:18][CH:19]=[CH:20][CH:21]=[CH:22]1)[C:15](=[CH2:1])[CH3:14].[CH:11]1=[CH:12][CH:13]=[C:7]2[C:8]([NH:9][C:5]([NH:6]2)=[O:16])=[CH:10]1.O=S(=O)(O)O,False,False,unbalanced,
849,['golden_dataset_940'],['golden_dataset'],[CH:4]1=[CH:3][CH:8]=[CH:7][N:6]=[CH:5]1.[NH2:1][Na:2]>>[CH:7]=1[N:6]=[C:5]([NH2:1])[CH:4]=[CH:3][CH:8]=1,[O].C1=CC=CN=C1.N[Na]>>[OH][Na].C=1N=C(N)C=CC=1,[],[CH:4]1=[CH:3][CH:8]=[CH:7][N:6]=[CH:5]1.[NH2:1][Na:2]>>[CH:7]=1[N:6]=[C:5]([NH2:1])[CH:4]=[CH:3][CH:8]=1.[Na+].[H-],True,False,balanced,
852,['golden_dataset_974'],['golden_dataset'],[CH3:1][N:2]([CH3:3])[S:4](=[O:5])(=[O:6])[C:7]=1[C:8]=2[CH:9]=[CH:10][C:11](=[N:13][C:14]=2[C:15](=[CH:17][CH:18]=1)[OH:16])[CH3:12].[O:19]=[Se:20]=[O:21]>>[CH3:1][N:2]([CH3:3])[S:4](=[O:5])(=[O:6])[C:7]=1[C:8]2=[C:14]([C:15](=[CH:17][CH:18]=1)[OH:16])[N:13]=[C:11]([CH:12]=[O:21])[CH:10]=[CH:9]2,[O:19]=[Se:20]=[O:21].[CH3:1][N:2]([CH3:3])[S:4](=[O:5])(=[O:6])[C:7]=1[C:8]=2[CH:9]=[CH:10][C:11](=[N:13][C:14]=2[C:15](=[CH:17][CH:18]=1)[OH:16])[CH3:12].[O]>>[CH3:1][N:2]([CH3:3])[S:4](=[O:5])(=[O:6])[C:7]=1[C:8]2=[C:14]([C:15](=[CH:17][CH:18]=1)[OH:16])[N:13]=[C:11]([CH:12]=[O:21])[CH:10]=[CH:9]2.[Se:20].[O:22].O,[],[CH3:1][N:2]([CH3:3])[S:4](=[O:5])(=[O:6])[C:7]=1[C:8]=2[CH:9]=[CH:10][C:11](=[N:13][C:14]=2[C:15](=[CH:17][CH:18]=1)[OH:16])[CH3:12].[O:19]=[Se:20]=[O:21]>>[CH3:1][N:2]([CH3:3])[S:4](=[O:5])(=[O:6])[C:7]=1[C:8]2=[C:14]([C:15](=[CH:17][CH:18]=1)[OH:16])[N:13]=[C:11]([CH:12]=[O:21])[CH:10]=[CH:9]2.[Se:20].[O:19],False,False,unbalanced,
860,['Jaworski_366'],['Jaworski'],Brc1cccnc1.O.FC(F)(F)c1ccccc1C#N>>FC(F)(F)c1ccccc1C(=O)c1cccnc1,Brc1cccnc1.O.FC(F)(F)c1ccccc1C#N.[H].[H]>>FC(F)(F)c1ccccc1C(=O)c1cccnc1.Br.N,[],Brc1cccnc1.O.FC(F)(F)c1ccccc1C#N>>FC(F)(F)c1ccccc1C(=O)c1cccnc1.[NH4+].[Br-],False,False,unbalanced,
863,['golden_dataset_1164'],['golden_dataset'],[CH2:2]([CH3:1])[C:3]1=[CH:4][CH:5]=[CH:6][C:7]([NH2:8])=[CH:9]1>>[O:12]=[S:15](=[O:14])([O-:13])[N:8]([C:7]1=[CH:9][C:3]([CH2:2][CH3:1])=[CH:4][CH:5]=[CH:6]1)[NH2:11],[O].[NH2:11][S:15](=[O:14])(=[O:12])[O-:13].[CH2:2]([CH3:1])[C:3]1=[CH:4][CH:5]=[CH:6][C:7]([NH2:8])=[CH:9]1>>O.[O:12]=[S:15](=[O:14])([O-:13])[N:8]([C:7]1=[CH:9][C:3]([CH2:2][CH3:1])=[CH:4][CH:5]=[CH:6]1)[NH2:11],[],[CH2:2]([CH3:1])[C:3]1=[CH:4][CH:5]=[CH:6][C:7]([NH2:8])=[CH:9]1.[O:12]=[S:15](=[O:14])([O-:13])[NH2:11]>>[O:12]=[S:15](=[O:14])([O-:13])[N:8]([C:7]1=[CH:9][C:3]([CH2:2][CH3:1])=[CH:4][CH:5]=[CH:6]1)[NH2:11],False,False,unbalanced,
864,['golden_dataset_1189'],['golden_dataset'],[OH:7][CH2:6][C:4]([CH2:8][OH:9])([CH3:5])[CH2:3][CH2:2][CH3:1]>>[O:12]=[S:16](=[O:13])([NH2:11])[O:9][CH2:8][C:4]([CH2:6][O:7][S:17](=[O:15])(=[O:14])[NH2:10])([CH3:5])[CH2:3][CH2:2][CH3:1],[OH:7][CH2:6][C:4]([CH2:8][OH:9])([CH3:5])[CH2:3][CH2:2][CH3:1].[O:12]=[S:16](=[O:13])([NH2:11])[O:9][S:17](=[O:15])(=[O:14])[NH2:10]>>[O:12]=[S:16](=[O:13])([NH2:11])[O:9][CH2:8][C:4]([CH2:6][O:7][S:17](=[O:15])(=[O:14])[NH2:10])([CH3:5])[CH2:3][CH2:2][CH3:1].[OH2:18],[],[OH:7][CH2:6][C:4]([CH2:8][OH:9])([CH3:5])[CH2:3][CH2:2][CH3:1].O=S(=O)(O)O.O=S(=O)(O)O.N>>[O:12]=[S:16](=[O:13])([NH2:11])[O:9][CH2:8][C:4]([CH2:6][O:7][S:17](=[O:15])(=[O:14])[NH2:10])([CH3:5])[CH2:3][CH2:2][CH3:1],False,False,unbalanced,
867,['golden_dataset_1309'],['golden_dataset'],[CH:9]=1[CH:10]=[C:11]([CH:16]([N+:21]([O-:22])=[O:23])[CH2:17][CH2:18][C:19]#[N:20])[CH:12]=[C:13]([C:8]=1[O:7][CH3:6])[O:14][CH3:15].[O:3]=[Mn:2](=[O:4])(=[O:5])[O-:1]>>[CH3:15][O:14][C:13]1=[CH:12][C:11](=[CH:10][CH:9]=[C:8]1[O:7][CH3:6])[C:16](=[O:1])[CH2:17][CH2:18][C:19]#[N:20],nan,['COc1ccc(C(CCC#N)[N+](=O)[O-])cc1OC.O=[Mn](=O)(=O)[O-]>>COc1ccc(C(=O)CCC#N)cc1OC.O=[N+]([O-])[Mn](=O)(=O)=O'],[CH:9]=1[CH:10]=[C:11]([CH:16]([N+:21]([O-:22])=[O:23])[CH2:17][CH2:18][C:19]#[N:20])[CH:12]=[C:13]([C:8]=1[O:7][CH3:6])[O:14][CH3:15].[O:3]=[Mn:2](=[O:4])(=[O:5])[O-:1]>>[CH3:15][O:14][C:13]1=[CH:12][C:11](=[CH:10][CH:9]=[C:8]1[O:7][CH3:6])[C:16](=[O:1])[CH2:17][CH2:18][C:19]#[N:20].[O:3]=[Mn:2](=[O:4])(=[O:5])[O-:1].[NH4+].[OH-],False,False,unbalanced,
870,['golden_dataset_1396'],['golden_dataset'],[CH:6]=1[C:1]([CH:7]2[C:8](=[O:20])[CH2:9][CH2:10][CH2:11][CH2:12]2)=[CH:2][CH:3]=[CH:4][CH:5]=1.[NH:15]1[CH:14]([CH3:13])[CH2:19][NH:18][CH2:17][CH2:16]1.[BH4-:21].[Na+:22]>>[NH:15]1[CH2:16][CH2:17][N:18]([CH:8]2[CH:7]([CH2:12][CH2:11][CH2:10][CH2:9]2)[C:1]=3[CH:2]=[CH:3][CH:4]=[CH:5][CH:6]=3)[CH2:19][CH:14]1[CH3:13],C=1C(C2C(=O)CCCC2)=CC=CC=1.N1C(C)CNCC1.[BH4-].[Na+].[H].[H]>>N1CCN(C2C(CCCC2)C=3C=CC=CC=3)CC1C.O.[BH4-].[Na+],[],[CH:6]=1[C:1]([CH:7]2[C:8](=[O:20])[CH2:9][CH2:10][CH2:11][CH2:12]2)=[CH:2][CH:3]=[CH:4][CH:5]=1.[NH:15]1[CH:14]([CH3:13])[CH2:19][NH:18][CH2:17][CH2:16]1.[BH4-:21].[Na+:22]>>[NH:15]1[CH2:16][CH2:17][N:18]([CH:8]2[CH:7]([CH2:12][CH2:11][CH2:10][CH2:9]2)[C:1]=3[CH:2]=[CH:3][CH:4]=[CH:5][CH:6]=3)[CH2:19][CH:14]1[CH3:13].[Na+].[BH3][OH-],True,False,balanced,
871,['golden_dataset_1445'],['golden_dataset'],[CH:6]=1[C:1](=[CH:2][CH:3]=[C:4]([CH3:7])[CH:5]=1)[I:16].[F:14][C:8]([F:15])([Br:17])[C:9]([O:11][CH2:12][CH3:13])=[O:10].[K+:23].[K+:24].[O-:21][P:19]([O-:22])([OH:18])=[O:20]>>[F:14][C:8]([F:15])([C:9](=[O:10])[O:11][CH2:12][CH3:13])[C:1]=1[CH:6]=[CH:5][C:4](=[CH:3][CH:2]=1)[CH3:7],C=1C(=CC=C(C)C=1)I.FC(F)(Br)C(OCC)=O.[H].[H]>>Br.I.FC(F)(C(=O)OCC)C=1C=CC(=CC=1)C,[],[CH:6]=1[C:1](=[CH:2][CH:3]=[C:4]([CH3:7])[CH:5]=1)[I:16].[F:14][C:8]([F:15])([Br:17])[C:9]([O:11][CH2:12][CH3:13])=[O:10].[K+:23].[K+:24].[O-:21][P:19]([O-:22])([OH:18])=[O:20]>>[F:14][C:8]([F:15])([C:9](=[O:10])[O:11][CH2:12][CH3:13])[C:1]=1[CH:6]=[CH:5][C:4](=[CH:3][CH:2]=1)[CH3:7].[Br-].[I-].[K+].[K+].[O-][P]([O-])([O-])=[O],False,False,unbalanced,
872,['golden_dataset_1733'],['golden_dataset'],[Cl:32][P:30]([Cl:33])([Cl:31])=[O:29].[NH:6]([NH:5][C:4]([C:3]1=[C:2]([Cl:1])[CH:28]=[CH:27][C:25](=[CH:24]1)[Cl:26])=[O:23])[C:7](=[O:34])[C:8]=2[CH:22]=[CH:21][C:11]([O:12][CH2:13][CH2:14][CH2:15][CH2:16][CH2:17][CH2:18][CH2:19][CH3:20])=[CH:10][CH:9]=2>>[CH:9]=1[CH:10]=[C:11]([O:12][CH2:13][CH2:14][CH2:15][CH2:16][CH2:17][CH2:18][CH2:19][CH3:20])[CH:21]=[CH:22][C:8]=1[C:7]2=[N:6][N:5]=[C:4]([O:23]2)[C:3]=3[CH:24]=[C:25]([Cl:26])[CH:27]=[CH:28][C:2]=3[Cl:1],N(NC(C1=C(Cl)C=CC(=C1)Cl)=O)C(=O)C=2C=CC(OCCCCCCCC)=CC=2>>C=1C=C(OCCCCCCCC)C=CC=1C2=NN=C(O2)C=3C=C(Cl)C=CC=3Cl.O,[],[Cl:32][P:30]([Cl:33])([Cl:31])=[O:29].[NH:6]([NH:5][C:4]([C:3]1=[C:2]([Cl:1])[CH:28]=[CH:27][C:25](=[CH:24]1)[Cl:26])=[O:23])[C:7](=[O:34])[C:8]=2[CH:22]=[CH:21][C:11]([O:12][CH2:13][CH2:14][CH2:15][CH2:16][CH2:17][CH2:18][CH2:19][CH3:20])=[CH:10][CH:9]=2>>[CH:9]=1[CH:10]=[C:11]([O:12][CH2:13][CH2:14][CH2:15][CH2:16][CH2:17][CH2:18][CH2:19][CH3:20])[CH:21]=[CH:22][C:8]=1[C:7]2=[N:6][N:5]=[C:4]([O:23]2)[C:3]=3[CH:24]=[C:25]([Cl:26])[CH:27]=[CH:28][C:2]=3[Cl:1].O=P(Cl)(Cl)Cl,False,False,unbalanced,
873,['golden_dataset_1796'],['golden_dataset'],[BH3:42].[CH3:2][C:1]([CH3:3])([CH3:4])[C:5]1=[C:6]([O:7][CH2:8][CH2:9][CH:10]([OH:13])[C:11]([OH:12])=[O:43])[C:14]([C:15]([CH3:16])([CH3:17])[CH3:18])=[CH:19][C:20]([S:21][C:22]([CH3:24])([CH3:23])[S:25][C:26]=2[CH:40]=[C:35]([C:33](=[C:28]([CH:27]=2)[C:29]([CH3:32])([CH3:30])[CH3:31])[OH:34])[C:36]([CH3:37])([CH3:38])[CH3:39])=[CH:41]1>>[CH3:37][C:36]([CH3:38])([CH3:39])[C:35]=1[C:33](=[C:28]([CH:27]=[C:26]([CH:40]=1)[S:25][C:22]([CH3:24])([CH3:23])[S:21][C:20]=2[CH:19]=[C:14]([C:15]([CH3:16])([CH3:17])[CH3:18])[C:6](=[C:5]([C:1]([CH3:2])([CH3:3])[CH3:4])[CH:41]=2)[O:7][CH2:8][CH2:9][CH:10]([CH2:11][OH:12])[OH:13])[C:29]([CH3:32])([CH3:30])[CH3:31])[OH:34],B.CC(C)(C)C1=C(OCCC(O)C(O)=O)C(C(C)(C)C)=CC(SC(C)(C)SC=2C=C(C(=C(C=2)C(C)(C)C)O)C(C)(C)C)=C1.[H].[H].[H].[H]>>CC(C)(C)C=1C(=C(C=C(C=1)SC(C)(C)SC=2C=C(C(C)(C)C)C(=C(C(C)(C)C)C=2)OCCC(CO)O)C(C)(C)C)O.B.O,[],[BH3:42].[CH3:2][C:1]([CH3:3])([CH3:4])[C:5]1=[C:6]([O:7][CH2:8][CH2:9][CH:10]([OH:13])[C:11]([OH:12])=[O:43])[C:14]([C:15]([CH3:16])([CH3:17])[CH3:18])=[CH:19][C:20]([S:21][C:22]([CH3:24])([CH3:23])[S:25][C:26]=2[CH:40]=[C:35]([C:33](=[C:28]([CH:27]=2)[C:29]([CH3:32])([CH3:30])[CH3:31])[OH:34])[C:36]([CH3:37])([CH3:38])[CH3:39])=[CH:41]1>>[CH3:37][C:36]([CH3:38])([CH3:39])[C:35]=1[C:33](=[C:28]([CH:27]=[C:26]([CH:40]=1)[S:25][C:22]([CH3:24])([CH3:23])[S:21][C:20]=2[CH:19]=[C:14]([C:15]([CH3:16])([CH3:17])[CH3:18])[C:6](=[C:5]([C:1]([CH3:2])([CH3:3])[CH3:4])[CH:41]=2)[O:7][CH2:8][CH2:9][CH:10]([CH2:11][OH:12])[OH:13])[C:29]([CH3:32])([CH3:30])[CH3:31])[OH:34].[BH2:42][OH:43],False,False,unbalanced,
877,['Jaworski_352'],['Jaworski'],CCl.CC(C)S(=O)(=O)NCC(C)(F)c1ccc(cc1)-c1cccc(N)c1.ClS(Cl)(=O)=O>>CC(C)S(=O)(=O)NCC(C)(F)c1ccc(cc1)-c1cccc(NS(C)(=O)=O)c1,nan,['CC(C)S(=O)(=O)NCC(C)(F)c1ccc(-c2cccc(N)c2)cc1.O=S(=O)(Cl)Cl.CCl>>CC(C)S(=O)(=O)NCC(C)(F)c1ccc(-c2cccc(NS(C)(=O)=O)c2)cc1'],CCl.CC(C)S(=O)(=O)NCC(C)(F)c1ccc(cc1)-c1cccc(N)c1.ClS(Cl)(=O)=O>>CC(C)S(=O)(=O)NCC(C)(F)c1ccc(cc1)-c1cccc(NS(C)(=O)=O)c1.Cl.Cl.Cl,False,False,unbalanced,
883,['golden_dataset_1470'],['golden_dataset'],[Br:15][C:1]=1[CH:6]=[CH:5][CH:4]=[C:9]([CH3:10])[CH:8]=1.[CH2:3]([CH3:7])[C:2]#[N:16].[I:13][I:14].[O:19]=[S:18](=[O:20])([OH:17])[OH:11].[Mg:12]=[O:21]>>[CH2:3]([C:2]([C:1]=1[CH:6]=[CH:5][CH:4]=[C:9]([CH3:10])[CH:8]=1)=[O:11])[CH3:7],nan,['O=S(=O)(O)O.CCC#N.Cc1cccc(Br)c1.O=[Mg].II>>CCC(=O)c1cccc(C)c1'],[Br:15][C:1]=1[CH:6]=[CH:5][CH:4]=[C:9]([CH3:10])[CH:8]=1.[CH2:3]([CH3:7])[C:2]#[N:16].[I:13][I:14].[O:19]=[S:18](=[O:20])([OH:17])[OH:11].[Mg:12]=[O:21]>>[CH2:3]([C:2]([C:1]=1[CH:6]=[CH:5][CH:4]=[C:9]([CH3:10])[CH:8]=1)=[O:11])[CH3:7].[Mg:12]([Br:15])[I:13].[I:14].[NH2:16][S:18](=[O:19])(=[O:20])[OH:17].[OH:11],False,False,unbalanced,
885,['Jaworski_31'],['Jaworski'],[H][C@]12CCN(C(=O)OCC)[C@]1([H])[C@H](CCO[Si](C)(C)C(C)(C)C)[C@H](O)C=C2>>[H][C@]12CCN(C(=O)OCC)[C@]1([H])[C@H](CCO[Si](C)(C)C(C)(C)C)C=C[C@@H]2C(N)=O,NC(=O)O.[H][C@]12CCN(C(=O)OCC)[C@]1([H])[C@H](CCO[Si](C)(C)C(C)(C)C)[C@H](O)C=C2>>[H][C@]12CCN(C(=O)OCC)[C@]1([H])[C@H](CCO[Si](C)(C)C(C)(C)C)C=C[C@@H]2C(N)=O,[],[H][C@]12CCN(C(=O)OCC)[C@]1([H])[C@H](CCO[Si](C)(C)C(C)(C)C)[C@H](O)C=C2.[C-]#N.[Na+].CC(=O)O>>[H][C@]12CCN(C(=O)OCC)[C@]1([H])[C@H](CCO[Si](C)(C)C(C)(C)C)C=C[C@@H]2C(N)=O,False,False,unbalanced,
887,['Jaworski_35'],['Jaworski'],[H][C@]12CC=C[C@@]1([H])CC(=C2)[C@@]1(CCC[C@H]1CC(OC)OC)O[Si](CC)(CC)CC>>[H][C@]12CC(OC)[C@]3([H])[C@@]4([H])CC=C[C@@]4([H])C[C@]13C(=O)CCC2.CC[SiH](CC)CC,nan,['CC[Si](CC)(CC)O[C@@]1(C2=C[C@H]3CC=C[C@H]3C2)CCC[C@H]1CC(OC)OC>>COC1C[C@@H]2CCCC(=O)[C@@]23C[C@@H]2C=CC[C@@H]2[C@@H]13.CC[SiH](CC)CC'],[H][C@]12CC=C[C@@]1([H])CC(=C2)[C@@]1(CCC[C@H]1CC(OC)OC)O[Si](CC)(CC)CC>>[H][C@]12CC(OC)[C@]3([H])[C@@]4([H])CC=C[C@@]4([H])C[C@]13C(=O)CCC2.CC[SiH](CC)CC.CO,False,False,unbalanced,
890,['Jaworski_44'],['Jaworski'],CCOC=C.CC#CC1(CC1)C(C)=O.O>>CC(=O)C1=CC[C@]2(C)CC[C@]12O,[O].CC#CC1(CC1)C(C)=O.CCOC=C>>CC(=O)C1=CC[C@]2(C)CC[C@]12O.CC=O,[],CCOC=C.CC#CC1(CC1)C(C)=O.O>>CC(=O)C1=CC[C@]2(C)CC[C@]12O.CCO,True,False,balanced,
892,['Jaworski_48'],['Jaworski'],C1N=C1c1ccccc1.O=C1C(=C(C(=C1c1ccccc1)c1ccccc1)c1ccccc1)c1ccccc1>>c1ccc(cc1)C1C=NC(c2ccccc2)=C(c2ccccc2)C(c2ccccc2)=C1c1ccccc1,nan,['O=C1C(c2ccccc2)=C(c2ccccc2)C(c2ccccc2)=C1c1ccccc1.c1ccc(C2=NC2)cc1>>C1=NC(c2ccccc2)=C(c2ccccc2)C(c2ccccc2)=C(c2ccccc2)C1c1ccccc1'],C1N=C1c1ccccc1.O=C1C(=C(C(=C1c1ccccc1)c1ccccc1)c1ccccc1)c1ccccc1>>c1ccc(cc1)C1C=NC(c2ccccc2)=C(c2ccccc2)C(c2ccccc2)=C1c1ccccc1.O,False,False,unbalanced,
893,['Jaworski_73'],['Jaworski'],CC(C)([Si](C)(OC[C@H]1OC(C)(O[C@H]1[C@H](C=C)O)C)C)C.COC(OC)(OC)C>>COC(CC/C=C/[C@@H]1OC(C)(O[C@@H]1CO[Si](C)(C(C)(C)C)C)C)=O.CO,CC(C)([Si](C)(OC[C@H]1OC(C)(O[C@H]1[C@H](C=C)O)C)C)C.COC(OC)(OC)C>>COC(CC/C=C/[C@@H]1OC(C)(O[C@@H]1CO[Si](C)(C(C)(C)C)C)C)=O.CO.CO,[],CC(C)([Si](C)(OC[C@H]1OC(C)(O[C@H]1[C@H](C=C)O)C)C)C.COC(OC)(OC)C>>COC(CC/C=C/[C@@H]1OC(C)(O[C@@H]1CO[Si](C)(C(C)(C)C)C)C)=O.CO.CO,True,True,balanced,
894,['Jaworski_74'],['Jaworski'],CONC([C@H]1OC(C)(O[C@H]1/C=C/CCC(OC)=O)C)=O>>[H][C@]1([C@@]2([C@@H]3OC(C)(O[C@@H]3C(N2OC)=O)C)[H])CCC(O1)=O,CONC([C@H]1OC(C)(O[C@H]1/C=C/CCC(OC)=O)C)=O.[O]>>[H][C@]1([C@@]2([C@@H]3OC(C)(O[C@@H]3C(N2OC)=O)C)[H])CCC(O1)=O.CO,[],CONC([C@H]1OC(C)(O[C@H]1/C=C/CCC(OC)=O)C)=O>>[H][C@]1([C@@]2([C@@H]3OC(C)(O[C@@H]3C(N2OC)=O)C)[H])CCC(O1)=O.CO,False,False,unbalanced,
895,['Jaworski_77'],['Jaworski'],CCOC(=O)CCCCC(=O)OCC>>O=C1CCCC1.CCO.CCO,CCOC(=O)CCCCC(=O)OCC>>O=C1CCCC1.CCOC(=O)OCC,['CCOC(=O)CCCCC(=O)OCC>>O=C1CCCC1.CCO.CCO'],CCOC(=O)CCCCC(=O)OCC>>O=C1CCCC1.CCO.CCO.CO,False,False,unbalanced,
896,['Jaworski_88'],['Jaworski'],CCC=O>>CC\C=C(/C)C=O,CCCO.CCC=O.[O]>>CC\C=C(/C)C=O.O.O,[],CCC=O.CCC=O>>CC\C=C(/C)C=O.O,True,False,balanced,
897,['Jaworski_89'],['Jaworski'],CN1C=C(C)C(=O)NC1=O>>[H][C@]1(N(C)C(=O)NC(=O)[C@]1(C)O)C1=NC(=O)N(C)C=C1C,CN1C=C(C)C(=O)NC1=O.CN1C=C(C)C(=O)NC1=O>>[H][C@]1(N(C)C(=O)NC(=O)[C@]1(C)O)C1=NC(=O)N(C)C=C1C,[],CN1C=C(C)C(=O)NC1=O.C1CCOC1.CCOC(=O)C#N>>[H][C@]1(N(C)C(=O)NC(=O)[C@]1(C)O)C1=NC(=O)N(C)C=C1C,False,False,unbalanced,
898,['Jaworski_90'],['Jaworski'],[H]C(=O)c1ccccc1>>OC(C(=O)c1ccccc1)c1ccccc1,O=Cc1ccccc1.O=Cc1ccccc1>>OC(C(=O)c1ccccc1)c1ccccc1,[],[H]C(=O)c1ccccc1.O=Cc1ccccc1>>OC(C(=O)c1ccccc1)c1ccccc1,True,True,balanced,
899,['Jaworski_94'],['Jaworski'],[H]C(C)=O.CCC(=O)CC(=O)OC(C)C.N>>CCC1=C(C(C)C(C(=O)OC(C)C)=C(CC)N1)C(=O)OC(C)C,nan,['CCC(=O)CC(=O)OC(C)C.CC=O.N>>CCC1=C(C(=O)OC(C)C)C(C)C(C(=O)OC(C)C)=C(CC)N1'],CC=O.CCC(=O)CC(=O)OC(C)C.N>>CCC1=C(C(C)C(C(=O)OC(C)C)=C(CC)N1)C(=O)OC(C)C,False,False,unbalanced,
901,['Jaworski_104'],['Jaworski'],Cc1ccc(cc1)S(=O)(=O)N(CC=C)C1CC(C=C1)N(CC=C)S(=O)(=O)c1ccc(C)cc1>>CC1=CC=C(C=C1)S(=O)(=O)N1CC=CC1C1C=CCN1S(=O)(=O)C1=CC=C(C)C=C1,Cc1ccc(cc1)S(=O)(=O)N(CC=C)C1CC(C=C1)N(CC=C)S(=O)(=O)c1ccc(C)cc1>>CC=C.CC1=CC=C(C=C1)S(=O)(=O)N1CC=CC1C1C=CCN1S(=O)(=O)C1=CC=C(C)C=C1,['C=CCN(C1C=CC(N(CC=C)S(=O)(=O)c2ccc(C)cc2)C1)S(=O)(=O)c1ccc(C)cc1>>Cc1ccc(S(=O)(=O)N2CC=CC2C2C=CCN2S(=O)(=O)c2ccc(C)cc2)cc1'],Cc1ccc(cc1)S(=O)(=O)N(CC=C)C1CC(C=C1)N(CC=C)S(=O)(=O)c1ccc(C)cc1>>CC1=CC=C(C=C1)S(=O)(=O)N1CC=CC1C1C=CCN1S(=O)(=O)C1=CC=C(C)C=C1.CC=C,True,True,balanced,
907,['Jaworski_290'],['Jaworski'],CC(C)Cn1c(nc2c(nc(nc12)-c1cnc(N)nc1)N1CCOCC1C)N1CCNCC1.O=Cn1nnc2ccccc12>>CC(C)Cn1c(nc2c(nc(nc12)-c1cnc(N)nc1)N1CCOCC1C)N1CCN(CC1)C=O,nan,['CC(C)Cn1c(N2CCNCC2)nc2c(N3CCOCC3C)nc(-c3cnc(N)nc3)nc21.O=Cn1nnc2ccccc21>>CC(C)Cn1c(N2CCN(C=O)CC2)nc2c(N3CCOCC3C)nc(-c3cnc(N)nc3)nc21'],CC(C)Cn1c(nc2c(nc(nc12)-c1cnc(N)nc1)N1CCOCC1C)N1CCNCC1.O=Cn1nnc2ccccc12>>CC(C)Cn1c(nc2c(nc(nc12)-c1cnc(N)nc1)N1CCOCC1C)N1CCN(CC1)C=O.c1ccc2nn[nH]c2c1,True,False,balanced,
911,['Jaworski_349'],['Jaworski'],Nc1ccc-2c(Cc3cc(Br)ccc-23)c1.CCCCI>>CCCCC1(CCCC)c2cc(N)ccc2-c2ccc(Br)cc12,nan,['CCCCI.Nc1ccc2c(c1)Cc1cc(Br)ccc1-2>>CCCCC1(CCCC)c2cc(N)ccc2-c2ccc(Br)cc21'],Nc1ccc-2c(Cc3cc(Br)ccc-23)c1.CCCCI>>CCCCC1(CCCC)c2cc(N)ccc2-c2ccc(Br)cc12.[I-],False,False,unbalanced,
913,['Jaworski_371'],['Jaworski'],CCOC(=O)CC(=O)CCl.Clc1ccccc1C=O.Nc1cc[nH]n1>>Clc1ccccc1C1C2=C(COC2=O)Nc2n[nH]cc12,Nc1cc[nH]n1.CCOC(=O)CC(=O)CCl.Clc1ccccc1C=O>>Cl.Clc1ccccc1C1C2=C(COC2=O)Nc2n[nH]cc12.CCO.O,[],CCOC(=O)CC(=O)CCl.Clc1ccccc1C=O.Nc1cc[nH]n1>>Clc1ccccc1C1C2=C(COC2=O)Nc2n[nH]cc12.Cl.CCO.O,True,True,balanced,
914,['Jaworski_376'],['Jaworski'],COc1ccc2N(C)C(=O)Cc2c1.C[S+](C)(C)=O.Ic1n[nH]c2cc(C=O)ccc12>>COc1ccc2N(C)C(=O)C3(CC3c3ccc4c(I)n[nH]c4c3)c2c1,COc1ccc2N(C)C(=O)Cc2c1.C[S+](C)(C)=O.Ic1n[nH]c2cc(C=O)ccc12.[O]>>COc1ccc2N(C)C(=O)C3(CC3c3ccc4c(I)n[nH]c4c3)c2c1.C[S+](C)(=O)O.O,[],COc1ccc2N(C)C(=O)Cc2c1.C[S+](C)(C)=O.Ic1n[nH]c2cc(C=O)ccc12>>COc1ccc2N(C)C(=O)C3(CC3c3ccc4c(I)n[nH]c4c3)c2c1.CS(C)=O,False,False,unbalanced,
915,['Jaworski_632'],['Jaworski'],CO\C=C\C(=C)O[Si](C)(C)C.O=C1OC(=O)C=C1>>[H][C@]12CC(=O)C[C@@H](OC)[C@@]1([H])C(=O)OC2=O,CO\C=C\C(=C)O[Si](C)(C)C.O=C1OC(=O)C=C1.O>>[H][C@]12CC(=O)C[C@@H](OC)[C@@]1([H])C(=O)OC2=O.C[Si](C)(C)O,[],CO\C=C\C(=C)O[Si](C)(C)C.O=C1OC(=O)C=C1>>[H][C@]12CC(=O)C[C@@H](OC)[C@@]1([H])C(=O)OC2=O.C[Si](C)(C)O,False,False,unbalanced,
916,['Jaworski_26'],['Jaworski'],[H][C@]12CC(Cl)[C@](C)(C=C)C([N+]#[C-])=C1C1(Cl)C3=C(C=CC=C3)N=C1C2(C)C>>[H][C@]12C[C@@H](Cl)[C@@](C)(C=C)C([N+]#[C-])=C1[C@]1(C(=O)Nc3ccccc13)C2(C)C,[H][C@]12CC(Cl)[C@](C)(C=C)C([N+]#[C-])=C1C1(Cl)C3=C(C=CC=C3)N=C1C2(C)C.O>>[H][C@]12C[C@@H](Cl)[C@@](C)(C=C)C([N+]#[C-])=C1[C@]1(C(=O)Nc3ccccc13)C2(C)C.Cl,[],[H][C@]12CC(Cl)[C@](C)(C=C)C([N+]#[C-])=C1C1(Cl)C3=C(C=CC=C3)N=C1C2(C)C.O>>[H][C@]12C[C@@H](Cl)[C@@](C)(C=C)C([N+]#[C-])=C1[C@]1(C(=O)Nc3ccccc13)C2(C)C.Cl,True,True,balanced,
1035,['USPTO_random_class_189'],['USPTO_random_class'],CC(=O)Oc1ccc(C=CC(=O)O)cc1.CS(=O)(=O)Oc1ccc(C(=N)N)cc1C(=O)c1ccccc1>>CC(=O)Oc1ccc(C=CC(=O)Oc2ccc(C(=N)N)cc2C(=O)c2ccccc2)cc1,CC(=O)Oc1ccc(C=CC(=O)O)cc1.CS(=O)(=O)Oc1ccc(C(=N)N)cc1C(=O)c1ccccc1>>CC(=O)Oc1ccc(C=CC(=O)Oc2ccc(C(=N)N)cc2C(=O)c2ccccc2)cc1.CS(=O)(=O)O,[],CC(=O)Oc1ccc(C=CC(=O)O)cc1.CS(=O)(=O)Oc1ccc(C(=N)N)cc1C(=O)c1ccccc1>>CC(=O)Oc1ccc(C=CC(=O)Oc2ccc(C(=N)N)cc2C(=O)c2ccccc2)cc1.CS(=O)(=O)O,True,True,balanced,
1043,['USPTO_random_class_213'],['USPTO_random_class'],C=CCOc1c(C=C)cc(CO)nc1Cl>>OCc1cc2c(c(Cl)n1)OCC=C2,C=CCOc1c(C=C)cc(CO)nc1Cl.[O]>>OCc1cc2c(c(Cl)n1)OCC=C2.CC=O,[],C=CCOc1c(C=C)cc(CO)nc1Cl>>OCc1cc2c(c(Cl)n1)OCC=C2.C=C,True,False,balanced,
1060,['USPTO_random_class_245'],['USPTO_random_class'],C=CCCC(=O)N[C@@H](COC(=O)[C@@H](CC=C)NC(=O)OC(C)(C)C)c1ccc(F)cc1>>CC(C)(C)OC(=O)N[C@@H]1CC=CCCC(=O)N[C@H](c2ccc(F)cc2)COC1=O,C=CCCC(=O)N[C@@H](COC(=O)[C@@H](CC=C)NC(=O)OC(C)(C)C)c1ccc(F)cc1.[O]>>CC(C)(C)OC(=O)N[C@@H]1CC=CCCC(=O)N[C@H](c2ccc(F)cc2)COC1=O.CC=O,[],C=CCCC(=O)N[C@@H](COC(=O)[C@@H](CC=C)NC(=O)OC(C)(C)C)c1ccc(F)cc1>>CC(C)(C)OC(=O)N[C@@H]1CC=CCCC(=O)N[C@H](c2ccc(F)cc2)COC1=O.C=C,True,False,balanced,
1131,['USPTO_random_class_501'],['USPTO_random_class'],BrC(Br)(Br)Br.OCc1cccc(OCCF)c1>>FCCOc1cccc(CBr)c1,BrC(Br)(Br)Br.OCc1cccc(OCCF)c1>>FCCOc1cccc(CBr)c1.OC(Br)(Br)Br,[],BrC(Br)(Br)Br.OCc1cccc(OCCF)c1>>FCCOc1cccc(CBr)c1.O=C(O)C(Br)(Br)Br,False,False,unbalanced,
1454,['USPTO_diff_1261'],['USPTO_diff'],CCc1nc(C#N)c(N)n1CCCCNS(C)(=O)=O.ICI>>CCc1nc(C#N)c(I)n1CCCCNS(C)(=O)=O,CCc1nc(C#N)c(N)n1CCCCNS(C)(=O)=O.ICI>>CCc1nc(C#N)c(I)n1CCCCNS(C)(=O)=O.NCI,[],CCc1nc(C#N)c(N)n1CCCCNS(C)(=O)=O.ICI>>CCc1nc(C#N)c(I)n1CCCCNS(C)(=O)=O.CI.N,False,False,unbalanced,
1455,['USPTO_diff_1262'],['USPTO_diff'],COC(=O)c1ccc(-c2cc(N)n(-c3ccc(C(=O)N4CCN(C)CC4)cc3)n2)cc1.ICI>>COC(=O)c1ccc(-c2cc(I)n(-c3ccc(C(=O)N4CCN(C)CC4)cc3)n2)cc1,COC(=O)c1ccc(-c2cc(N)n(-c3ccc(C(=O)N4CCN(C)CC4)cc3)n2)cc1.ICI>>COC(=O)c1ccc(-c2cc(I)n(-c3ccc(C(=O)N4CCN(C)CC4)cc3)n2)cc1.NCI,[],COC(=O)c1ccc(-c2cc(N)n(-c3ccc(C(=O)N4CCN(C)CC4)cc3)n2)cc1.ICI>>COC(=O)c1ccc(-c2cc(I)n(-c3ccc(C(=O)N4CCN(C)CC4)cc3)n2)cc1.HI.N,False,False,unbalanced,
1456,['USPTO_diff_1263'],['USPTO_diff'],CCOC(=O)c1cc(Cl)c(N)c(OC)c1.ICI>>CCOC(=O)c1cc(Cl)c(I)c(OC)c1,CCOC(=O)c1cc(Cl)c(N)c(OC)c1.ICI>>CCOC(=O)c1cc(Cl)c(I)c(OC)c1.NCI,[],CCOC(=O)c1cc(Cl)c(N)c(OC)c1.ICI>>CCOC(=O)c1cc(Cl)c(I)c(OC)c1.CI.N,False,False,unbalanced,
1506,['USPTO_diff_1313'],['USPTO_diff'],CC(C)(C)C#CCCO.ClC(Cl)(Cl)Cl>>CC(C)(C)C#CCCCl,CC(C)(C)C#CCCO.ClC(Cl)(Cl)Cl>>OC(Cl)(Cl)Cl.CC(C)(C)C#CCCCl,[],CC(C)(C)C#CCCO.ClC(Cl)(Cl)Cl>>CC(C)(C)C#CCCCl.C(Cl)(Cl)Cl.O,False,False,unbalanced,
1507,['USPTO_diff_1314'],['USPTO_diff'],ClC(Cl)(Cl)Cl.O[C@@H]1CCN(Cc2ccccc2)C1>>Cl[C@H]1CCN(Cc2ccccc2)C1,ClC(Cl)(Cl)Cl.O[C@@H]1CCN(Cc2ccccc2)C1>>OC(Cl)(Cl)Cl.Cl[C@H]1CCN(Cc2ccccc2)C1,[],ClC(Cl)(Cl)Cl.O[C@@H]1CCN(Cc2ccccc2)C1>>Cl[C@H]1CCN(Cc2ccccc2)C1.O=C(Cl)C(Cl)(Cl)Cl,False,False,unbalanced,
1528,['USPTO_diff_1336'],['USPTO_diff'],C#C[Si](C)(C)C.Cc1ccc([C@@]2(O)O[C@H](COCc3ccccc3)[C@@H](OCc3ccccc3)[C@H](OCc3ccccc3)[C@H]2OCc2ccccc2)cc1Cc1ccc(OS(=O)(=O)C(F)(F)F)cc1>>Cc1ccc([C@@]2(O)O[C@H](COCc3ccccc3)[C@@H](OCc3ccccc3)[C@H](OCc3ccccc3)[C@H]2OCc2ccccc2)cc1Cc1ccc(C#C[Si](C)(C)C)cc1,C#C[Si](C)(C)C.Cc1ccc([C@@]2(O)O[C@H](COCc3ccccc3)[C@@H](OCc3ccccc3)[C@H](OCc3ccccc3)[C@H]2OCc2ccccc2)cc1Cc1ccc(OS(=O)(=O)C(F)(F)F)cc1>>Cc1ccc([C@@]2(O)O[C@H](COCc3ccccc3)[C@@H](OCc3ccccc3)[C@H](OCc3ccccc3)[C@H]2OCc2ccccc2)cc1Cc1ccc(C#C[Si](C)(C)C)cc1.O=S(=O)(O)C(F)(F)F,[],C#C[Si](C)(C)C.Cc1ccc([C@@]2(O)O[C@H](COCc3ccccc3)[C@@H](OCc3ccccc3)[C@H](OCc3ccccc3)[C@H]2OCc2ccccc2)cc1Cc1ccc(OS(=O)(=O)C(F)(F)F)cc1.CCN(CC)CC>>Cc1ccc([C@@]2(O)O[C@H](COCc3ccccc3)[C@@H](OCc3ccccc3)[C@H](OCc3ccccc3)[C@H]2OCc2ccccc2)cc1Cc1ccc(C#C[Si](C)(C)C)cc1.O=S(=O)([O-])C(F)(F)F.[Na+],False,False,unbalanced,
1535,['USPTO_diff_1343'],['USPTO_diff'],BrC(Br)(Br)Br.O=C1CC(CO)CN1c1ccc(F)cc1>>O=C1CC(CBr)CN1c1ccc(F)cc1,BrC(Br)(Br)Br.O=C1CC(CO)CN1c1ccc(F)cc1>>O=C1CC(CBr)CN1c1ccc(F)cc1.OC(Br)(Br)Br,[],BrC(Br)(Br)Br.O=C1CC(CO)CN1c1ccc(F)cc1>>O=C1CC(CBr)CN1c1ccc(F)cc1.O=C(O)C(Br)(Br)Br,False,False,unbalanced,
1547,"['USPTO_diff_1356', 'USPTO_unbalance_class_274']","['USPTO_unbalance_class', 'USPTO_diff']",COC(=O)C1CCCCCC1=O.COC(=O)c1cc(N)cc(F)c1>>COC(=O)c1cc(F)cc2[nH]c3c(c(=O)c12)CCCCC3,COC(=O)c1cc(N)cc(F)c1.COC(=O)C1CCCCCC1=O>>COC(=O)c1cc(F)cc2[nH]c3c(c(=O)c12)CCCCC3.O.CO,[],COC(=O)C1CCCCCC1=O.COC(=O)c1cc(N)cc(F)c1>>COC(=O)c1cc(F)cc2[nH]c3c(c(=O)c12)CCCCC3.CO,False,False,unbalanced,
1549,"['USPTO_diff_1358', 'USPTO_unbalance_class_283']","['USPTO_unbalance_class', 'USPTO_diff']",CCC(=O)C(Cc1ccc(C(=O)N2CCCC2)cc1)C(=O)OC.COC(=O)COc1ccc(Cl)c(N)c1>>CCc1[nH]c2c(Cl)ccc(OCC(=O)OC)c2c(=O)c1Cc1ccc(C(=O)N2CCCC2)cc1,COC(=O)COc1ccc(Cl)c(N)c1.CCC(=O)C(Cc1ccc(C(=O)N2CCCC2)cc1)C(=O)OC>>O.CCc1[nH]c2c(Cl)ccc(OCC(=O)OC)c2c(=O)c1Cc1ccc(C(=O)N2CCCC2)cc1.CO,[],CCC(=O)C(Cc1ccc(C(=O)N2CCCC2)cc1)C(=O)OC.COC(=O)COc1ccc(Cl)c(N)c1>>CCc1[nH]c2c(Cl)ccc(OCC(=O)OC)c2c(=O)c1Cc1ccc(C(=O)N2CCCC2)cc1.CO,False,False,unbalanced,
1555,['USPTO_diff_1364'],['USPTO_diff'],BrC(Br)Br.CCOC(=O)c1cncc(-c2cnc(N)nn2)c1>>CCOC(=O)c1cncc(-c2cnc(Br)nn2)c1,BrC(Br)Br.CCOC(=O)c1cncc(-c2cnc(N)nn2)c1>>CCOC(=O)c1cncc(-c2cnc(Br)nn2)c1.NC(Br)Br,[],BrC(Br)Br.CCOC(=O)c1cncc(-c2cnc(N)nn2)c1>>CCOC(=O)c1cncc(-c2cnc(Br)nn2)c1.[NH4+].[Br-],False,False,unbalanced,
1622,['USPTO_diff_1435'],['USPTO_diff'],Nc1ccc(N2CCOCC2)cc1N.O=C(n1ccnc1)n1ccnc1>>O=c1[nH]c2ccc(N3CCOCC3)cc2[nH]1,O=C(n1ccnc1)n1ccnc1.Nc1ccc(N2CCOCC2)cc1N>>C1=NC=NC1.C1=NC=NC1.O=c1[nH]c2ccc(N3CCOCC3)cc2[nH]1,[],Nc1ccc(N2CCOCC2)cc1N.O=C(n1ccnc1)n1ccnc1>>O=c1[nH]c2ccc(N3CCOCC3)cc2[nH]1.n1ccnc1,False,False,unbalanced,
1623,['USPTO_diff_1436'],['USPTO_diff'],Nc1cnc(-n2cnc3ccccc32)nc1N[C@@H]1CCOc2c(F)cccc21.O=C(n1ccnc1)n1ccnc1>>O=c1[nH]c2cnc(-n3cnc4ccccc43)nc2n1[C@@H]1CCOc2c(F)cccc21,Nc1cnc(-n2cnc3ccccc32)nc1N[C@@H]1CCOc2c(F)cccc21.O=C(n1ccnc1)n1ccnc1>>O=c1[nH]c2cnc(-n3cnc4ccccc43)nc2n1[C@@H]1CCOc2c(F)cccc21.c1c[nH]cn1.c1c[nH]cn1,[],Nc1cnc(-n2cnc3ccccc32)nc1N[C@@H]1CCOc2c(F)cccc21.O=C(n1ccnc1)n1ccnc1>>O=c1[nH]c2cnc(-n3cnc4ccccc43)nc2n1[C@@H]1CCOc2c(F)cccc21.n1ccnc1,False,False,unbalanced,
1657,"['USPTO_diff_1470', 'USPTO_unbalance_class_285']","['USPTO_unbalance_class', 'USPTO_diff']",CC(=O)c1c(-c2ccc(F)cc2)ncn1C1CCN(Cc2ccccc2)CC1.COC(OC)N(C)C.N=C(N)N>>Nc1nccc(-c2c(-c3ccc(F)cc3)ncn2C2CCN(Cc3ccccc3)CC2)n1,nan,['CC(=O)c1c(-c2ccc(F)cc2)ncn1C1CCN(Cc2ccccc2)CC1.COC(OC)N(C)C.N=C(N)N>>Nc1nccc(-c2c(-c3ccc(F)cc3)ncn2C2CCN(Cc3ccccc3)CC2)n1'],CC(=O)c1c(-c2ccc(F)cc2)ncn1C1CCN(Cc2ccccc2)CC1.COC(OC)N(C)C.N=C(N)N>>Nc1nccc(-c2c(-c3ccc(F)cc3)ncn2C2CCN(Cc3ccccc3)CC2)n1.CO.CO.NC=O,False,False,unbalanced,
1687,['USPTO_diff_1502'],['USPTO_diff'],CC(C)C[C@H](NC(=O)[C@H](Cc1ccccc1)NC(=O)c1cnccn1)B1O[C@@H]2C[C@@H]3C[C@@H](C3(C)C)[C@]2(C)O1>>CC(C)C[C@H](NC(=O)[C@H](Cc1ccccc1)NC(=O)c1cnccn1)B(O)O,CC(C)C[C@H](NC(=O)[C@H](Cc1ccccc1)NC(=O)c1cnccn1)B1O[C@@H]2C[C@@H]3C[C@@H](C3(C)C)[C@]2(C)O1.O.O>>CC(C)C[C@H](NC(=O)[C@H](Cc1ccccc1)NC(=O)c1cnccn1)B(O)O.CC1(O)C(O)C[C@@H]2C[C@H]1C2(C)C,[],CC(C)C[C@H](NC(=O)[C@H](Cc1ccccc1)NC(=O)c1cnccn1)B1O[C@@H]2C[C@@H]3C[C@@H](C3(C)C)[C@]2(C)O1>>CC(C)C[C@H](NC(=O)[C@H](Cc1ccccc1)NC(=O)c1cnccn1)B(O)O.CC1(C)C2CC[C@@]1(C)C(O)C2,False,False,unbalanced,
1689,['USPTO_diff_1504'],['USPTO_diff'],CCCCC(=O)Cl.O=[N+]([O-])c1ccc(O)c(C[P+](c2ccccc2)(c2ccccc2)c2ccccc2)c1>>O=P(c1ccccc1)(c1ccccc1)c1ccccc1,CCCCC(=O)Cl.O=[N+]([O-])c1ccc(O)c(C[P+](c2ccccc2)(c2ccccc2)c2ccccc2)c1>>O=P(c1ccccc1)(c1ccccc1)c1ccccc1.CCCCC(Cl)Cc1cc([N+](=O)[O-])ccc1O,[],CCCCC(=O)Cl.O=[N+]([O-])c1ccc(O)c(C[P+](c2ccccc2)(c2ccccc2)c2ccccc2)c1>>O=P(c1ccccc1)(c1ccccc1)c1ccccc1.CCCCC(=O)Oc1ccc([N+](=O)[O-])cc1CCl,False,False,unbalanced,
1738,['USPTO_diff_1553'],['USPTO_diff'],CC1(C)Oc2cc(N(S(C)(=O)=O)S(C)(=O)=O)ccc2NC1=O.Fc1ccc(B2OB(c3ccc(F)cc3)OB(c3ccc(F)cc3)O2)cc1>>CC1(C)Oc2cc(N(S(C)(=O)=O)S(C)(=O)=O)ccc2N(c2ccc(F)cc2)C1=O,CC1(C)Oc2cc(N(S(C)(=O)=O)S(C)(=O)=O)ccc2NC1=O.Fc1ccc(B2OB(c3ccc(F)cc3)OB(c3ccc(F)cc3)O2)cc1.[O]>>CC1(C)Oc2cc(N(S(C)(=O)=O)S(C)(=O)=O)ccc2N(c2ccc(F)cc2)C1=O.OB1OB(c2ccc(F)cc2)OB(c2ccc(F)cc2)O1,[],CC1(C)Oc2cc(N(S(C)(=O)=O)S(C)(=O)=O)ccc2NC1=O.Fc1ccc(B2OB(c3ccc(F)cc3)OB(c3ccc(F)cc3)O2)cc1>>CC1(C)Oc2cc(N(S(C)(=O)=O)S(C)(=O)=O)ccc2N(c2ccc(F)cc2)C1=O.B1OB(c2ccc(F)cc2)OB(c2ccc(F)cc2)O1,True,False,balanced,
1745,['USPTO_diff_1560'],['USPTO_diff'],C#Cc1cc(C)cc(Nc2cc(C(F)(F)F)ccn2)n1.COC(=O)C1(N)CC1.[N-]=[N+]=NS(=O)(=O)C(F)(F)F>>COC(=O)C1(n2cc(-c3cc(C)cc(Nc4cc(C(F)(F)F)ccn4)n3)nn2)CC1,C#Cc1cc(C)cc(Nc2cc(C(F)(F)F)ccn2)n1.COC(=O)C1(N)CC1.[N-]=[N+]=NS(=O)(=O)C(F)(F)F>>COC(=O)C1(n2cc(-c3cc(C)cc(Nc4cc(C(F)(F)F)ccn4)n3)nn2)CC1.NS(=O)(=O)C(F)(F)F,[],C#Cc1cc(C)cc(Nc2cc(C(F)(F)F)ccn2)n1.COC(=O)C1(N)CC1.[N-]=[N+]=NS(=O)(=O)C(F)(F)F>>COC(=O)C1(n2cc(-c3cc(C)cc(Nc4cc(C(F)(F)F)ccn4)n3)nn2)CC1.NS(=O)(=O)C(F)(F)F,True,True,balanced,
1783,['USPTO_diff_1172'],['USPTO_diff'],FC(F)(F)I.O=C(CCl)CCl>>OC(CCl)(CCl)C(F)(F)F,FC(F)(F)I.O=C(CCl)CCl.[H].[H]>>OC(CCl)(CCl)C(F)(F)F.I,[],FC(F)(F)I.O=C(CCl)CCl>>OC(CCl)(CCl)C(F)(F)F.I,False,False,unbalanced,
1851,['USPTO_diff_1209'],['USPTO_diff'],BrC(Br)(Br)Br.CCOc1ccc([N+](=O)[O-])c(C=O)c1>>CCOc1ccc([N+](=O)[O-])c(C=C(Br)Br)c1,nan,['CCOc1ccc([N+](=O)[O-])c(C=O)c1.BrC(Br)(Br)Br>>CCOc1ccc([N+](=O)[O-])c(C=C(Br)Br)c1'],BrC(Br)(Br)Br.CCOc1ccc([N+](=O)[O-])c(C=O)c1>>CCOc1ccc([N+](=O)[O-])c(C=C(Br)Br)c1.O=C(Br)C(Br)(Br)Br,False,False,unbalanced,
1852,['USPTO_diff_1210'],['USPTO_diff'],BrC(Br)(Br)Br.COc1ccc(CN(C(=O)OCc2ccccc2)[C@@H]2C(=O)N(Cc3ccc(OC)cc3OC)[C@@H]2CC=O)cc1>>COc1ccc(CN(C(=O)OCc2ccccc2)[C@@H]2C(=O)N(Cc3ccc(OC)cc3OC)[C@@H]2CC=C(Br)Br)cc1,BrC(Br)(Br)Br.COc1ccc(CN(C(=O)OCc2ccccc2)[C@@H]2C(=O)N(Cc3ccc(OC)cc3OC)[C@@H]2CC=O)cc1.C=O>>O=C(Br)Br.COc1ccc(CN(C(=O)OCc2ccccc2)[C@@H]2C(=O)N(Cc3ccc(OC)cc3OC)[C@@H]2CC=C(Br)Br)cc1.O,[],BrC(Br)(Br)Br.COc1ccc(CN(C(=O)OCc2ccccc2)[C@@H]2C(=O)N(Cc3ccc(OC)cc3OC)[C@@H]2CC=O)cc1>>COc1ccc(CN(C(=O)OCc2ccccc2)[C@@H]2C(=O)N(Cc3ccc(OC)cc3OC)[C@@H]2CC=C(Br)Br)cc1.O=C(O)C(Br)(Br)Br,False,False,unbalanced,
1853,['USPTO_diff_1211'],['USPTO_diff'],BrC(Br)(Br)Br.N#C[C@@H]1CC[C@@H](C=O)CC1>>N#C[C@@H]1CC[C@@H](C=C(Br)Br)CC1,nan,['N#C[C@H]1CC[C@H](C=O)CC1.BrC(Br)(Br)Br>>N#C[C@H]1CC[C@H](C=C(Br)Br)CC1'],BrC(Br)(Br)Br.N#C[C@@H]1CC[C@@H](C=O)CC1>>N#C[C@@H]1CC[C@@H](C=C(Br)Br)CC1.O=C(Br)Br,False,False,unbalanced,
1863,['USPTO_diff_1628'],['USPTO_diff'],BrC(Br)(Br)Br.O=Cc1ccco1>>BrC(Br)=Cc1ccco1,BrC(Br)(Br)Br.O=Cc1ccco1.C=O>>O=C(Br)Br.BrC(Br)=Cc1ccco1.O,[],BrC(Br)(Br)Br.O=Cc1ccco1>>BrC(Br)=Cc1ccco1.O.O=C(Br)Br,False,False,unbalanced,
2067,['USPTO_unbalance_class_280'],['USPTO_unbalance_class'],COC(=O)[C@@H]1CC[C@@H](CNc2cc(OC3CCCCO3)ccc2N)CC1.O=C(n1ccnc1)n1ccnc1>>COC(=O)[C@@H]1CC[C@@H](Cn2c(=O)[nH]c3ccc(OC4CCCCO4)cc32)CC1,COC(=O)[C@@H]1CC[C@@H](CNc2cc(OC3CCCCO3)ccc2N)CC1.O=C(n1ccnc1)n1ccnc1>>COC(=O)[C@@H]1CC[C@@H](Cn2c(=O)[nH]c3ccc(OC4CCCCO4)cc32)CC1.c1c[nH]cn1.c1c[nH]cn1,[],COC(=O)[C@@H]1CC[C@@H](CNc2cc(OC3CCCCO3)ccc2N)CC1.O=C(n1ccnc1)n1ccnc1>>COC(=O)[C@@H]1CC[C@@H](Cn2c(=O)[nH]c3ccc(OC4CCCCO4)cc32)CC1.c1c[nH]cn1.c1c[nH]cn1,True,True,balanced,
2080,['USPTO_unbalance_class_299'],['USPTO_unbalance_class'],CC(C)(C)OC(=O)N1CC[C@@H](CNc2ncc(N)c(NCc3cc(Br)ccc3Cl)n2)C1.O=C(n1ccnc1)n1ccnc1>>CC(C)(C)OC(=O)N1CC[C@@H](CNc2ncc3[nH]c(=O)n(Cc4cc(Br)ccc4Cl)c3n2)C1,CC(C)(C)OC(=O)N1CC[C@@H](CNc2ncc(N)c(NCc3cc(Br)ccc3Cl)n2)C1.O=C(n1ccnc1)n1ccnc1>>CC(C)(C)OC(=O)N1CC[C@@H](CNc2ncc3[nH]c(=O)n(Cc4cc(Br)ccc4Cl)c3n2)C1.c1c[nH]cn1.c1c[nH]cn1,[],CC(C)(C)OC(=O)N1CC[C@@H](CNc2ncc(N)c(NCc3cc(Br)ccc3Cl)n2)C1.O=C(n1ccnc1)n1ccnc1>>CC(C)(C)OC(=O)N1CC[C@@H](CNc2ncc3[nH]c(=O)n(Cc4cc(Br)ccc4Cl)c3n2)C1.c1cnc[nH]1,False,False,unbalanced,
4098,[],['golden_dataset'],[CH2:2]([CH2:3][C:4]([C:6]=1[CH:7]=[C:8]2[C:15]([N:13]([CH3:14])[C:10](=[N:9]2)[CH2:11][OH:12])=[CH:16][C:17]=1[O:18][CH3:19])=[O:5])[CH3:1].[OH2:20]>>[O:20]=[C:11]([OH:12])[C:10]=1[N:13]([CH3:14])[C:15]=2[C:8](=[CH:7][C:6](=[C:17]([O:18][CH3:19])[CH:16]=2)[C:4]([CH2:3][CH2:2][CH3:1])=[O:5])[N:9]=1,[OH2:20].[CH2:2]([CH2:3][C:4]([C:6]=1[CH:7]=[C:8]2[C:15]([N:13]([CH3:14])[C:10](=[N:9]2)[CH2:11][OH:12])=[CH:16][C:17]=1[O:18][CH3:19])=[O:5])[CH3:1]>>[O:20]=[C:11]([OH:12])[C:10]=1[N:13]([CH3:14])[C:15]=2[C:8](=[CH:7][C:6](=[C:17]([O:18][CH3:19])[CH:16]=2)[C:4]([CH2:3][CH2:2][CH3:1])=[O:5])[N:9]=1.[H][H].[H][H],[],[CH2:2]([CH2:3][C:4]([C:6]=1[CH:7]=[C:8]2[C:15]([N:13]([CH3:14])[C:10](=[N:9]2)[CH2:11][OH:12])=[CH:16][C:17]=1[O:18][CH3:19])=[O:5])[CH3:1].[OH2:20]>>[O:20]=[C:11]([OH:12])[C:10]=1[N:13]([CH3:14])[C:15]=2[C:8](=[CH:7][C:6](=[C:17]([O:18][CH3:19])[CH:16]=2)[C:4]([CH2:3][CH2:2][CH3:1])=[O:5])[N:9]=1.[H][H].[H][H],True,True,balanced,
4602,[],['golden_dataset'],[CH2:7]([CH2:8][OH:9])[CH3:6].[Cl:1][C:2]([Cl:3])([Cl:4])[Cl:5]>>[CH2:7]([CH3:6])[CH2:8][Cl:5].[Cl:1][CH:2]([Cl:3])[Cl:4],[Cl:1][C:2]([Cl:3])([Cl:4])[Cl:5].[CH2:7]([CH2:8][OH:9])[CH3:6].[H].[H]>>[Cl:1][CH:2]([Cl:3])[Cl:4].[CH2:7]([CH3:6])[CH2:8][Cl:5].[OH2:9],[],[CH2:7]([CH2:8][OH:9])[CH3:6].[Cl:1][C:2]([Cl:3])([Cl:4])[Cl:5]>>[CH2:7]([CH3:6])[CH2:8][Cl:5].[Cl:1][CH:2]([Cl:3])[Cl:4].[OH2:9],False,False,unbalanced,
4623,[],['golden_dataset'],[CH2:19]([CH3:20])[I:23].[CH:13]1=[C:12]([CH:17]=[CH:16][C:15](=[CH:14]1)[OH:18])[N:9]2[N:8]=[CH:7][C:6](=[C:10]2[CH3:11])[C:4]([O:3][CH2:1][CH3:2])=[O:5].[OH2:24].[H-:21].[Na+:22]>>[C:6]1(=[C:10]([N:9]([C:12]=2[CH:13]=[CH:14][C:15](=[CH:16][CH:17]=2)[O:18][CH2:19][CH3:20])[N:8]=[CH:7]1)[CH3:11])[C:4](=[O:5])[O:3][CH2:1][CH3:2],C(C)I.C1=C(C=CC(=C1)O)N2N=CC(=C2C)C(OCC)=O.O.[H-].[Na+]>>C1(=C(N(C=2C=CC(=CC=2)OCC)N=C1)C)C(=O)OCC.I.O.[H-].[Na+],[],[CH2:19]([CH3:20])[I:23].[CH:13]1=[C:12]([CH:17]=[CH:16][C:15](=[CH:14]1)[OH:18])[N:9]2[N:8]=[CH:7][C:6](=[C:10]2[CH3:11])[C:4]([O:3][CH2:1][CH3:2])=[O:5].[OH2:24].[H-:21].[Na+:22]>>[C:6]1(=[C:10]([N:9]([C:12]=2[CH:13]=[CH:14][C:15](=[CH:16][CH:17]=2)[O:18][CH2:19][CH3:20])[N:8]=[CH:7]1)[CH3:11])[C:4](=[O:5])[O:3][CH2:1][CH3:2].[Na+].[I-].[OH-],False,False,unbalanced,
4669,[],['golden_dataset'],[CH:17]1=[CH:18][C:13](=[CH:14][CH:15]=[N:16]1)[C:12]([NH:11][NH:10][CH3:9])=[O:20].[CH:5]=1[N:4]=[C:3]([C:1]#[N:2])[CH:8]=[CH:7][CH:6]=1.[Na:19]>>[N:4]=1[CH:5]=[CH:6][CH:7]=[CH:8][C:3]=1[C:1]=2[N:10]([N:11]=[C:12]([C:13]3=[CH:14][CH:15]=[N:16][CH:17]=[CH:18]3)[N:2]=2)[CH3:9],C1=CC(=CC=N1)C(NNC)=O.C=1N=C(C#N)C=CC=1.[Na]>>N=1C=CC=CC=1C=2N(N=C(C3=CC=NC=C3)N=2)C.O.[Na],[],[CH:17]1=[CH:18][C:13](=[CH:14][CH:15]=[N:16]1)[C:12]([NH:11][NH:10][CH3:9])=[O:20].[CH:5]=1[N:4]=[C:3]([C:1]#[N:2])[CH:8]=[CH:7][CH:6]=1.[Na:19]>>[N:4]=1[CH:5]=[CH:6][CH:7]=[CH:8][C:3]=1[C:1]=2[N:10]([N:11]=[C:12]([C:13]3=[CH:14][CH:15]=[N:16][CH:17]=[CH:18]3)[N:2]=2)[CH3:9].[Na+].[OH-],False,False,unbalanced,
4671,[],['golden_dataset'],[CH:6]1=[CH:5][N:4]=[C:3]([CH:8]=[N:7]1)[C:1]#[N:2].[NH:16]([C:15](=[O:19])[C:10]1=[N:9][CH:14]=[CH:13][N:12]=[CH:11]1)[NH2:17].[Na:18]>>[N:16]=1[N:17]=[C:1]([C:3]2=[N:4][CH:5]=[CH:6][N:7]=[CH:8]2)[NH:2][C:15]=1[C:10]3=[N:9][CH:14]=[CH:13][N:12]=[CH:11]3,C1=CN=C(C=N1)C#N.N(C(=O)C1=NC=CN=C1)N.[Na]>>N=1N=C(C2=NC=CN=C2)NC=1C3=NC=CN=C3.O.[Na],[],[CH:6]1=[CH:5][N:4]=[C:3]([CH:8]=[N:7]1)[C:1]#[N:2].[NH:16]([C:15](=[O:19])[C:10]1=[N:9][CH:14]=[CH:13][N:12]=[CH:11]1)[NH2:17].[Na:18]>>[N:16]=1[N:17]=[C:1]([C:3]2=[N:4][CH:5]=[CH:6][N:7]=[CH:8]2)[NH:2][C:15]=1[C:10]3=[N:9][CH:14]=[CH:13][N:12]=[CH:11]3.[Na+].[OH-],False,False,unbalanced,
4672,[],['golden_dataset'],[CH:31]([NH:32][NH2:33])=[O:36].[F:28][CH:27]([F:29])[O:26][C:25]1=[C:4]([O:3][CH:2]([F:1])[F:30])[CH:5]=[C:6]([CH:23]=[CH:24]1)[N:7]([CH2:8][C:9]=2[CH:10]=[N:11][CH:12]=[CH:13][CH:14]=2)[C:15]=3[CH:20]=[CH:19][CH:18]=[C:17]([C:21]#[N:22])[CH:16]=3.[H-:34].[Na+:35]>>[F:28][CH:27]([F:29])[O:26][C:25]=1[CH:24]=[CH:23][C:6]([N:7]([C:15]=2[CH:20]=[CH:19][CH:18]=[C:17]([C:21]3=[N:33][N:32]=[CH:31][NH:22]3)[CH:16]=2)[CH2:8][C:9]=4[CH:10]=[N:11][CH:12]=[CH:13][CH:14]=4)=[CH:5][C:4]=1[O:3][CH:2]([F:1])[F:30],C(NN)=O.FC(F)OC1=C(OC(F)F)C=C(C=C1)N(CC=2C=NC=CC=2)C=3C=CC=C(C#N)C=3.[H-].[Na+].N>>FC(F)OC=1C=CC(N(C=2C=CC=C(C3=NN=CN3)C=2)CC=4C=NC=CC=4)=CC=1OC(F)F.N.O.[H-].[Na+],[],[CH:31]([NH:32][NH2:33])=[O:36].[F:28][CH:27]([F:29])[O:26][C:25]1=[C:4]([O:3][CH:2]([F:1])[F:30])[CH:5]=[C:6]([CH:23]=[CH:24]1)[N:7]([CH2:8][C:9]=2[CH:10]=[N:11][CH:12]=[CH:13][CH:14]=2)[C:15]=3[CH:20]=[CH:19][CH:18]=[C:17]([C:21]#[N:22])[CH:16]=3.[H-:34].[Na+:35]>>[F:28][CH:27]([F:29])[O:26][C:25]=1[CH:24]=[CH:23][C:6]([N:7]([C:15]=2[CH:20]=[CH:19][CH:18]=[C:17]([C:21]3=[N:33][N:32]=[CH:31][NH:22]3)[CH:16]=2)[CH2:8][C:9]=4[CH:10]=[N:11][CH:12]=[CH:13][CH:14]=4)=[CH:5][C:4]=1[O:3][CH:2]([F:1])[F:30].[Na+].[OH-],False,False,unbalanced,
4782,[],['Jaworski'],[H][C@]1([C@@]2([C@@H]3OC(C)(O[C@@H]3C(N2OC)=O)C)[H])CCC(O1)=O>>[H][C@]1([C@@H](CCCO)O)NC[C@H]2OC(C)(O[C@@H]12)C.CO.O,[H][C@]1([C@@]2([C@@H]3OC(C)(O[C@@H]3C(N2OC)=O)C)[H])CCC(O1)=O.[HH].[HH].[HH].[HH].[HH]>>[H][C@]1([C@@H](CCCO)O)NC[C@H]2OC(C)(O[C@@H]12)C.CO.O,[],[H][C@]1([C@@]2([C@@H]3OC(C)(O[C@@H]3C(N2OC)=O)C)[H])CCC(O1)=O.[H][H].[H][H].[H][H].[H][H].[H][H]>>[H][C@]1([C@@H](CCCO)O)NC[C@H]2OC(C)(O[C@@H]12)C.CO.O,True,False,balanced,
4997,[],['Jaworski'],O=CC1=CC=CC=C1.C=CCBr>>O[C@@H](CC=C)C1=CC=CC=C1.[H]Br,O=CC1=CC=CC=C1.[H][H].C=CCBr>>O[C@@H](CC=C)C1=CC=CC=C1.[H]Br,[],O=CC1=CC=CC=C1.C=CCBr.[H][H]>>O[C@@H](CC=C)C1=CC=CC=C1.[H]Br,True,True,balanced,
5029,[],['Jaworski'],CC\C=C\C=C\[C@H](CCC(=O)NO)OCc1ccccc1>>[H][C@]12C=C[C@@H](CC)ON1C(=O)CC[C@@H]2OCC1=CC=CC=C1,CC\C=C\C=C\[C@H](CCC(=O)NO)OCc1ccccc1.[O]>>[H][C@]12C=C[C@@H](CC)ON1C(=O)CC[C@@H]2OCC1=CC=CC=C1.O,[],CC\C=C\C=C\[C@H](CCC(=O)NO)OCc1ccccc1>>[H][C@]12C=C[C@@H](CC)ON1C(=O)CC[C@@H]2OCC1=CC=CC=C1,False,False,unbalanced,
